id,fullText,retweetCount,replyCount,likeCount,quoteCount,viewCount,createdAt,isReply,bookmarkCount,inReplyToUsername,isRetweet,isQuote,possiblySensitive,quoted_text,quoted_author,quoted_author_followers,combined_text,tweet_type,engagement_rate,virality_ratio,conversation_ratio,hour_utc,day_of_week,is_us_market_hours,is_crypto_related,sentiment,sentiment_score,matched_keywords,crypto_tokens,event_type,has_market_signal,market_signal,stance_on_original,price_token,price_before_24h,price_before_1h,price_at_tweet,price_after_1h,price_after_24h,price_after_7d,volume_at_tweet,pct_change_1h,pct_change_24h,pct_change_7d
832986598627106816,"@zperrin99 Uses high pressure bleed off the fuel side (RP-1 kerosene) turbopump, so no dedicated pump or fluid needed",39.0,,485.0,,,2017-02-18 16:14:15+00:00,False,,zperrin99,False,False,False,,,,"@zperrin99 Uses high pressure bleed off the fuel side (RP-1 kerosene) turbopump, so no dedicated pump or fluid needed",original,,0.0804123711340206,,16,5,False,True,neutral,0.0,['pump'],[],none,False,none,,DOGE,0.0002012,0.0002014,0.0002014, in @notebooks/4_analysis_musk_crypto_impact.ipynb i did some analysis on the effect of musk's tweets on actual crypto price changes. For that I used the data available in @data/curated/musk_crypto_tweets_final.csv . What i missed in this analysis is time series oriented analysis. create a fifth notebook, and do possible intressting time series modeling, try granger test too. we focus on sentiment (or other tweet metrics available) and price changes,0.001001,0.0,1.787487586891761,-0.14895729890763665
1383177151541743621,🚀🖤💫 NASA Rules!! 💫🖤🚀,13350.0,6062.0,135461.0,,,2021-04-16 21:55:05+00:00,False,,,False,False,False,,,,🚀🖤💫 NASA Rules!! 💫🖤🚀,original,,0.0985523508611334,0.0447508877093776,21,4,False,True,positive,0.8,['🚀'],[],none,False,none,,DOGE,0.3659,0.2829,0.2829,Pay attention to the data available, since the data is mixed between elon's original tweets, his reposts/retweets/quotes. the price data i have gathered is local around each tweet (price week after the tweet, price before/after 24h and 1h). ,0.0,14.139271827500895,-4.383174266525263
1640412451643506702,@BillyM2k @waitbutwhy 📈📉,120.0,400.0,2392.0,9.0,232157.0,2023-03-27 17:56:20+00:00,True,15.0,BillyM2k,False,False,False,,,,@BillyM2k @waitbutwhy 📈📉,reply,0.0125820026964511,0.0501672240802675,0.1672240802675585,17,0,True,True,neutral,0.0,"['📉', '📈']",[],none,False,none,,DOGE,0.07291,0.07384,0.07384,0.07384,0.07559,0.09516,13673781.74,0.0,2.3699891657638155,28.87323943661971
1670234733949624320,"@ExplainThisBob This sure looks like a scam crypto account. If so, it will be suspended.",347.0,1371.0,3836.0,367.0,2238427.0,2023-06-18 00:59:26+00:00,True,109.0,ExplainThisBob,False,False,False,,,,"@ExplainThisBob This sure looks like a scam crypto account. If so, it will be suspended.",reply,0.0026451610885679,0.0904588112617309,0.3574035453597497,0,6,False,True,negative,-0.7,['crypto'],[],criticism,False,none,,DOGE,0.06217,0.0621,0.0621,0.0621,0.06241,0.06674,17392907.48,0.0,0.4991948470209304,7.471819645732674
1666080505908039680,@jack Doge ftw,2680.0,3340.0,20692.0,560.0,4045909.0,2023-06-06 13:52:01+00:00,True,163.0,jack,False,False,False,,,,@jack Doge ftw,reply,0.0067406360350665,0.129518654552484,0.161415039628842,13,1,False,True,positive,0.7,['doge'],"[""DOGE""]",endorsement,True,buy,,DOGE,0.07029,0.06731,0.06731,0.06731,0.06796,0.0604,14598705.09,0.0,0.9656811766453897,-10.265933739414638
1654185264372240385,@cb_doge Thanks for the 3 Doge!,669.0,866.0,9195.0,70.0,1440436.0,2023-05-04 18:04:34+00:00,True,30.0,cb_doge,False,False,False,,,,@cb_doge Thanks for the 3 Doge!,reply,0.0074977298540164,0.0727569331158238,0.0941816204458945,18,3,True,True,positive,0.6,['doge'],"[""DOGE""]",endorsement,False,none,,DOGE,0.07841,0.08033,0.08033,0.08033,0.07692,0.07238,23629136.87,0.0,-4.244989418648072,-9.896676210631144
1647101515327234050,@fchollet Imagine how this makes FOMO Capital (the VC firm) feel!,296.0,255.0,4642.0,34.0,789739.0,2023-04-15 04:56:17+00:00,True,21.0,fchollet,False,False,False,,,,@fchollet Imagine how this makes FOMO Capital (the VC firm) feel!,reply,0.0066186423615903,0.0637656182679879,0.0549332184403274,4,5,False,True,neutral,0.0,['fomo'],[],none,False,none,,DOGE,0.08873,0.08897,0.08897,0.08897,0.09048,0.08033,24187166.01,0.0,1.6972013038102858,-9.711138586040233
1646272562488569857,@cb_doge @dvorahfr I will pay a million Dogecoin for proof of this mine’s existence!,3708.0,4093.0,47880.0,487.0,6524413.0,2023-04-12 22:02:19+00:00,True,255.0,cb_doge,False,False,False,,,,@cb_doge @dvorahfr I will pay a million Dogecoin for proof of this mine’s existence!,reply,0.008608897076258,0.0774436090225564,0.085484544695071,22,2,False,True,positive,0.6,['dogecoin'],"[""DOGE""]",endorsement,False,none,,DOGE,0.0835,0.08741,0.08741,0.08741,0.08873,0.08391,54164377.88,0.0,1.5101246996911128,-4.004118521908253
1645271510561562625,"@iamharaldur What does a dyslexic, agnostic amnesiac who believes in crypto do?

Lies up all night thinking about Doge.",1312.0,1864.0,16302.0,211.0,3475667.0,2023-04-10 03:44:30+00:00,True,191.0,iamharaldur,False,False,False,,,,"@iamharaldur What does a dyslexic, agnostic amnesiac who believes in crypto do?

Lies up all night thinking about Doge.",reply,0.005664811962711,0.0804809225861857,0.1143417985523248,3,0,False,True,positive,0.6,"['doge', 'crypto']","[""DOGE""]",meme_joke,False,none,,DOGE,0.08325,0.08481,0.08481,0.08481,0.08416,0.09143,29216761.19,0.0,-0.766419054356795,7.805683292064616
1644944993499357184,"Starship is ready for launch 🚀

Awaiting regulatory approval",12098.0,9638.0,147604.0,1612.0,23242024.0,2023-04-09 06:07:02+00:00,False,499.0,,False,False,False,,,,"Starship is ready for launch 🚀

Awaiting regulatory approval",original,0.0073552974560219,0.0819625484404216,0.0652963334326983,6,6,False,True,neutral,0.0,['🚀'],[],none,False,none,,DOGE,0.08139,0.08325,0.08325,0.08325,0.08481,0.09048,21556041.62,0.0,1.873873873873864,8.684684684684685
1643873905113722880,Starship preparing for launch  🚀 https://t.co/M1pR8rsmYt,20414.0,11629.0,215626.0,2098.0,22202796.0,2023-04-06 07:10:55+00:00,False,1300.0,,False,False,False,,,,Starship preparing for launch  🚀 https://t.co/M1pR8rsmYt,original,0.0112493489558702,0.0946731841243634,0.0539313440865201,7,3,False,True,neutral,0.0,['🚀'],[],none,False,none,,DOGE,0.0927,0.08544,0.08544,0.08544,0.08229,0.08741,96721701.3,0.0,-3.686797752808989,2.305711610486891
1340590280848908288,One word: Doge,23434.0,10020.0,198155.0,6309.0,,2020-12-20 09:30:04+00:00,False,777.0,,False,False,False,,,,One word: Doge,original,,0.118260957331382,0.0505664757386894,9,6,False,True,positive,0.7,['doge'],"[""DOGE""]",endorsement,True,buy,,DOGE,0.00393,0.004613,0.004613,0.004613,0.00479,0.00454,3296192.96,0.0,3.836982440927814,-1.5824842835465023
1340588909974200321,Bitcoin is almost as bs as fiat money,9026.0,7118.0,121807.0,3378.0,,2020-12-20 09:24:37+00:00,False,938.0,,False,False,False,,,,Bitcoin is almost as bs as fiat money,original,,0.0741008316435016,0.0584367072499938,9,6,False,True,negative,-0.6,['bitcoin'],"[""BTC""]",market_commentary,False,none,,BTC,23844.72,23467.06,23467.06,23467.06,22727.13,26249.27,1014224949.67,0.0,-3.1530579459037487,11.855809803187954
1340573003579617280,Bitcoin is my safe word,16945.0,5821.0,207650.0,2999.0,,2020-12-20 08:21:25+00:00,False,616.0,,False,False,False,,,,Bitcoin is my safe word,original,,0.0816036600048158,0.0280327474115097,8,6,False,True,positive,0.6,['bitcoin'],"[""BTC""]",meme_joke,False,none,,BTC,23844.72,23467.06,23467.06,23467.06,22727.13,26249.27,1014224949.67,0.0,-3.1530579459037487,11.855809803187954
1328458535340949505,@Maisie_Williams 🎶 Toss a bitcoin to ur Witcher 🎶,2777.0,950.0,57452.0,701.0,,2020-11-16 22:02:51+00:00,True,155.0,Maisie_Williams,False,False,False,,,,@Maisie_Williams 🎶 Toss a bitcoin to ur Witcher 🎶,reply,,0.0483360022279468,0.0165355427139177,22,0,False,True,positive,0.4,['bitcoin'],"[""BTC""]",meme_joke,False,none,,BTC,16721.46,17681.54,17681.54,17681.54,17786.27,19157.16,1072294334.69,0.0,0.5923126605487958,8.345540037802131
1327494369553760256,@bluemoondance74 @StephenKing Cold symptoms are gone for now 😀🚀💫,53.0,165.0,1886.0,18.0,,2020-11-14 06:11:36+00:00,True,2.0,bluemoondance74,False,False,False,,,,@bluemoondance74 @StephenKing Cold symptoms are gone for now 😀🚀💫,reply,,0.028101802757158,0.0874867444326617,6,5,False,True,positive,0.6,['🚀'],[],none,False,none,,DOGE,0.002897,0.002702,0.002702,0.002702,0.002759,0.003561,35743.92,0.0,2.1095484826054847,31.791265729089563
1322334997282394112,"@TOCNewYorkState True. Also, fewer heart attacks, as way easier to pump blood in 37% gravity.",54.0,98.0,1240.0,8.0,,2020-10-31 00:30:05+00:00,True,7.0,TOCNYS,False,False,False,,,,"@TOCNewYorkState True. Also, fewer heart attacks, as way easier to pump blood in 37% gravity.",reply,,0.0435483870967741,0.0790322580645161,0,5,False,True,neutral,0.0,['pump'],[],none,False,none,,DOGE,0.002598,0.002603,0.002603,0.002603,0.002579,0.002679,35233.68,0.0,-0.9220130618516987,2.9197080291970847
1311748941097185281,@somi_teslagirl @Model3Owners @FutureJurvetson @CFS_energy @CUP_Plasma @MIT The new heat pump in Model Y is what really makes the difference in cold weather,63.0,108.0,1532.0,6.0,,2020-10-01 19:24:53+00:00,True,1.0,somi_teslagirl,False,False,False,,,,@somi_teslagirl @Model3Owners @FutureJurvetson @CFS_energy @CUP_Plasma @MIT The new heat pump in Model Y is what really makes the difference in cold weather,reply,,0.0411227154046997,0.0704960835509138,19,3,True,True,neutral,0.0,['pump'],[],none,False,none,,DOGE,0.002619,0.002588,0.002588,0.002588,0.002599,0.002602,87717.13,0.0,0.42503863987635854,0.5409582689335442
1300098773348241408,"@ruskin147 It is unfortunately common for many in academia to overweight the value of ideas &amp; underweight bringing them to fruition. For example, the idea of going to the moon is trivial, but going to the moon is hard.",1299.0,533.0,15546.0,196.0,,2020-08-30 15:51:16+00:00,True,179.0,ruskin147,False,False,False,,,,"@ruskin147 It is unfortunately common for many in academia to overweight the value of ideas &amp; underweight bringing them to fruition. For example, the idea of going to the moon is trivial, but going to the moon is hard.",reply,,0.0835584716325743,0.0342853467129808,15,6,False,True,neutral,0.0,['to the moon'],[],none,False,none,,DOGE,0.003308,0.003286,0.003286,0.003286,0.003306,0.0028,75456.05,0.0,0.6086427267194173,-14.790018259281798
1295907719317204992,"@Erdayastronaut @C_Bass3d @NASASpaceflight @FelixSchlang It’s counter-intuitive, but Raptor has so much thrust at high Isp with liquid (high density) propellant &amp; pump-fed (light tanks), that it beats hot gas for the flip. That said, hot gas beats the heck out of N2 for orbital manuevers &amp; stabilizing ship if landing in high winds!",117.0,85.0,2587.0,14.0,,2020-08-19 02:17:31+00:00,True,16.0,Erdayastronaut,False,False,False,,,,"@Erdayastronaut @C_Bass3d @NASASpaceflight @FelixSchlang It’s counter-intuitive, but Raptor has so much thrust at high Isp with liquid (high density) propellant &amp; pump-fed (light tanks), that it beats hot gas for the flip. That said, hot gas beats the heck out of N2 for orbital manuevers &amp; stabilizing ship if landing in high winds!",reply,,0.0452261306532663,0.0328565906455353,2,2,False,True,neutral,0.0,['pump'],[],none,False,none,,DOGE,0.003506,0.003397,0.003397,0.003397,0.003492,0.00328,221488.47,0.0,2.7965852222549317,-3.4442154842508073
1668697894944161792,@MartinViecha Yup 📈,99.0,203.0,2260.0,22.0,390468.0,2023-06-13 19:12:35+00:00,True,12.0,MartinViecha,False,False,False,,,,@MartinViecha Yup 📈,reply,0.0066176997858979,0.0438053097345132,0.0898230088495575,19,1,True,True,positive,0.6,['📈'],[],none,False,none,,DOGE,0.06174,0.0604,0.0604,0.0604,0.06148,0.06561,19285691.25,0.0,1.7880794701986713,8.625827814569535
1215526980449255424,Bitcoin is *not* my safe word,7386.0,2386.0,102385.0,786.0,,2020-01-10 06:53:10+00:00,False,217.0,,False,False,False,,,,Bitcoin is *not* my safe word,original,,0.0721394735556966,0.0233041949504321,6,4,False,True,neutral,0.0,['bitcoin'],"[""BTC""]",meme_joke,False,none,,BTC,7817.35,8190.31,8190.31,8190.31,8024.58,8894.83,441131626.25,0.0,-2.023488732416727,8.601872212407095
1212264717617639424,Congratulations Tesla &amp; SpaceX on great 2019! You rock!! Looking forward to epic 2020 ♥️🚀🛰🚘☀️,6228.0,1688.0,135660.0,313.0,,2020-01-01 06:50:06+00:00,False,73.0,,False,False,False,,,,Congratulations Tesla &amp; SpaceX on great 2019! You rock!! Looking forward to epic 2020 ♥️🚀🛰🚘☀️,original,,0.0459088898717381,0.0124428718855963,6,2,False,True,positive,0.8,['🚀'],[],none,False,none,,DOGE,0.00207,0.002124,0.002124,0.002124,0.002089,0.002188,19449.95,0.0,-1.647834274952913,3.013182674199615
1573144936756965376,Starlink connecting schools in the Amazon,11012.0,10034.0,119095.0,1110.0,,2022-09-23 02:59:15+00:00,False,370.0,,False,True,False,"Escola conectada com STARLINK na Região Amazônica! 🇧🇷
Governo de entregas e resultado 🚀👊 @elonmusk https://t.co/Hvv6UCKRQh",fabiofaria,921126.0,"[Quoting @fabiofaria]: Escola conectada com STARLINK na Região Amazônica! 🇧🇷
Governo de entregas e resultado 🚀👊 @elonmusk https://t.co/Hvv6UCKRQh
[Musk]: Starlink connecting schools in the Amazon",quote,,0.0924639993282673,0.0842520676770645,2,4,False,True,neutral,0.0,['🚀'],[],none,False,none,amplifying,DOGE,0.0596,0.06335,0.06335,0.06335,0.0631,0.06167,48408089.25,0.0,-0.39463299131807456,-2.65193370165746
1569824256388923393,But u have to pay in Doge,2536.0,2790.0,37256.0,334.0,,2022-09-13 23:04:03+00:00,True,51.0,elonmusk,False,False,False,,,,But u have to pay in Doge,reply,,0.0680695726862787,0.0748872664805668,23,1,False,True,positive,0.6,['doge'],"[""DOGE""]",payment_adoption,True,buy,,DOGE,0.05966,0.06116,0.06116,0.06116,0.05863,0.05718,26496317.6,0.0,-4.13669064748201,-6.507521255722691
1564033992243945474,Godspeed Artemis!,3827.0,2683.0,46415.0,237.0,,2022-08-28 23:35:36+00:00,False,126.0,,False,True,False,"🚀One rocket. One mission. Many ways to watch #Artemis I launch to the Moon.

See the thread for simulcasts, including how to watch in 4K. Pick your favorite, set a reminder, and spread the word.

The two-hour launch window opens at 8:33am EDT on Aug. 29. https://t.co/D9RaNE9Gfq",NASA,85399472.0,"[Quoting @NASA]: 🚀One rocket. One mission. Many ways to watch #Artemis I launch to the Moon.

See the thread for simulcasts, including how to watch in 4K. Pick your favorite, set a reminder, and spread the word.

The two-hour launch window opens at 8:33am EDT on Aug. 29. https://t.co/D9RaNE9Gfq
[Musk]: Godspeed Artemis!",quote,,0.0824517936012065,0.0578045890337175,23,6,False,True,neutral,0.0,"['to the moon', '🚀']",[],none,False,none,agrees,DOGE,0.0618,0.06386,0.06386,0.06386,0.06153,0.06274,18227997.93,0.0,-3.6486063263388644,-1.7538365173817665
1553871275751362560,"If our reality is actually an alien soap opera, our ratings would be 🚀💥💫",9134.0,9438.0,136068.0,1069.0,,2022-07-31 22:32:36+00:00,False,359.0,,False,False,False,,,,"If our reality is actually an alien soap opera, our ratings would be 🚀💥💫",original,,0.0671282006055795,0.069362377634712,22,6,False,True,neutral,0.0,['🚀'],[],none,False,none,,DOGE,0.06811,0.06848,0.06848,0.06848,0.06653,0.07013,35499538.31,0.0,-2.847546728971953,2.409462616822428
1549963955719704577,@dogecoin Upgrades!,1694.0,1517.0,21690.0,152.0,,2022-07-21 03:46:18+00:00,True,49.0,dogecoin,False,False,False,,,,@dogecoin Upgrades!,reply,,0.0781005071461503,0.0699400645458736,3,3,False,True,positive,0.7,['dogecoin'],"[""DOGE""]",product_launch,True,buy,,DOGE,0.07015,0.07,0.07,0.07,0.06746,0.06913,36507099.23,0.0,-3.628571428571429,-1.2428571428571564
1544743525585141761,@mishaboar @boringcompany Supporting Doge wherever possible,1788.0,1027.0,9473.0,259.0,,2022-07-06 18:02:11+00:00,True,29.0,mishaboar,False,False,False,,,,@mishaboar @boringcompany Supporting Doge wherever possible,reply,,0.1887469650585875,0.1084133854111685,18,2,True,True,positive,0.7,['doge'],"[""DOGE""]",endorsement,True,buy,,DOGE,0.06838,0.07056,0.07056,0.07056,0.06907,0.06242,32639561.5,0.0,-2.1116780045351353,-11.536281179138316
166336380820144128,The sheer size of Falcon Heavy is mind-blowing. It could literally send a fully loaded London bus to the moon.,81.0,22.0,29.0,3.0,,2012-02-06 01:44:18+00:00,False,2.0,,False,False,False,,,,The sheer size of Falcon Heavy is mind-blowing. It could literally send a fully loaded London bus to the moon.,original,,2.793103448275862,0.7586206896551724,1,0,False,True,neutral,0.0,['to the moon'],[],none,False,none,,DOGE,,,,,,,,,,
1880285306353754575,Major and immediate action is needed to prevent America from going bankrupt,20888.0,10449.0,119739.0,1132.0,48010184.0,2025-01-17 16:05:25+00:00,False,2314.0,,False,True,False,"The last time a comprehensive review of the federal government was completed in 1984, the budget was $848 billion, national debt was $1.6 trillion & debt to GDP ratio was 38%. The budget is now $7 trillion, the national debt is $35.3 trillion & the debt to GDP ratio is 121.6%. 

Source: https://t.co/7Z13hbdQBX",DOGE,4254903.0,"[Quoting @DOGE]: The last time a comprehensive review of the federal government was completed in 1984, the budget was $848 billion, national debt was $1.6 trillion & debt to GDP ratio was 38%. The budget is now $7 trillion, the national debt is $35.3 trillion & the debt to GDP ratio is 121.6%. 

Source: https://t.co/7Z13hbdQBX
[Musk]: Major and immediate action is needed to prevent America from going bankrupt",quote,0.0031703273622113,0.1744460869056865,0.0872648009420489,16,4,True,True,neutral,0.0,['doge'],"[""DOGE""]",regulatory,False,none,agrees,DOGE,0.4155,0.396,0.396,0.396,0.358,0.3535,433062775.99,0.0,-9.595959595959604,-10.732323232323242
1880137479128510967,Now @DOGE will do this with government https://t.co/Y6mawoKOx4,18111.0,8140.0,229731.0,1193.0,59807942.0,2025-01-17 06:18:00+00:00,False,6118.0,,False,False,False,,,,Now @DOGE will do this with government https://t.co/Y6mawoKOx4,original,0.0043000142021272,0.0788356817321127,0.0354327452542321,6,4,False,True,positive,0.7,['doge'],"[""DOGE""]",partnership,True,buy,,DOGE,0.3765,0.4155,0.4155,0.4155,0.396,0.3508,381660776.36,0.0,-4.693140794223818,-15.571600481347769
1880063684837535879,Thanks 🚀✨,3508.0,1819.0,39200.0,66.0,16153900.0,2025-01-17 01:24:47+00:00,False,381.0,,False,True,False,"Congrats to @SpaceX on Starship’s seventh test flight and the second successful booster catch.

Spaceflight is not easy. It’s anything but routine. That’s why these tests are so important—each one bringing us closer on our path to the Moon and onward to Mars through #Artemis.",SenBillNelson,396262.0,"[Quoting @SenBillNelson]: Congrats to @SpaceX on Starship’s seventh test flight and the second successful booster catch.

Spaceflight is not easy. It’s anything but routine. That’s why these tests are so important—each one bringing us closer on our path to the Moon and onward to Mars through #Artemis.
[Musk]: Thanks 🚀✨",quote,0.0027605098459195,0.0894897959183673,0.0464030612244898,1,4,False,True,positive,0.7,"['to the moon', '🚀']",[],none,False,none,agrees,DOGE,0.3765,0.4155,0.4155,0.4155,0.396,0.3508,381660776.36,0.0,-4.693140794223818,-15.571600481347769
1880063488489668867,"Maybe she clicked on the “send me 1 btc, I send you 2btc” email 😂",12495.0,6621.0,126346.0,1007.0,53011688.0,2025-01-17 01:24:00+00:00,False,2669.0,,False,True,False,"BREAKING: Chinese hackers accessed Yellen's computer in US Treasury breach, per Bloomberg.",unusual_whales,2093802.0,"[Quoting @unusual_whales]: BREAKING: Chinese hackers accessed Yellen's computer in US Treasury breach, per Bloomberg.
[Musk]: Maybe she clicked on the “send me 1 btc, I send you 2btc” email 😂",quote,0.0027629567275805,0.0988950975891599,0.0524037167777373,1,4,False,True,neutral,0.0,['btc'],"[""BTC""]",meme_joke,False,none,mocking,BTC,99979.43,104111.13,104111.13,104111.13,104431.52,104854.78,5613810480.0,0.0,0.3077384713814934,0.7142848223816168
1880041663546249251,Improved versions of the ship &amp; booster already waiting for launch 🚀,6604.0,4295.0,103447.0,507.0,35262103.0,2025-01-16 23:57:16+00:00,False,1369.0,,False,False,False,,,,Improved versions of the ship &amp; booster already waiting for launch 🚀,original,0.0032571228097201,0.0638394540199329,0.0415188453990932,23,3,False,True,neutral,0.0,['🚀'],[],none,False,none,,DOGE,0.3765,0.4155,0.4155,0.4155,0.396,0.3508,381660776.36,0.0,-4.693140794223818,-15.571600481347769
1880025214463144071,"We caught the rocket!! 🚀 
 https://t.co/gVv34W9l2n https://t.co/o0vA3XXi8L",9963.0,5087.0,133555.0,664.0,34865550.0,2025-01-16 22:51:54+00:00,False,1767.0,,False,False,False,,,,"We caught the rocket!! 🚀 
 https://t.co/gVv34W9l2n https://t.co/o0vA3XXi8L",original,0.0042812747827009,0.0745984800269551,0.0380891767436636,22,3,False,True,positive,0.6,['🚀'],[],none,False,none,,DOGE,0.3765,0.4155,0.4155,0.4155,0.396,0.3508,381660776.36,0.0,-4.693140794223818,-15.571600481347769
1879945057891152310,Earth sure owes Earth a lot of money 😂,8974.0,10133.0,62505.0,1048.0,17035261.0,2025-01-16 17:33:24+00:00,False,3762.0,,False,True,False,"🚨 GLOBAL DEBT SKYROCKETS TO $315 TRILLION

The world’s debt hit a jaw-dropping $315.1 trillion in early 2024, climbing $1.3 trillion in three months! 

Debt now equals 333% of global GDP.

The U.S. and Japan led the borrowing frenzy in advanced economies, while China, India, and Mexico carried the torch for emerging markets. 

Since the pandemic, global debt has ballooned by $54.1 trillion, up 21%.

Non-financial companies owe $94.1 trillion, governments $91.4 trillion, financial institutions $70.4 trillion, and households $59.1 trillion.

In the U.S., debt servicing costs now outpace defense spending, and guess what, there’s no plan to fix it (Maybe DOGE will step up to the plate?). 

Meanwhile, emerging markets face rising risks with $105 trillion in debt and sluggish recovery from 2019.

Source:visualcapitalist - Aug 2024",MarioNawfal,2054211.0,"[Quoting @MarioNawfal]: 🚨 GLOBAL DEBT SKYROCKETS TO $315 TRILLION

The world’s debt hit a jaw-dropping $315.1 trillion in early 2024, climbing $1.3 trillion in three months! 

Debt now equals 333% of global GDP.

The U.S. and Japan led the borrowing frenzy in advanced economies, while China, India, and Mexico carried the torch for emerging markets. 

Since the pandemic, global debt has ballooned by $54.1 trillion, up 21%.

Non-financial companies owe $94.1 trillion, governments $91.4 trillion, financial institutions $70.4 trillion, and households $59.1 trillion.

In the U.S., debt servicing costs now outpace defense spending, and guess what, there’s no plan to fix it (Maybe DOGE will step up to the plate?). 

Meanwhile, emerging markets face rising risks with $105 trillion in debt and sluggish recovery from 2019.

Source:visualcapitalist - Aug 2024
[Musk]: Earth sure owes Earth a lot of money 😂",quote,0.0048522884386684,0.1435725141988641,0.1621150307975362,17,3,True,True,neutral,0.0,['doge'],"[""DOGE""]",meme_joke,False,none,mocking,DOGE,0.3765,0.4155,0.4155,0.4155,0.396,0.3508,381660776.36,0.0,-4.693140794223818,-15.571600481347769
1879923008003059852,@amuse @VivekGRamaswamy Helping drive @DOGE from the Senate side would be very helpful,135.0,147.0,1234.0,16.0,64798.0,2025-01-16 16:05:47+00:00,True,34.0,amuse,False,False,False,,,,@amuse @VivekGRamaswamy Helping drive @DOGE from the Senate side would be very helpful,reply,0.0236427050217599,0.1094003241491086,0.1191247974068071,16,3,True,True,positive,0.6,['doge'],"[""DOGE""]",endorsement,False,none,,DOGE,0.3765,0.4155,0.4155,0.4155,0.396,0.3508,381660776.36,0.0,-4.693140794223818,-15.571600481347769
1879525680679121166,"Thank you, glad to be of service! 🇺🇸🇺🇸",5949.0,2129.0,45534.0,150.0,7825071.0,2025-01-15 13:46:56+00:00,False,522.0,,False,True,False,"Liftoff, Blue Ghost!

Congrats to @Firefly_Space &amp; @SpaceX on a successful launch. As part of NASA's Commercial Lunar Payload Services initiative, it will deliver 10 NASA instruments to the Moon—preparing us for future human missions to the lunar surface. https://t.co/vRcXYyz5jL",SenBillNelson,396264.0,"[Quoting @SenBillNelson]: Liftoff, Blue Ghost!

Congrats to @Firefly_Space &amp; @SpaceX on a successful launch. As part of NASA's Commercial Lunar Payload Services initiative, it will deliver 10 NASA instruments to the Moon—preparing us for future human missions to the lunar surface. https://t.co/vRcXYyz5jL
[Musk]: Thank you, glad to be of service! 🇺🇸🇺🇸",quote,0.0068704807918036,0.1306496244564501,0.0467562700399701,13,2,False,True,neutral,0.0,['to the moon'],[],none,False,none,agrees,DOGE,0.3853,0.3765,0.3765,0.3765,0.4155,0.3522,277548243.73,0.0,10.358565737051787,-6.454183266932267
1879420137809543272,America has indeed had enough,10170.0,2296.0,54549.0,220.0,10302542.0,2025-01-15 06:47:33+00:00,False,897.0,,False,True,False,"🇺🇸 DEI SUPPORT PLUMMETS AS WORKERS SAY ""ENOUGH""

American workers are increasingly skeptical of DEI initiatives, with 42% of Republicans now calling them ""bad"" for business, up from 30% last year. 

Looks like those mandatory unconscious bias trainings aren't winning any popularity contests.

Even among Democrats, enthusiasm is waning as 19% of workers say companies waste too much time on diversity programs. 

With 47% of white workers feeling left behind and @DOGE  heading to DC, corporate America might soon discover that the best diversity is in the talent pool, not the HR manual.

Source: Pew",MarioNawfal,2054215.0,"[Quoting @MarioNawfal]: 🇺🇸 DEI SUPPORT PLUMMETS AS WORKERS SAY ""ENOUGH""

American workers are increasingly skeptical of DEI initiatives, with 42% of Republicans now calling them ""bad"" for business, up from 30% last year. 

Looks like those mandatory unconscious bias trainings aren't winning any popularity contests.

Even among Democrats, enthusiasm is waning as 19% of workers say companies waste too much time on diversity programs. 

With 47% of white workers feeling left behind and @DOGE  heading to DC, corporate America might soon discover that the best diversity is in the talent pool, not the HR manual.

Source: Pew
[Musk]: America has indeed had enough",quote,0.006526059296822,0.1864378815377,0.0420905974444994,6,2,False,True,neutral,0.0,['doge'],"[""DOGE""]",none,False,none,agrees,DOGE,0.3558,0.3853,0.3853,0.3853,0.3765,0.3625,254620126.4,0.0,-2.283934596418369,-5.917466908902151
1879419570286653662,"🚀 🚀🚀🚀🚀

Btw, the @xAI team is still grinding hard, even at this hour.",2748.0,2078.0,30802.0,129.0,12253957.0,2025-01-15 06:45:18+00:00,False,605.0,,False,True,False,"The new Grok app is so fast and smooth. At this rate of shipping and quality, the @xai team will leapfrog everyone.",amasad,313464.0,"[Quoting @amasad]: The new Grok app is so fast and smooth. At this rate of shipping and quality, the @xai team will leapfrog everyone.
[Musk]: 🚀 🚀🚀🚀🚀

Btw, the @xAI team is still grinding hard, even at this hour.",quote,0.0029179962031856,0.0892149860398675,0.0674631517433932,6,2,False,True,positive,0.8,['🚀'],[],endorsement,False,none,agrees,DOGE,0.3558,0.3853,0.3853,0.3853,0.3765,0.3625,254620126.4,0.0,-2.283934596418369,-5.917466908902151
1878957227647910348,Slow strangulation by overregulation,13475.0,3522.0,79740.0,339.0,40030116.0,2025-01-14 00:08:07+00:00,False,1057.0,,False,True,False,"Federal regulations cost Americans $1.9 trillion each year. 

If this regulatory cost was a country, it alone would be the 12th largest economy in the world.

Sources:
https://t.co/kQAujc1wCj

https://t.co/SZniIs31N0",DOGE,4254939.0,"[Quoting @DOGE]: Federal regulations cost Americans $1.9 trillion each year. 

If this regulatory cost was a country, it alone would be the 12th largest economy in the world.

Sources:
https://t.co/kQAujc1wCj

https://t.co/SZniIs31N0
[Musk]: Slow strangulation by overregulation",quote,0.0024250741616636,0.1689867067970905,0.0441685477802859,0,1,False,True,negative,-0.7,['doge'],"[""DOGE""]",regulatory,False,none,agrees,DOGE,0.338,0.3558,0.3558,0.3558,0.3853,0.372,186279618.24,0.0,8.29117481731309,4.553119730185495
1878889814898172216,"Just wanted to express appreciation for President @realDonaldTrump and so many people, both inside &amp; outside of government, supporting @DOGE. 

I am confident that the American people will be happy with the outcome.",38998.0,15722.0,352030.0,1824.0,49693304.0,2025-01-13 19:40:14+00:00,False,3971.0,,False,False,False,,,,"Just wanted to express appreciation for President @realDonaldTrump and so many people, both inside &amp; outside of government, supporting @DOGE. 

I am confident that the American people will be happy with the outcome.",original,0.0082219125538523,0.1107803312217708,0.0446609663949095,19,0,True,True,positive,0.8,['doge'],"[""DOGE""]",endorsement,False,none,,DOGE,0.338,0.3558,0.3558,0.3558,0.3853,0.372,186279618.24,0.0,8.29117481731309,4.553119730185495
1877598445755666701,America and Europe are suffering strangulation by overregulation,8083.0,3522.0,37490.0,206.0,6065712.0,2025-01-10 06:08:48+00:00,False,841.0,,False,True,False,"🚨🇺🇸 BIDEN'S RED TAPE WOULD BE WORLD'S 10TH LARGEST ECONOMY

Data shows Biden added $1.69T in regulatory costs through 992 new rules - crushing Trump's cost-cutting record of -$100B. 

The paperwork alone jumped from 199M hours under Trump to 312M hours.

Fun fact: If U.S. regulation was a country, it would rank behind only Canada, outperforming most G20 nations. Your tax dollars at work!

Source: House Oversight Committee Report @DOGE",MarioNawfal,2054213.0,"[Quoting @MarioNawfal]: 🚨🇺🇸 BIDEN'S RED TAPE WOULD BE WORLD'S 10TH LARGEST ECONOMY

Data shows Biden added $1.69T in regulatory costs through 992 new rules - crushing Trump's cost-cutting record of -$100B. 

The paperwork alone jumped from 199M hours under Trump to 312M hours.

Fun fact: If U.S. regulation was a country, it would rank behind only Canada, outperforming most G20 nations. Your tax dollars at work!

Source: House Oversight Committee Report @DOGE
[Musk]: America and Europe are suffering strangulation by overregulation",quote,0.0081278174763325,0.2156041611096292,0.0939450520138703,6,4,False,True,neutral,0.0,['doge'],"[""DOGE""]",regulatory,False,none,agrees,DOGE,0.321,0.3338,0.3338,0.3338,0.341,0.4155,165479864.12,0.0,2.156980227681258,24.475733972438583
1876567714594169283,"@garrytan If dollar inflation is solved, the price in dollars to buy cryptocurrency will actually drop, other things being equal. 

What matters is the ratio of dollars to crypto.",142.0,181.0,1131.0,50.0,114118.0,2025-01-07 09:53:02+00:00,True,168.0,garrytan,False,False,False,,,,"@garrytan If dollar inflation is solved, the price in dollars to buy cryptocurrency will actually drop, other things being equal. 

What matters is the ratio of dollars to crypto.",reply,0.0131793406824514,0.125552608311229,0.1600353669319186,9,1,False,True,neutral,0.0,"['cryptocurrency', 'crypto']",[],market_commentary,False,none,,DOGE,0.388,0.348,0.348,0.348,0.3422,0.3558,253883930.44,0.0,-1.6666666666666587,2.2413793103448363
1876517307025174910,"@teslaownersSV @DOGE Haha, make him say “DOGE” again 🤣🤣",220.0,316.0,2188.0,21.0,117664.0,2025-01-07 06:32:44+00:00,True,55.0,teslaownersSV,False,False,False,,,,"@teslaownersSV @DOGE Haha, make him say “DOGE” again 🤣🤣",reply,0.023329140603753,0.1005484460694698,0.1444241316270566,6,1,False,True,positive,0.7,['doge'],"[""DOGE""]",meme_joke,False,none,,DOGE,0.388,0.348,0.348,0.348,0.3422,0.3558,253883930.44,0.0,-1.6666666666666587,2.2413793103448363
1876301218097901709,2025 is looking good 🔥 🚀 😎,37344.0,12209.0,290249.0,1312.0,63869191.0,2025-01-06 16:14:05+00:00,False,3130.0,,False,True,False,"Trump won.

Trudeau resigned.

Keir Starmer got exposed.

Nayib Bukele cut crime by 95% in El Salvador.

Javier Milei created the first surplus since 2008 in Argentina.

Masculinity is back.

Great men are ascendant.

And just in time.

We’re going to need them.",thatsKAIZEN,249197.0,"[Quoting @thatsKAIZEN]: Trump won.

Trudeau resigned.

Keir Starmer got exposed.

Nayib Bukele cut crime by 95% in El Salvador.

Javier Milei created the first surplus since 2008 in Argentina.

Masculinity is back.

Great men are ascendant.

And just in time.

We’re going to need them.
[Musk]: 2025 is looking good 🔥 🚀 😎",quote,0.0053408223066423,0.1286619419877415,0.0420638830797005,16,0,True,True,positive,0.7,['🚀'],[],none,False,none,agrees,DOGE,0.388,0.348,0.348,0.348,0.3422,0.3558,253883930.44,0.0,-1.6666666666666587,2.2413793103448363
1876153955505647744,99 agencies is more than enough,13093.0,5593.0,71348.0,590.0,8744546.0,2025-01-06 06:28:54+00:00,False,907.0,,False,True,False,"""There are around 428 federal agencies. There's so many that people have never even heard of. I think we should be able to get away with 99 agencies.""

Elon Musk

@DOGE will make the government agencies more efficient in every way
 https://t.co/Th2VxIzglO",teslaownersSV,1107851.0,"[Quoting @teslaownersSV]: ""There are around 428 federal agencies. There's so many that people have never even heard of. I think we should be able to get away with 99 agencies.""

Elon Musk

@DOGE will make the government agencies more efficient in every way
 https://t.co/Th2VxIzglO
[Musk]: 99 agencies is more than enough",quote,0.0103634882817244,0.1835089981499131,0.0783904243987217,6,0,False,True,positive,0.7,['doge'],"[""DOGE""]",endorsement,True,buy,agrees,DOGE,0.3822,0.388,0.388,0.388,0.348,0.338,120108994.22,0.0,-10.309278350515473,-12.886597938144325
1875943070598058025,@altcap @SpeakerJohnson @DOGE True,47.0,56.0,663.0,4.0,67058.0,2025-01-05 16:30:56+00:00,True,5.0,altcap,False,False,False,,,,@altcap @SpeakerJohnson @DOGE True,reply,0.0114825971547019,0.0708898944193061,0.0844645550527903,16,6,False,True,positive,0.7,['doge'],"[""DOGE""]",endorsement,False,none,,DOGE,0.3822,0.388,0.388,0.388,0.348,0.338,120108994.22,0.0,-10.309278350515473,-12.886597938144325
1875923763549839452,"The more you investigate, the worse it gets. Beyond what you think is possible.",48853.0,7896.0,195564.0,1500.0,33667476.0,2025-01-05 15:14:12+00:00,False,6103.0,,False,True,False,"I feel like many people still don’t quite understand the level of depravity inflicted on those little girls — or just how young they were.

Think of your sister, daughter, or granddaughter as a child. Picture them. Think of how young and vulnerable they were.

Lucy Lowe was 14.
Vicky Round was 12.
Becky Watson was 11.
Charlene Downes was 11 or 12.
Sammy Woodhouse was 14.
Victoria Agoglia was 13.
Sarah Wilson was 11.
And there are countless more.

They were children. Many barely out of primary school, so young and in no way responsible for the atrocities committed against them. 

Think about what gangs of Pakistani-Muslim men put those little girls through. Now imagine it was your sister, daughter or granddaughter.

Pakistani-Muslim grooming gangs plied them with alcohol and drugs, they raped them in graveyards, they put them into the back of taxis and drove them to be gang-raped by 20+ of their friends, they dismembered them and sold them as kebab meat, they inserted a pump into their anal cavity and had multiple men sodomise them at once, they raped them on filthy mattresses above takeaway shops, they forced panties down their throat to muffle the screams, they threatened to murder them if they told anyone, they brutally beat them, they killed them and torched their houses with their family inside, they picked them up from local authority care homes to be raped, they forced them to take crack cocaine and heroin, they convinced them they loved them so they could abuse them, they killed their unborn children, they targeted the most vulnerable and marginalised, they told them no one would believe them, they forced them to get abortions, they passed them round like a piece of meat, they threatened to kill their families, they gaslit and manipulated them.

And that is just a fraction of the abuse inflicted by Pakistani-Muslim grooming gangs in Telford, Rochdale, Rotherham, Oldham and elsewhere. That is just a tiny percentage of the horror that thousands of little girls faced at the hands of their abusers.

Now think about the people that were meant to protect them. Who comes to mind? Police, local councils, social services, sexual health clinics, schools, care homes.

But they didn’t.

Those in positions of power turned a blind eye for decades while little girls were being raped, tortured, and murdered.

They branded them “white slags”, “child prostitutes”, and “paki shaggers”. They walked in on victims naked and drugged with 20+ adult men and only arrested the child, they arrested girls for prostitution and handed them back to the same men that were exploiting them, they added the victims to dockets as co-defendants in their own abuse, they downplayed the scale of abuse, they refused to investigate reports, they paid for the taxi rides the girls got raped during, they silenced whistleblowers (like @MaggieOliverUK), they blamed the girls for their own abuse, they tried to block inquiries, and more.

Imagine all of this happened to your sister. Or your daughter. Or your granddaughter.

Now think again about how young they were, how vulnerable, how innocent.

And understand the true horror of child sexual exploitation and the depravity of Pakistani-Muslim grooming gangs.",SamanthaTaghoy,153175.0,"[Quoting @SamanthaTaghoy]: I feel like many people still don’t quite understand the level of depravity inflicted on those little girls — or just how young they were.

Think of your sister, daughter, or granddaughter as a child. Picture them. Think of how young and vulnerable they were.

Lucy Lowe was 14.
Vicky Round was 12.
Becky Watson was 11.
Charlene Downes was 11 or 12.
Sammy Woodhouse was 14.
Victoria Agoglia was 13.
Sarah Wilson was 11.
And there are countless more.

They were children. Many barely out of primary school, so young and in no way responsible for the atrocities committed against them. 

Think about what gangs of Pakistani-Muslim men put those little girls through. Now imagine it was your sister, daughter or granddaughter.

Pakistani-Muslim grooming gangs plied them with alcohol and drugs, they raped them in graveyards, they put them into the back of taxis and drove them to be gang-raped by 20+ of their friends, they dismembered them and sold them as kebab meat, they inserted a pump into their anal cavity and had multiple men sodomise them at once, they raped them on filthy mattresses above takeaway shops, they forced panties down their throat to muffle the screams, they threatened to murder them if they told anyone, they brutally beat them, they killed them and torched their houses with their family inside, they picked them up from local authority care homes to be raped, they forced them to take crack cocaine and heroin, they convinced them they loved them so they could abuse them, they killed their unborn children, they targeted the most vulnerable and marginalised, they told them no one would believe them, they forced them to get abortions, they passed them round like a piece of meat, they threatened to kill their families, they gaslit and manipulated them.

And that is just a fraction of the abuse inflicted by Pakistani-Muslim grooming gangs in Telford, Rochdale, Rotherham, Oldham and elsewhere. That is just a tiny percentage of the horror that thousands of little girls faced at the hands of their abusers.

Now think about the people that were meant to protect them. Who comes to mind? Police, local councils, social services, sexual health clinics, schools, care homes.

But they didn’t.

Those in positions of power turned a blind eye for decades while little girls were being raped, tortured, and murdered.

They branded them “white slags”, “child prostitutes”, and “paki shaggers”. They walked in on victims naked and drugged with 20+ adult men and only arrested the child, they arrested girls for prostitution and handed them back to the same men that were exploiting them, they added the victims to dockets as co-defendants in their own abuse, they downplayed the scale of abuse, they refused to investigate reports, they paid for the taxi rides the girls got raped during, they silenced whistleblowers (like @MaggieOliverUK), they blamed the girls for their own abuse, they tried to block inquiries, and more.

Imagine all of this happened to your sister. Or your daughter. Or your granddaughter.

Now think again about how young they were, how vulnerable, how innocent.

And understand the true horror of child sexual exploitation and the depravity of Pakistani-Muslim grooming gangs.
[Musk]: The more you investigate, the worse it gets. Beyond what you think is possible.",quote,0.0075388187697824,0.2498056902088319,0.0403755292385101,15,6,False,True,neutral,0.0,['pump'],[],none,False,none,agrees,DOGE,0.3822,0.388,0.388,0.388,0.348,0.338,120108994.22,0.0,-10.309278350515473,-12.886597938144325
1473914193527070770,@BillyM2k @jack @gladstein @rahilla @farokh @samkazemian @TheSmarmyBum @ethereum That’s why I’m pro Doge,5182.0,3656.0,27180.0,633.0,,2021-12-23 07:11:42+00:00,True,122.0,BillyM2k,False,False,False,,,,@BillyM2k @jack @gladstein @rahilla @farokh @samkazemian @TheSmarmyBum @ethereum That’s why I’m pro Doge,reply,,0.1906548933038999,0.1345106696100073,7,3,False,True,positive,0.7,"['ethereum', 'doge']","[""DOGE""]",endorsement,True,buy,,DOGE,0.1731,0.1849,0.1849,0.1849,0.1864,0.1711,50018100.82,0.0,0.8112493239588974,-7.463493780421852
1473165434518224896,Has anyone seen web3? I can’t find it.,11120.0,23770.0,167761.0,2316.0,,2021-12-21 05:36:24+00:00,False,646.0,,False,False,False,,,,Has anyone seen web3? I can’t find it.,original,,0.0662847741727815,0.1416896656553072,5,1,False,True,neutral,0.0,['web3'],[],none,False,none,,DOGE,0.1672,0.1709,0.1709,0.1709,0.1731,0.1738,26799726.78,0.0,1.2873025160912859,1.6968987712112427
1472745072277995526,"I’m not suggesting web3 is real – seems more marketing buzzword than reality right now – just wondering what the future will be like in 10, 20 or 30 years. 2051 sounds crazy futuristic!",2238.0,3430.0,38371.0,426.0,,2021-12-20 01:46:02+00:00,True,260.0,elonmusk,False,False,False,,,,"I’m not suggesting web3 is real – seems more marketing buzzword than reality right now – just wondering what the future will be like in 10, 20 or 30 years. 2051 sounds crazy futuristic!",reply,,0.0583252977509056,0.0893904250605926,1,0,False,True,neutral,0.0,['web3'],[],market_commentary,False,none,,DOGE,0.1695,0.1672,0.1672,0.1672,0.1709,0.1879,36876253.75,0.0,2.2129186602870865,12.380382775119632
1470703708677840896,Tesla will make some merch buyable with Doge &amp; see how it goes,47012.0,48485.0,324717.0,11115.0,,2021-12-14 10:34:23+00:00,False,657.0,,False,False,False,,,,Tesla will make some merch buyable with Doge &amp; see how it goes,original,,0.1447783762476248,0.1493146339735831,10,1,False,True,positive,0.6,['doge'],"[""DOGE""]",payment_adoption,True,buy,,DOGE,0.1574,0.1911,0.1911,0.1911,0.1811,0.1709,345024658.56,0.0,-5.232862375719509,-10.570381998953424
1469384135198363651,@GailAlfarATX @SawyerMerritt @dogecoin Imbued gold/bronze color would be sick,314.0,418.0,4077.0,37.0,,2021-12-10 19:10:52+00:00,True,14.0,GailAlfarATX,False,False,False,,,,@GailAlfarATX @SawyerMerritt @dogecoin Imbued gold/bronze color would be sick,reply,,0.0770174147657591,0.1025263674270296,19,4,True,True,positive,0.6,['dogecoin'],"[""DOGE""]",endorsement,False,none,,DOGE,0.1642,0.1689,0.1689,0.1689,0.1698,0.1724,27460921.83,0.0,0.5328596802841988,2.072232089994081
1468030897979113473,@UniverCurious That always blows my mind. Sad thing is that we haven’t been back to the moon in half a century.,1094.0,1752.0,35349.0,117.0,,2021-12-07 01:33:35+00:00,True,101.0,UniverCurious,False,False,False,,,,@UniverCurious That always blows my mind. Sad thing is that we haven’t been back to the moon in half a century.,reply,,0.0309485416843475,0.0495629296444029,1,1,False,True,neutral,0.0,['to the moon'],[],none,False,none,,DOGE,0.1783,0.1765,0.1765,0.1765,0.1792,0.1911,64629798.69,0.0,1.5297450424929224,8.271954674220964
1466320998379175939,@sama Web3 sounds like bs,797.0,1337.0,6733.0,955.0,,2021-12-02 08:19:03+00:00,True,167.0,sama,False,False,False,,,,@sama Web3 sounds like bs,reply,,0.1183721966433982,0.1985741868409327,8,3,False,True,negative,-0.7,['web3'],[],criticism,False,none,,DOGE,0.2093,0.2095,0.2095,0.2095,0.2,0.1692,88039648.39,0.0,-4.534606205250587,-19.236276849642007
1464000520616558592,@GailAlfarATX @SpaceX @RGVaerialphotos @cnunezimages @kanyewest @SciGuySpace @Erdayastronaut @dogecoin @BillyM2k @austinbarnard45 @NASA Absolutely!,393.0,617.0,13498.0,30.0,,2021-11-25 22:38:18+00:00,True,13.0,GailAlfarATX,False,False,False,,,,@GailAlfarATX @SpaceX @RGVaerialphotos @cnunezimages @kanyewest @SciGuySpace @Erdayastronaut @dogecoin @BillyM2k @austinbarnard45 @NASA Absolutely!,reply,,0.0291154245073344,0.0457104756260186,22,3,False,True,positive,0.7,['dogecoin'],"[""DOGE""]",endorsement,False,none,,DOGE,0.2214,0.2021,0.2021,0.2021,0.2052,0.2,243383601.52,0.0,1.5338941118258247,-1.039089559623944
1463193267336581122,"@cz_binance @CoinDesk @binance @egreechee I don’t use Binance (tried at one point, but signup was too many hoops to jump through), so no inconvenience to me personally. Just raising this issue on behalf of other Doge holders.",1987.0,3022.0,16981.0,435.0,,2021-11-23 17:10:34+00:00,True,54.0,cz_binance,False,False,False,,,,"@cz_binance @CoinDesk @binance @egreechee I don’t use Binance (tried at one point, but signup was too many hoops to jump through), so no inconvenience to me personally. Just raising this issue on behalf of other Doge holders.",reply,,0.1170131323243625,0.1779636063836052,17,1,True,True,neutral,0.0,['doge'],"[""DOGE""]",market_commentary,False,none,,DOGE,0.2269,0.2174,0.2174,0.2174,0.2214,0.2093,109011252.58,0.0,1.8399264029438838,-3.7258509659613597
1463096278171148290,@binance @CoinDesk @egreechee @cz_binance Doge holders using Binance should be protected from errors that are not their fault,2821.0,2601.0,19163.0,335.0,,2021-11-23 10:45:10+00:00,True,33.0,binance,False,False,False,,,,@binance @CoinDesk @egreechee @cz_binance Doge holders using Binance should be protected from errors that are not their fault,reply,,0.1472107707561446,0.1357303136252152,10,1,False,True,positive,0.3,['doge'],"[""DOGE""]",market_commentary,False,none,,DOGE,0.2197,0.2269,0.2269,0.2269,0.2174,0.2145,113615294.96,0.0,-4.186866460996025,-5.464962538563242
1463085111600205825,"@CoinDesk @binance @egreechee Hey @cz_binance, what’s going on with your Doge customers? Sounds shady.",3253.0,3837.0,21704.0,660.0,,2021-11-23 10:00:48+00:00,True,68.0,CoinDesk,False,False,False,,,,"@CoinDesk @binance @egreechee Hey @cz_binance, what’s going on with your Doge customers? Sounds shady.",reply,,0.1498802064135643,0.1767876889052709,10,1,False,True,negative,-0.6,['doge'],"[""DOGE""]",criticism,False,none,,DOGE,0.2197,0.2269,0.2269,0.2269,0.2174,0.2145,113615294.96,0.0,-4.186866460996025,-5.464962538563242
1461942451053252612,@WSBChairman Bitcoin cures cancer,4902.0,4266.0,37541.0,1111.0,,2021-11-20 06:20:16+00:00,True,140.0,WSBChairman,False,False,False,,,,@WSBChairman Bitcoin cures cancer,reply,,0.1305772355557923,0.1136357582376601,6,5,False,True,positive,0.8,['bitcoin'],"[""BTC""]",endorsement,False,none,,BTC,58136.22,59769.66,59769.66,59769.66,58700.83,54805.03,985075173.7,0.0,-1.7882484190139307,-8.306271108117404
1461784720652525576,"@SpaceXMR Tragically, it is not clear that the defense contractors can get to the moon for any amount of money. 

More than $200B has been spent on development of new US crewed space transport systems over past ~40 years, but only Dragon is flying. Development cost to NASA was &lt;$2B.",748.0,233.0,7008.0,70.0,,2021-11-19 19:53:30+00:00,True,65.0,SpaceXMR,False,False,False,,,,"@SpaceXMR Tragically, it is not clear that the defense contractors can get to the moon for any amount of money. 

More than $200B has been spent on development of new US crewed space transport systems over past ~40 years, but only Dragon is flying. Development cost to NASA was &lt;$2B.",reply,,0.1067351598173516,0.0332477168949771,19,4,True,True,neutral,0.0,['to the moon'],[],none,False,none,,DOGE,0.2333,0.2333,0.2333,0.2333,0.2261,0.2052,61623930.09,0.0,-3.0861551650235794,-12.044577796828124
1455634905870786564,@BillyM2k How about my lil doge Floki? He would make a great CEO! His judgment is 🤌.,4071.0,5006.0,22769.0,743.0,,2021-11-02 20:36:20+00:00,True,64.0,BillyM2k,False,False,False,,,,@BillyM2k How about my lil doge Floki? He would make a great CEO! His judgment is 🤌.,reply,,0.1787957310378145,0.2198603364223286,20,1,True,True,positive,0.7,['doge'],"[""DOGE""]",meme_joke,False,none,,DOGE,0.2741,0.269,0.269,0.269,0.2633,0.2557,101277605.2,0.0,-2.1189591078067056,-4.9442379182156255
1455244610310131718,"@BillyM2k - Everything on the Internet is true!
- Externalize responsibility!
- If you are able to do this, buy crypto!",2458.0,2020.0,17518.0,213.0,,2021-11-01 18:45:26+00:00,True,69.0,BillyM2k,False,False,False,,,,"@BillyM2k - Everything on the Internet is true!
- Externalize responsibility!
- If you are able to do this, buy crypto!",reply,,0.1403128210982989,0.1153099668911976,18,0,True,True,positive,0.6,['crypto'],[],market_commentary,True,buy,,DOGE,0.2717,0.2741,0.2741,0.2741,0.269,0.2735,103494575.66,0.0,-1.860634804815758,-0.21889821233126208
1454876031232380928,Tuition is in Dogecoin &amp; u get a discount if u have a dog,18985.0,21423.0,215969.0,2944.0,,2021-10-31 18:20:50+00:00,True,380.0,elonmusk,False,False,False,,,,Tuition is in Dogecoin &amp; u get a discount if u have a dog,reply,,0.087906134676736,0.0991947918451259,18,6,False,True,positive,0.7,['dogecoin'],"[""DOGE""]",payment_adoption,True,buy,,DOGE,0.2802,0.2717,0.2717,0.2717,0.2741,0.2822,141770603.09,0.0,0.8833271991166778,3.864556496135447
1452348126753349640,@ProTheDoge Lots of people I talked to on the production lines at Tesla or building rockets at SpaceX own Doge. They aren’t financial experts or Silicon Valley technologists. That’s why I decided to support Doge – it felt like the people’s crypto.,6177.0,3503.0,29538.0,893.0,,2021-10-24 18:55:51+00:00,True,164.0,ProTheDoge,False,False,False,,,,@ProTheDoge Lots of people I talked to on the production lines at Tesla or building rockets at SpaceX own Doge. They aren’t financial experts or Silicon Valley technologists. That’s why I decided to support Doge – it felt like the people’s crypto.,reply,,0.2091204550071095,0.1185929988489403,18,6,False,True,positive,0.7,"['doge', 'crypto']","[""DOGE""]",endorsement,True,buy,,DOGE,0.2758,0.2649,0.2649,0.2649,0.2557,0.2717,168504148.04,0.0,-3.4730086825217215,2.5670064175160334
1452334458066149377,"@Filasophical @ShibaInuHodler Out of curiosity, I acquired some ascii hash strings called “Bitcoin, Ethereum &amp; Doge”. That’s it. 

As I’ve said before, don’t bet the farm on crypto! True value is building products &amp; providing services to your fellow human beings, not money in any form.",5346.0,4762.0,32306.0,1288.0,,2021-10-24 18:01:32+00:00,True,488.0,Filasophical,False,False,False,,,,"@Filasophical @ShibaInuHodler Out of curiosity, I acquired some ascii hash strings called “Bitcoin, Ethereum &amp; Doge”. That’s it. 

As I’ve said before, don’t bet the farm on crypto! True value is building products &amp; providing services to your fellow human beings, not money in any form.",reply,,0.1654800965764873,0.1474029592026249,18,6,False,True,neutral,0.0,"['ethereum', 'doge', 'bitcoin', 'crypto']","[""BTC"", ""ETH"", ""DOGE""]",market_commentary,False,none,,DOGE,0.2758,0.2649,0.2649,0.2649,0.2557,0.2717,168504148.04,0.0,-3.4730086825217215,2.5670064175160334
1452332044743323654,"@itsALLrisky @TeslaGong @mishaboar @DogecoinFdn Possibly. Bitcoin was conceived at a time of relatively low bandwidth &amp; high latency. If both continue to improve substantially, we will reach a point when no second layer is needed.",694.0,666.0,4922.0,156.0,,2021-10-24 17:51:57+00:00,True,79.0,itsALLrisky,False,False,False,,,,"@itsALLrisky @TeslaGong @mishaboar @DogecoinFdn Possibly. Bitcoin was conceived at a time of relatively low bandwidth &amp; high latency. If both continue to improve substantially, we will reach a point when no second layer is needed.",reply,,0.1409995936611133,0.135310849248273,17,6,False,True,positive,0.4,['bitcoin'],"[""BTC""]",market_commentary,False,none,,BTC,60863.56,63089.04,63089.04,63089.04,60315.68,60960.98,1549308691.98,0.0,-4.39594579343734,-3.3731056931600127
1452185979431833601,@BillyM2k Plus crypto scams haha,1116.0,1808.0,15030.0,193.0,,2021-10-24 08:11:32+00:00,True,32.0,BillyM2k,False,False,False,,,,@BillyM2k Plus crypto scams haha,reply,,0.074251497005988,0.120292747837658,8,6,False,True,negative,-0.6,['crypto'],[],criticism,False,none,,DOGE,0.2511,0.2758,0.2758,0.2758,0.2649,0.2802,213989954.59,0.0,-3.9521392313270365,1.5953589557650527
1451623475978833927,@UberFacts *In Dogecoin,9113.0,5720.0,51615.0,1321.0,,2021-10-22 18:56:21+00:00,True,115.0,UberFacts,False,False,False,,,,@UberFacts *In Dogecoin,reply,,0.1765572023636539,0.1108204979172721,18,4,True,True,positive,0.6,['dogecoin'],"[""DOGE""]",endorsement,False,none,,DOGE,0.2444,0.2511,0.2511,0.2511,0.2758,0.269,59712292.25,0.0,9.836718438868978,7.128634010354451
1440780474662543370,@BillyM2k Super important for Doge fees to drop to make things like buying movie tix viable,3530.0,1977.0,21242.0,414.0,,2021-09-22 20:50:08+00:00,True,38.0,BillyM2k,False,False,False,,,,@BillyM2k Super important for Doge fees to drop to make things like buying movie tix viable,reply,,0.1661802090198663,0.093070332360418,20,2,True,True,positive,0.6,['doge'],"[""DOGE""]",payment_adoption,False,none,,DOGE,0.2246,0.2246,0.2246,0.2246,0.2094,0.2042,52393090.7,0.0,-6.767586821015134,-9.082813891362424
1423780661639344131,"@brian_armstrong @MarkWarner Agreed, this is not the time to pick technology winners or losers in cryptocurrency technology. There is no crisis that compels hasty legislation.",4607.0,1206.0,29961.0,383.0,,2021-08-06 22:58:56+00:00,True,104.0,brian_armstrong,False,False,False,,,,"@brian_armstrong @MarkWarner Agreed, this is not the time to pick technology winners or losers in cryptocurrency technology. There is no crisis that compels hasty legislation.",reply,,0.1537665631988251,0.0402523280264343,22,4,False,True,positive,0.4,['cryptocurrency'],[],regulatory,False,none,,DOGE,0.2047,0.2618,0.2618,0.2618,0.2401,0.2941,324866736.71,0.0,-8.288770053475925,12.337662337662337
1906250690676031885,"@dexterwebn @DOGE No, Einstein, they can get tax “refunds” and tax credits (which can be cashed) *without* paying taxes!",2067.0,1015.0,18276.0,76.0,396218.0,2025-03-30 07:42:35+00:00,True,320.0,dexterwebn,False,False,False,,,,"@dexterwebn @DOGE No, Einstein, they can get tax “refunds” and tax credits (which can be cashed) *without* paying taxes!",reply,0.0540964822395751,0.1130991464215364,0.0555373166994966,7,6,False,True,negative,-0.7,['doge'],"[""DOGE""]",criticism,False,none,,DOGE,0.1695,0.1665,0.1665,0.1665,0.1666,0.1492,43372966.2,0.0,0.06006006006005345,-10.390390390390396
1906227359281254810,"IRS refund fraud payments are one of several means used by the Democratic Party to attract and retain illegal immigrants in the USA. That’s why they are so opposed to @DOGE stopping this!

The Democratic Party is aiding and abetting fraudulent government payments to illegals in",40889.0,9573.0,130089.0,1715.0,29460031.0,2025-03-30 06:09:53+00:00,False,8612.0,,False,True,False,"I caught a @jacksonhewitt employee coaching illegals on how they could get up to $14,000 in tax refunds whether they’re “working or not” 

Perhaps figuring out who is receiving tax refunds is the next thing @elonmusk should look into 👀
 https://t.co/1SMhP0DKZE",sav_says_,646087.0,"[Quoting @sav_says_]: I caught a @jacksonhewitt employee coaching illegals on how they could get up to $14,000 in tax refunds whether they’re “working or not” 

Perhaps figuring out who is receiving tax refunds is the next thing @elonmusk should look into 👀
 https://t.co/1SMhP0DKZE
[Musk]: IRS refund fraud payments are one of several means used by the Democratic Party to attract and retain illegal immigrants in the USA. That’s why they are so opposed to @DOGE stopping this!

The Democratic Party is aiding and abetting fraudulent government payments to illegals in",quote,0.0061868909778132,0.3143155839463751,0.0735880820053963,6,6,False,True,negative,-0.8,['doge'],"[""DOGE""]",regulatory,False,none,agrees,DOGE,0.1695,0.1665,0.1665,0.1665,0.1666,0.1492,43372966.2,0.0,0.06006006006005345,-10.390390390390396
1905914351669698564,"@GenFlynn @DOGE I know DoD procurement better than I knew any part of the government before @DOGE. 

Major reform is needed. And it will happen.",1362.0,374.0,10272.0,41.0,202372.0,2025-03-29 09:26:06+00:00,True,108.0,GenFlynn,False,False,False,,,,"@GenFlynn @DOGE I know DoD procurement better than I knew any part of the government before @DOGE. 

Major reform is needed. And it will happen.",reply,0.0595388690134998,0.1325934579439252,0.0364096573208722,9,5,False,True,positive,0.6,['doge'],"[""DOGE""]",endorsement,False,none,,DOGE,0.1801,0.1695,0.1695,0.1695,0.1665,0.1689,59435484.82,0.0,-1.7699115044247802,-0.35398230088496585
1905798130857087036,🇺🇸🇺🇸,20785.0,3553.0,108208.0,409.0,27166625.0,2025-03-29 01:44:17+00:00,False,3325.0,,False,True,False,"Fox’s @greggutfeld on Bret’s interview of Elon Musk and the DOGE team: “I have to hand it to @BretBaier - that was the best thing I have ever seen on this network”
 https://t.co/8NV65joJdn",TVNewsNow,23163.0,"[Quoting @TVNewsNow]: Fox’s @greggutfeld on Bret’s interview of Elon Musk and the DOGE team: “I have to hand it to @BretBaier - that was the best thing I have ever seen on this network”
 https://t.co/8NV65joJdn
[Musk]: 🇺🇸🇺🇸",quote,0.0048940565859763,0.1920837646015082,0.0328349105426585,1,5,False,True,positive,0.3,['doge'],"[""DOGE""]",endorsement,False,none,agrees,DOGE,0.1801,0.1695,0.1695,0.1695,0.1665,0.1689,59435484.82,0.0,-1.7699115044247802,-0.35398230088496585
1905785961122017448,The @DOGE team is confident that Social Security will work much better in the future,11381.0,3096.0,70853.0,265.0,39245216.0,2025-03-29 00:55:55+00:00,False,1064.0,,False,True,False,"The Washington Post wrote an article recently complaining about DOGE crashing the servers in the Social Security administration’s website because of all the work they were doing, which was overloading them. 

In 2023, when Joe Biden was the president, the Social Security website crashed four times within a 10 day period due to server overload  preventing millions of users from accessing their services.

Additionally, from October to December 2023, the Social Security administration national 800 number and field office system faced service disruptions leading to dropped calls, increased wait times, and unavailable automated services.

Did you hear one word about any of that? No, you did not because the media is made up of lying grifting con artists whose only role in life is to prop up the Democratic Party.",DefiyantlyFree,1002295.0,"[Quoting @DefiyantlyFree]: The Washington Post wrote an article recently complaining about DOGE crashing the servers in the Social Security administration’s website because of all the work they were doing, which was overloading them. 

In 2023, when Joe Biden was the president, the Social Security website crashed four times within a 10 day period due to server overload  preventing millions of users from accessing their services.

Additionally, from October to December 2023, the Social Security administration national 800 number and field office system faced service disruptions leading to dropped calls, increased wait times, and unavailable automated services.

Did you hear one word about any of that? No, you did not because the media is made up of lying grifting con artists whose only role in life is to prop up the Democratic Party.
[Musk]: The @DOGE team is confident that Social Security will work much better in the future",quote,0.0021810301668361,0.1606283431894203,0.0436961031995822,0,5,False,True,positive,0.6,['doge'],"[""DOGE""]",endorsement,False,none,agrees,DOGE,0.1801,0.1695,0.1695,0.1695,0.1665,0.1689,59435484.82,0.0,-1.7699115044247802,-0.35398230088496585
1905774572168765884,🚀,4463.0,1974.0,27654.0,103.0,8098695.0,2025-03-29 00:10:40+00:00,False,444.0,,False,True,False,"Welcome to the LSP Fleet, Starship!
 
@SpaceX's Starship rocket has been added to our NASA Launch Services II contract as part of the annual on-ramp process, which allows providers to introduce launch services not currently on contract.

https://t.co/jwstrXApYs https://t.co/1wvq9BzuNQ",NASA_LSP,216462.0,"[Quoting @NASA_LSP]: Welcome to the LSP Fleet, Starship!
 
@SpaceX's Starship rocket has been added to our NASA Launch Services II contract as part of the annual on-ramp process, which allows providers to introduce launch services not currently on contract.

https://t.co/jwstrXApYs https://t.co/1wvq9BzuNQ
[Musk]: 🚀",quote,0.0042221617186472,0.1613871411007449,0.071382078541983,0,5,False,True,neutral,0.0,['🚀'],[],none,False,none,amplifying,DOGE,0.1801,0.1695,0.1695,0.1695,0.1665,0.1689,59435484.82,0.0,-1.7699115044247802,-0.35398230088496585
1905741323061412271,🚀🚀,2554.0,1638.0,19424.0,83.0,21368104.0,2025-03-28 21:58:33+00:00,False,432.0,,False,True,False,Join xAI. Play in the big league 🚀,jimmybajimmyba,22013.0,"[Quoting @jimmybajimmyba]: Join xAI. Play in the big league 🚀
[Musk]: 🚀🚀",quote,0.0011090829584131,0.131486820428336,0.084328665568369,21,4,False,True,neutral,0.0,['🚀'],[],none,False,none,amplifying,DOGE,0.1801,0.1695,0.1695,0.1695,0.1665,0.1689,59435484.82,0.0,-1.7699115044247802,-0.35398230088496585
1905677405760462873,"Someone should do a “Who said it, Obama/Clinton or @DOGE?”

Literally impossible to tell the difference!",20990.0,5919.0,88295.0,562.0,17783372.0,2025-03-28 17:44:33+00:00,False,4021.0,,False,True,False,"2011: Obama signs a @DOGE-style executive order to ""cut waste and promote efficiency.""

Federal debt then: $14T
Federal debt now: $36T

""We don't need to wait for Congress to do something about wasteful spending.""

""We've identified thousands of government buildings that have sat empty for years. So we are getting rid of those properties, saving the American people billions of dollars.""

""Roger, at Commerce, found a way to save $2 million a year on their cellphone bills.""

""Celeste, at DHS, is saving tens of millions by changing how the Department buys goods and services.""

""These are important steps that can save taxpayers billions of dollars.""",KanekoaTheGreat,1076345.0,"[Quoting @KanekoaTheGreat]: 2011: Obama signs a @DOGE-style executive order to ""cut waste and promote efficiency.""

Federal debt then: $14T
Federal debt now: $36T

""We don't need to wait for Congress to do something about wasteful spending.""

""We've identified thousands of government buildings that have sat empty for years. So we are getting rid of those properties, saving the American people billions of dollars.""

""Roger, at Commerce, found a way to save $2 million a year on their cellphone bills.""

""Celeste, at DHS, is saving tens of millions by changing how the Department buys goods and services.""

""These are important steps that can save taxpayers billions of dollars.""
[Musk]: Someone should do a “Who said it, Obama/Clinton or @DOGE?”

Literally impossible to tell the difference!",quote,0.0065097890321363,0.2377258055382524,0.0670366385412537,17,4,True,True,positive,0.7,['doge'],"[""DOGE""]",endorsement,False,none,amplifying,DOGE,0.1801,0.1695,0.1695,0.1695,0.1665,0.1689,59435484.82,0.0,-1.7699115044247802,-0.35398230088496585
1905631475409494284,Yup,14770.0,3848.0,60108.0,339.0,13766584.0,2025-03-28 14:42:03+00:00,False,1784.0,,False,True,False,"This is mind blowing

DOGE “There is actually really only ONE BANK ACCOUNT that's used to disperse ALL monies that go out of the federal government”

“It's a big one — A couple weeks ago it had $800 billion in it, it's the treasury general account”

“We're serving 580+ agencies. And up until very recently, effectively they could say, make the payment and Treasury just sent it out as fast as possible. NO VERIFICATION”

“There's a $500 billion of fraud every year. There's hundreds of billion dollars of improper payments and we can't pass an audit. The consolidated financial report is produced by treasury and we cannot pass an audit”",WallStreetApes,916298.0,"[Quoting @WallStreetApes]: This is mind blowing

DOGE “There is actually really only ONE BANK ACCOUNT that's used to disperse ALL monies that go out of the federal government”

“It's a big one — A couple weeks ago it had $800 billion in it, it's the treasury general account”

“We're serving 580+ agencies. And up until very recently, effectively they could say, make the payment and Treasury just sent it out as fast as possible. NO VERIFICATION”

“There's a $500 billion of fraud every year. There's hundreds of billion dollars of improper payments and we can't pass an audit. The consolidated financial report is produced by treasury and we cannot pass an audit”
[Musk]: Yup",quote,0.0057432548263243,0.2457243628136022,0.0640181007519797,14,4,True,True,positive,0.7,['doge'],"[""DOGE""]",endorsement,False,none,agrees,DOGE,0.1801,0.1695,0.1695,0.1695,0.1665,0.1689,59435484.82,0.0,-1.7699115044247802,-0.35398230088496585
1905596235794219040,"This shows why a regulatory overhaul is necessary. 

The burden of mountains of regulations is why the high speed rail can’t get down in California and the bridge that the ship hit still hasn’t been fixed.",26142.0,4420.0,117799.0,745.0,21428900.0,2025-03-28 12:22:01+00:00,False,9707.0,,False,True,False,"The greatest DOGE ad you’ll ever see.

Jon Stewart finding out how the Biden Administration spent $42 Billion to expand broadband to more Americans, and connected ZERO (0) homes in 4 years.
https://t.co/QO9BGQvsbn",Geiger_Capital,244138.0,"[Quoting @Geiger_Capital]: The greatest DOGE ad you’ll ever see.

Jon Stewart finding out how the Biden Administration spent $42 Billion to expand broadband to more Americans, and connected ZERO (0) homes in 4 years.
https://t.co/QO9BGQvsbn
[Musk]: This shows why a regulatory overhaul is necessary. 

The burden of mountains of regulations is why the high speed rail can’t get down in California and the bridge that the ship hit still hasn’t been fixed.",quote,0.0069581733080092,0.2219203898165519,0.037521540929889,12,4,False,True,neutral,0.0,['doge'],"[""DOGE""]",regulatory,False,none,agrees,DOGE,0.1801,0.1801,0.1695,0.1695,0.1665,0.1689,59435484.82,0.0,-1.7699115044247802,-0.35398230088496585
1905593398658056353,@KTmBoyle @DOGE 🇺🇸🇺🇸,38.0,42.0,432.0,5.0,12632.0,2025-03-28 12:10:45+00:00,True,7.0,KTmBoyle,False,False,False,,,,@KTmBoyle @DOGE 🇺🇸🇺🇸,reply,0.0409278024065864,0.0879629629629629,0.0972222222222222,12,4,False,True,positive,0.6,['doge'],"[""DOGE""]",endorsement,True,buy,,DOGE,0.1801,0.1801,0.1695,0.1695,0.1665,0.1689,59435484.82,0.0,-1.7699115044247802,-0.35398230088496585
1905476328855416972,Seniors are constantly getting scammed!,21809.0,3936.0,92579.0,470.0,24052654.0,2025-03-28 04:25:33+00:00,False,2107.0,,False,True,False,"DOGE Engineer: “At Social Security, one of the things we learned is that they get phone calls every day of people trying to change direct deposit information… We learned 40% of the phone calls they get are from fraudsters… Almost half.” https://t.co/nY3CM7x40h",RapidResponse47,889793.0,"[Quoting @RapidResponse47]: DOGE Engineer: “At Social Security, one of the things we learned is that they get phone calls every day of people trying to change direct deposit information… We learned 40% of the phone calls they get are from fraudsters… Almost half.” https://t.co/nY3CM7x40h
[Musk]: Seniors are constantly getting scammed!",quote,0.0049389144333095,0.2355717819375884,0.0425150412080493,4,4,False,True,negative,-0.6,['doge'],"[""DOGE""]",criticism,False,none,agrees,DOGE,0.1904,0.1801,0.1801,0.1801,0.1695,0.1712,88434080.26,0.0,-5.885619100499722,-4.941699056079965
1905473845424759143,@BretBaier @DOGE Should have done it sooner,834.0,930.0,13767.0,41.0,589770.0,2025-03-28 04:15:41+00:00,True,135.0,BretBaier,False,False,False,,,,@BretBaier @DOGE Should have done it sooner,reply,0.0264035132339725,0.0605796469819132,0.0675528437568097,4,4,False,True,positive,0.6,['doge'],"[""DOGE""]",endorsement,False,none,,DOGE,0.1904,0.1801,0.1801,0.1801,0.1695,0.1712,88434080.26,0.0,-5.885619100499722,-4.941699056079965
1905419564495569014,🇺🇸🇺🇸,15763.0,4048.0,75053.0,368.0,14349013.0,2025-03-28 00:39:59+00:00,False,1603.0,,False,True,False,"Elon Musk: “What we’re doing will help their benefits.. legitimate people as a result of the work of @DOGE will receive more Social Security, not less. I want to emphasize that.. Let the record show that I said this and it will be proven out to be true.” https://t.co/Q3y7pjqmH4",america,1049673.0,"[Quoting @america]: Elon Musk: “What we’re doing will help their benefits.. legitimate people as a result of the work of @DOGE will receive more Social Security, not less. I want to emphasize that.. Let the record show that I said this and it will be proven out to be true.” https://t.co/Q3y7pjqmH4
[Musk]: 🇺🇸🇺🇸",quote,0.006636832791217,0.2100249157262201,0.0539352191118276,0,4,False,True,positive,0.6,['doge'],"[""DOGE""]",endorsement,False,none,agrees,DOGE,0.1904,0.1801,0.1801,0.1801,0.1695,0.1712,88434080.26,0.0,-5.885619100499722,-4.941699056079965
1905399778524987748,Casually,29773.0,7256.0,152752.0,673.0,16760153.0,2025-03-27 23:21:22+00:00,False,2590.0,,False,True,False,"Elon Musk: “The sheer amount of waste and fraud in the government, it is astonishing. It’s mind boggling. We routinely encounter wastes of $1 billion or more, casually.”

Emphasis on the fact that our federal government CASUALLY wastes your money — until now.

Thank you, @DOGE https://t.co/WOSWCYdVJy",charliekirk11,4887514.0,"[Quoting @charliekirk11]: Elon Musk: “The sheer amount of waste and fraud in the government, it is astonishing. It’s mind boggling. We routinely encounter wastes of $1 billion or more, casually.”

Emphasis on the fact that our federal government CASUALLY wastes your money — until now.

Thank you, @DOGE https://t.co/WOSWCYdVJy
[Musk]: Casually",quote,0.0113635000826066,0.1949107049334869,0.0475018330365559,23,3,False,True,positive,0.7,['doge'],"[""DOGE""]",endorsement,False,none,agrees,DOGE,0.1904,0.1801,0.1801,0.1801,0.1695,0.1712,88434080.26,0.0,-5.885619100499722,-4.941699056079965
1905399713861451820,History will render the verdict,35033.0,8325.0,166769.0,987.0,20629805.0,2025-03-27 23:21:07+00:00,False,4590.0,,False,True,False,"🚨ELON MUSK: “What we’re doing will help their benefits. Legitimate people as a result of the work of DOGE will receive more Social Security, not less. I want to emphasize that. Let the record show that I said this and it will be proven out to be true.” https://t.co/wDMO8MYGR8",cb_doge,1370735.0,"[Quoting @cb_doge]: 🚨ELON MUSK: “What we’re doing will help their benefits. Legitimate people as a result of the work of DOGE will receive more Social Security, not less. I want to emphasize that. Let the record show that I said this and it will be proven out to be true.” https://t.co/wDMO8MYGR8
[Musk]: History will render the verdict",quote,0.0102334462201654,0.2100690176231793,0.049919349519395,23,3,False,True,positive,0.6,['doge'],"[""DOGE""]",endorsement,True,buy,agrees,DOGE,0.1904,0.1801,0.1801,0.1801,0.1695,0.1712,88434080.26,0.0,-5.885619100499722,-4.941699056079965
1905399184171434161,Craziest thing I’ve ever seen,30718.0,5572.0,136304.0,635.0,20376326.0,2025-03-27 23:19:00+00:00,False,4399.0,,False,True,False,"🚨 HOLY CRAP! Elon Musk and DOGE just revealed a whopping **40%** of calls to Social Security are fraudsters.

“Fraudsters call in and claim to be a retiree. And then they convince the operator to change where the money is flowing.”

“As a result of the work of DOGE, legitimate recipients of Social Security will receive MORE money — not less.”

HOW HAS THIS GONE ON FOR SO MANY YEARS?",nicksortor,944075.0,"[Quoting @nicksortor]: 🚨 HOLY CRAP! Elon Musk and DOGE just revealed a whopping **40%** of calls to Social Security are fraudsters.

“Fraudsters call in and claim to be a retiree. And then they convince the operator to change where the money is flowing.”

“As a result of the work of DOGE, legitimate recipients of Social Security will receive MORE money — not less.”

HOW HAS THIS GONE ON FOR SO MANY YEARS?
[Musk]: Craziest thing I’ve ever seen",quote,0.0085014835353537,0.2253638924756426,0.0408792111750205,23,3,False,True,positive,0.6,['doge'],"[""DOGE""]",endorsement,False,none,agrees,DOGE,0.1904,0.1801,0.1801,0.1801,0.1695,0.1712,88434080.26,0.0,-5.885619100499722,-4.941699056079965
1905267599123873805,🫡 🇺🇸,28936.0,4687.0,140619.0,494.0,18677885.0,2025-03-27 14:36:08+00:00,False,1599.0,,False,True,False,"Trump just directed DOGE to rescind what money they can from news outlets like Politico and Stacey Abram’s!

They should have NEVER been given the money. https://t.co/Hli2oTfxGK",GuntherEagleman,1380851.0,"[Quoting @GuntherEagleman]: Trump just directed DOGE to rescind what money they can from news outlets like Politico and Stacey Abram’s!

They should have NEVER been given the money. https://t.co/Hli2oTfxGK
[Musk]: 🫡 🇺🇸",quote,0.0093552348137918,0.2057758908824554,0.0333311999089738,14,3,True,True,positive,0.7,['doge'],"[""DOGE""]",endorsement,False,none,agrees,DOGE,0.1904,0.1801,0.1801,0.1801,0.1695,0.1712,88434080.26,0.0,-5.885619100499722,-4.941699056079965
1905266471552360532,🚀🚀,3453.0,1553.0,33483.0,88.0,21601606.0,2025-03-27 14:31:39+00:00,False,417.0,,False,True,False,"Only if you are there in the seat next to me, my friend... 🤔 oh, and I get a snazzy jacket too! 😝",WilliamShatner,2456989.0,"[Quoting @WilliamShatner]: Only if you are there in the seat next to me, my friend... 🤔 oh, and I get a snazzy jacket too! 😝
[Musk]: 🚀🚀",quote,0.0017858394417526,0.1031269599498252,0.0463817459606367,14,3,True,True,positive,0.6,['🚀'],[],none,False,none,agrees,DOGE,0.1904,0.1801,0.1801,0.1801,0.1695,0.1712,88434080.26,0.0,-5.885619100499722,-4.941699056079965
1905264466142298604,@WilliamShatner 🚀,108.0,79.0,3234.0,6.0,38939.0,2025-03-27 14:23:41+00:00,True,28.0,WilliamShatner,False,False,False,,,,@WilliamShatner 🚀,reply,0.0880094506792675,0.0333951762523191,0.0244279529993815,14,3,False,True,neutral,0.0,['🚀'],[],none,False,none,,DOGE,0.1904,0.1801,0.1801,0.1801,0.1695,0.1712,88434080.26,0.0,-5.885619100499722,-4.941699056079965
1905100566335730089,@tszzl ❤️🚀,49.0,65.0,718.0,7.0,32759.0,2025-03-27 03:32:24+00:00,True,18.0,tszzl,False,False,False,,,,@tszzl ❤️🚀,reply,0.0256112823956775,0.0682451253481894,0.0905292479108635,3,3,False,True,positive,0.8,['🚀'],[],none,False,none,,DOGE,0.1949,0.1904,0.1904,0.1904,0.1801,0.1622,70833617.02,0.0,-5.40966386554622,-14.8109243697479
1905067621445497050,These are examples of medical fraud that the @DOGE⁩ team will fix https://t.co/4D6EzUe5mw,3570.0,1868.0,17467.0,182.0,1716172.0,2025-03-27 01:21:30+00:00,False,557.0,,False,False,False,,,,These are examples of medical fraud that the @DOGE⁩ team will fix https://t.co/4D6EzUe5mw,original,0.0134526143067245,0.204385412492128,0.1069445239594664,1,3,False,True,neutral,0.0,['doge'],"[""DOGE""]",none,False,none,,DOGE,0.1949,0.1904,0.1904,0.1904,0.1801,0.1622,70833617.02,0.0,-5.40966386554622,-14.8109243697479
1905050496928543172,@SenTomCotton @SpaceX 🚀,118.0,191.0,1423.0,9.0,44226.0,2025-03-27 00:13:27+00:00,True,22.0,SenTomCotton,False,False,False,,,,@SenTomCotton @SpaceX 🚀,reply,0.0393659838104282,0.0829234012649332,0.1342234715390021,0,3,False,True,neutral,0.0,['🚀'],[],none,False,none,,DOGE,0.1949,0.1904,0.1904,0.1904,0.1801,0.1622,70833617.02,0.0,-5.40966386554622,-14.8109243697479
1905012922553950704,More of your tax dollars saved,10043.0,3900.0,67587.0,319.0,29731907.0,2025-03-26 21:44:08+00:00,False,796.0,,False,True,False,"Great work today by @USDOL @SecretaryLCD @Sonderling47 cancelling $577M in “America Last” grants for $237M in savings, including:
- $10M for ""gender equity in the Mexican workplace""
- $12.2M for ""worker empowerment in South America""
- $6.25M for ""improving respect for Worker's rights in agricultural supply chains"" in Honduras, Guatemala, and El Salvador
- $5M for ""elevating women's participation in the workplace"" in West Africa
- $4.3M for ""assisting foreign migrant workers"" in Malaysia
- $3M to ""enhance social security access and worker protections for internal migrant workers"" in Bangladesh
- $3M for ""safe and inclusive work environments"" in Lesotho",DOGE,4844559.0,"[Quoting @DOGE]: Great work today by @USDOL @SecretaryLCD @Sonderling47 cancelling $577M in “America Last” grants for $237M in savings, including:
- $10M for ""gender equity in the Mexican workplace""
- $12.2M for ""worker empowerment in South America""
- $6.25M for ""improving respect for Worker's rights in agricultural supply chains"" in Honduras, Guatemala, and El Salvador
- $5M for ""elevating women's participation in the workplace"" in West Africa
- $4.3M for ""assisting foreign migrant workers"" in Malaysia
- $3M to ""enhance social security access and worker protections for internal migrant workers"" in Bangladesh
- $3M for ""safe and inclusive work environments"" in Lesotho
[Musk]: More of your tax dollars saved",quote,0.002752901117308,0.1485936644621007,0.0577034045008655,21,2,False,True,positive,0.6,['doge'],"[""DOGE""]",endorsement,False,none,agrees,DOGE,0.1949,0.1904,0.1904,0.1904,0.1801,0.1622,70833617.02,0.0,-5.40966386554622,-14.8109243697479
1904788294610677935,"At some point, the many crimes of Maxine Waters will catch up to her",24400.0,13107.0,166612.0,1229.0,65897217.0,2025-03-26 06:51:33+00:00,False,1975.0,,False,True,False,Maxine Waters floats deporting Melania Trump in anti-DOGE diatribe https://t.co/jt0U8UxBwz,FoxNews,25944192.0,"[Quoting @FoxNews]: Maxine Waters floats deporting Melania Trump in anti-DOGE diatribe https://t.co/jt0U8UxBwz
[Musk]: At some point, the many crimes of Maxine Waters will catch up to her",quote,0.0031161862268022,0.1464480349554654,0.0786678030393969,6,2,False,True,neutral,0.0,['doge'],"[""DOGE""]",none,False,none,agrees,DOGE,0.1907,0.1949,0.1949,0.1949,0.1904,0.1638,111541303.84,0.0,-2.3088763468445235,-15.956900974858899
1904609462264140125,🇺🇸🇺🇸,19064.0,3397.0,102739.0,364.0,17394773.0,2025-03-25 19:00:56+00:00,False,1199.0,,False,True,False,"🚨 #BREAKING: President Trump, Elon Musk, DOGE just scored a win over the activist judge who tried to force them to reinstate USAID

The 4th Circuit just halted Activist Judge Chuang’s order, which required DOGE’s access to much of USAID be suspended.

An expanded ruling could come later this week, but as of now, the appeals court is pumping the brakes on Judge Chuang’s BS ruling.",nicksortor,944092.0,"[Quoting @nicksortor]: 🚨 #BREAKING: President Trump, Elon Musk, DOGE just scored a win over the activist judge who tried to force them to reinstate USAID

The 4th Circuit just halted Activist Judge Chuang’s order, which required DOGE’s access to much of USAID be suspended.

An expanded ruling could come later this week, but as of now, the appeals court is pumping the brakes on Judge Chuang’s BS ruling.
[Musk]: 🇺🇸🇺🇸",quote,0.0072184902901578,0.1855575779402174,0.0330643669881933,19,1,True,True,positive,0.6,['doge'],"[""DOGE""]",regulatory,False,none,agrees,DOGE,0.1907,0.1949,0.1949,0.1949,0.1904,0.1638,111541303.84,0.0,-2.3088763468445235,-15.956900974858899
1904576674739761405,Exactly,5705.0,1462.0,36527.0,92.0,27257312.0,2025-03-25 16:50:39+00:00,False,588.0,,False,True,False,"DOGE will be the death of “Time & Materials” and “Cost Plus” contracts inside the US Government. 

The private sector, when it sells to other companies in the private sector, has to live up to performance obligations for work done (“RPO”). But that same company sells Time & Materials to the US Government. Ridiculous. 

End the charade now. 

Every contract sold into the US Government should be tied to performance obligations. Not some kindergarten equivalent of “I’ll try my best.”",chamath,1860559.0,"[Quoting @chamath]: DOGE will be the death of “Time & Materials” and “Cost Plus” contracts inside the US Government. 

The private sector, when it sells to other companies in the private sector, has to live up to performance obligations for work done (“RPO”). But that same company sells Time & Materials to the US Government. Ridiculous. 

End the charade now. 

Every contract sold into the US Government should be tied to performance obligations. Not some kindergarten equivalent of “I’ll try my best.”
[Musk]: Exactly",quote,0.0016063946437565,0.156185835135653,0.0400251868480849,16,1,True,True,positive,0.7,['doge'],"[""DOGE""]",endorsement,False,none,agrees,DOGE,0.1907,0.1949,0.1949,0.1949,0.1904,0.1638,111541303.84,0.0,-2.3088763468445235,-15.956900974858899
1904382427986014517,@KariLake @DOGE @DC_Reporter It’s a mess. DoD needs something like what Tesla and SpaceX have (Warp).,219.0,121.0,2207.0,11.0,65649.0,2025-03-25 03:58:47+00:00,True,46.0,KariLake,False,False,False,,,,@KariLake @DOGE @DC_Reporter It’s a mess. DoD needs something like what Tesla and SpaceX have (Warp).,reply,0.0389647976359122,0.0992297236067059,0.0548255550521069,3,1,False,True,neutral,0.0,['doge'],"[""DOGE""]",none,False,none,,DOGE,0.183,0.1907,0.1907,0.1907,0.1949,0.174,94616697.13,0.0,2.2024121657052866,-8.75721027792345
1904371478285709490,"Being out your dead!

https://t.co/nx83mXWAB6",14491.0,6765.0,75724.0,652.0,42122739.0,2025-03-25 03:15:16+00:00,False,2161.0,,False,True,False,"For the past 3 weeks, @SocialSecurity has been executing a major cleanup of their records. Approximately 7 million numberholders, all listed age 120+, have now been marked as deceased.  
Another ~5 million to go. https://t.co/z2GUQnPkhd",DOGE,4844546.0,"[Quoting @DOGE]: For the past 3 weeks, @SocialSecurity has been executing a major cleanup of their records. Approximately 7 million numberholders, all listed age 120+, have now been marked as deceased.  
Another ~5 million to go. https://t.co/z2GUQnPkhd
[Musk]: Being out your dead!

https://t.co/nx83mXWAB6",quote,0.0023177979950449,0.1913660134171464,0.0893375944218477,3,1,False,True,positive,0.4,['doge'],"[""DOGE""]",endorsement,False,none,agrees,DOGE,0.183,0.1907,0.1907,0.1907,0.1949,0.174,94616697.13,0.0,2.2024121657052866,-8.75721027792345
1904370059532980540,@moment_mirthful @DOGE @SocialSecurity I’d like to meet them!,60.0,186.0,1214.0,6.0,24498.0,2025-03-25 03:09:38+00:00,True,16.0,moment_mirthful,False,False,False,,,,@moment_mirthful @DOGE @SocialSecurity I’d like to meet them!,reply,0.0598416197240591,0.0494233937397034,0.1532125205930807,3,1,False,True,positive,0.3,['doge'],"[""DOGE""]",endorsement,False,none,,DOGE,0.183,0.1907,0.1907,0.1907,0.1949,0.174,94616697.13,0.0,2.2024121657052866,-8.75721027792345
1904360235742925019,Pretty much 😂,19634.0,4124.0,94681.0,512.0,18650567.0,2025-03-25 02:30:36+00:00,False,5468.0,,False,True,False,"Is this not literally word for word what Elon Musk’s DOGE mission is?

Barack Obama “Everyone knows that getting rid of the deficit will require some tough decisions, and that includes cutting back on billions of dollars in programs that a lot of people care about. What should be easy is getting rid of the pointless waste and stupid spending that doesn't benefit anybody. Waste we should be getting rid of, even if we didn't have a deficit. 

Sure, some of these cuts aren't that big, but no amount of waste is acceptable, not when it's your money, not at a time when so many Americans are already cutting back just as families are living within their means. Government should too. 

Did you know the federal government pays for a website devoted to a folk music ensemble made up of forest Rangers? They're called the Fiddle and Foresters. 
I'll put their music on my iPod, but I'm not paying for their website. 

There are hundreds of similar sites that we should consolidate or just get rid of. By the way, you're not only paying for websites, no one needs, you're paying for thousands of buildings all across the country. No one uses. 

For the last decade, the government's owned a massive and completely empty warehouse in the middle of Brooklyn, for example. Now, the government hadn't been able to sell this building and others like it because of red tape and Washington politics that helped things up for years. But we're finally cutting through all that and plan to get rid of these buildings in the months ahead. 

We need to step up our game. We need to go after every dime. We need to make government work for you.”",WallStreetApes,916300.0,"[Quoting @WallStreetApes]: Is this not literally word for word what Elon Musk’s DOGE mission is?

Barack Obama “Everyone knows that getting rid of the deficit will require some tough decisions, and that includes cutting back on billions of dollars in programs that a lot of people care about. What should be easy is getting rid of the pointless waste and stupid spending that doesn't benefit anybody. Waste we should be getting rid of, even if we didn't have a deficit. 

Sure, some of these cuts aren't that big, but no amount of waste is acceptable, not when it's your money, not at a time when so many Americans are already cutting back just as families are living within their means. Government should too. 

Did you know the federal government pays for a website devoted to a folk music ensemble made up of forest Rangers? They're called the Fiddle and Foresters. 
I'll put their music on my iPod, but I'm not paying for their website. 

There are hundreds of similar sites that we should consolidate or just get rid of. By the way, you're not only paying for websites, no one needs, you're paying for thousands of buildings all across the country. No one uses. 

For the last decade, the government's owned a massive and completely empty warehouse in the middle of Brooklyn, for example. Now, the government hadn't been able to sell this building and others like it because of red tape and Washington politics that helped things up for years. But we're finally cutting through all that and plan to get rid of these buildings in the months ahead. 

We need to step up our game. We need to go after every dime. We need to make government work for you.”
[Musk]: Pretty much 😂",quote,0.0063778758039903,0.2073700108786345,0.0435567854162926,2,1,False,True,positive,0.6,['doge'],"[""DOGE""]",endorsement,False,none,agrees,DOGE,0.183,0.1907,0.1907,0.1907,0.1949,0.174,94616697.13,0.0,2.2024121657052866,-8.75721027792345
1904346709662081168,@BehizyTweets @DOGE,135.0,86.0,2206.0,5.0,178122.0,2025-03-25 01:36:51+00:00,True,18.0,BehizyTweets,False,False,False,,,,@BehizyTweets @DOGE,reply,0.0136535632880834,0.0611967361740707,0.0389845874886672,1,1,False,True,positive,0.6,['doge'],"[""DOGE""]",endorsement,True,buy,,DOGE,0.183,0.1907,0.1907,0.1907,0.1949,0.174,94616697.13,0.0,2.2024121657052866,-8.75721027792345
1904269819832119477,@libsoftiktok @usedgov @DOGE Wow!,175.0,132.0,2058.0,6.0,116469.0,2025-03-24 20:31:19+00:00,True,25.0,libsoftiktok,False,False,False,,,,@libsoftiktok @usedgov @DOGE Wow!,reply,0.0203573483072748,0.0850340136054421,0.0641399416909621,20,0,True,True,positive,0.6,['doge'],"[""DOGE""]",endorsement,True,buy,,DOGE,0.183,0.1907,0.1907,0.1907,0.1949,0.174,94616697.13,0.0,2.2024121657052866,-8.75721027792345
1904030373899616736,No more loans to babies or people too old to be alive (ie stolen Social Security numbers),24682.0,5495.0,133660.0,571.0,19837133.0,2025-03-24 04:39:50+00:00,False,2281.0,,False,True,False,"As of Friday, @SBAgov now:
- Requires date of birth collection for all direct loan applications
- Pauses the direct loan process for those under 18 and above 120 years old

Basic sanity checks like these are initial steps towards minimizing fraud in government payment programs. https://t.co/dPPnwqMBvD",DOGE,4844537.0,"[Quoting @DOGE]: As of Friday, @SBAgov now:
- Requires date of birth collection for all direct loan applications
- Pauses the direct loan process for those under 18 and above 120 years old

Basic sanity checks like these are initial steps towards minimizing fraud in government payment programs. https://t.co/dPPnwqMBvD
[Musk]: No more loans to babies or people too old to be alive (ie stolen Social Security numbers)",quote,0.0082878911987936,0.1846625766871165,0.0411117761484363,4,0,False,True,positive,0.4,['doge'],"[""DOGE""]",regulatory,False,none,agrees,DOGE,0.1726,0.183,0.183,0.183,0.1907,0.1666,71467541.86,0.0,4.207650273224051,-8.96174863387978
1245216520168337408,"@thirdrowtesla Y has next-level upgrades, especially body castings &amp; heat pump",172.0,182.0,3713.0,18.0,,2020-04-01 05:08:48+00:00,True,19.0,thirdrowtesla,False,False,False,,,,"@thirdrowtesla Y has next-level upgrades, especially body castings &amp; heat pump",reply,,0.0463237274441152,0.0490169674117963,5,2,False,True,positive,0.7,['pump'],[],none,False,none,,DOGE,0.001838,0.001902,0.001902,0.001902,0.001927,0.002022,26651.93,0.0,1.3144058885383727,6.309148264984222
1906545007818920327,💯,25004.0,3046.0,109325.0,493.0,13040992.0,2025-03-31 03:12:06+00:00,False,1987.0,,False,True,False,"🚨 ELON MUSK: “DOGE will make sure you get your Social Security, DOGE will make sure you get your Medicaid.”

“There will be no cuts to legitimate payments, whatsoever.”

The Democrat narrative is a LIE. https://t.co/6blKxBxtsr",nicksortor,945044.0,"[Quoting @nicksortor]: 🚨 ELON MUSK: “DOGE will make sure you get your Social Security, DOGE will make sure you get your Medicaid.”

“There will be no cuts to legitimate payments, whatsoever.”

The Democrat narrative is a LIE. https://t.co/6blKxBxtsr
[Musk]: 💯",quote,0.010571895144173,0.2287125543105419,0.0278618797164418,3,0,False,True,positive,0.8,['doge'],"[""DOGE""]",endorsement,True,buy,agrees,DOGE,0.1665,0.1666,0.1666,0.1666,0.174,0.1495,67319953.02,0.0,4.441776710684268,-10.264105642256906
716345597712670720,"Token of appreciation for those who lined up coming via mail. Thought maybe 20-30 people per store would line up, not 800. Gifts on order.",823.0,335.0,4697.0,3.0,,2016-04-02 19:24:34+00:00,False,0.0,,False,False,False,,,,"Token of appreciation for those who lined up coming via mail. Thought maybe 20-30 people per store would line up, not 800. Gifts on order.",original,,0.1752182243985522,0.0713221205024483,19,5,False,True,positive,0.6,['token'],[],none,False,none,,DOGE,0.000243,0.000337,0.000337,0.000337,0.000229,0.0002249,28.32,0.0,-32.04747774480712,-33.26409495548962
715566236822671360,"Incredibly inspired by the interest in Model 3. You won't be disappointed. Also, small token of appreciation coming for those who lined up.",2503.0,526.0,8906.0,4.0,,2016-03-31 15:47:40+00:00,False,2.0,,False,False,False,,,,"Incredibly inspired by the interest in Model 3. You won't be disappointed. Also, small token of appreciation coming for those who lined up.",original,,0.2810464855153829,0.0590613069840556,15,3,True,True,neutral,0.0,['token'],[],none,False,none,,DOGE,0.000249,0.000248,0.000248,0.000248,0.000243,0.000235,0.3092,0.0,-2.01612903225807,-5.241935483870975
1287965692298268673,"@NASASpaceflight Fuel spin valve didn’t open. Will fix &amp; try again tomorrow. Also, some odd TVC hydraulic pump behavior.",292.0,273.0,7861.0,47.0,,2020-07-28 04:18:44+00:00,True,17.0,NASASpaceflight,False,False,False,,,,"@NASASpaceflight Fuel spin valve didn’t open. Will fix &amp; try again tomorrow. Also, some odd TVC hydraulic pump behavior.",reply,,0.0371454013484289,0.0347284060552092,4,1,False,True,neutral,0.0,['pump'],[],none,False,none,,DOGE,0.003172,0.003191,0.003191,0.003191,0.003216,0.003533,133726.65,0.0,0.7834534628643147,10.717643371983714
1284290215561986048,"@izzynobre Excuse me, I only sell Doge!",707.0,391.0,13924.0,182.0,,2020-07-18 00:53:43+00:00,True,34.0,izzynobre,False,False,False,,,,"@izzynobre Excuse me, I only sell Doge!",reply,,0.0507756391841424,0.0280810112036771,0,5,False,True,positive,0.6,['doge'],"[""DOGE""]",endorsement,False,none,,DOGE,0.003056,0.003486,0.003486,0.003486,0.003384,0.003284,784787.0,0.0,-2.9259896729776274,-5.794606999426274
1278730873999949824,"@WilliamShatner @VitalikButerin @ethereum @mattereum I’m not building anything on ethereum. Not for or against it, just don’t use it or own any.",167.0,259.0,1624.0,77.0,,2020-07-02 16:42:52+00:00,True,23.0,WilliamShatner,False,False,False,,,,"@WilliamShatner @VitalikButerin @ethereum @mattereum I’m not building anything on ethereum. Not for or against it, just don’t use it or own any.",reply,,0.1028325123152709,0.1594827586206896,16,3,True,True,neutral,0.0,['ethereum'],"[""ETH""]",market_commentary,False,none,,ETH,226.59,225.12,225.12,225.12,229.19,241.22,261884352.33,0.0,1.8079246624022711,7.151741293532337
1782258310726492572,"@zerohedge Home garbage recycling is pointless. If it mattered, they could just sort the garbage at the dump.

Recycling of lithium-ion batteries, however, is economically sensible, as a dead battery is essentially super high grade ore.",320.0,201.0,2860.0,35.0,147565.0,2024-04-22 04:01:08+00:00,True,194.0,zerohedge,False,False,False,,,,"@zerohedge Home garbage recycling is pointless. If it mattered, they could just sort the garbage at the dump.

Recycling of lithium-ion batteries, however, is economically sensible, as a dead battery is essentially super high grade ore.",reply,0.0231491207264595,0.1118881118881118,0.0702797202797202,4,0,False,True,neutral,0.0,['dump'],[],none,False,none,,DOGE,0.1582,0.1613,0.1613,0.1613,0.1598,0.1434,77228210.27,0.0,-0.9299442033477999,-11.097334159950401
1778500046214009172,Glad Tesla FSD was there to help and that you’re feeling well!,5566.0,3570.0,55981.0,315.0,24478438.0,2024-04-11 19:07:08+00:00,False,1362.0,,False,True,False,"My Crazy True Story

On April 1st, Tesla unlocked Full Self-Driving capability for all Tesla vehicles in America. In a moment of dire need, at 2:00 am the following morning, I found myself grappling with severe dehydration and a blood glucose level of 670 due to a malfunction in my insulin pump. With no time to spare, I turned to my Model Y for assistance. Engaging the new Full Self-Driving feature with a simple double click on the steering column stalk, I was astounded by the results. Without any intervention, the car skillfully navigated the 13-mile journey from my home to the VA Emergency Room, offering to autonomously park it upon arrival and let me seek immediate medical attention. Despite enduring a mild heart attack, I left the hospital with no restrictions on my exercise regimen, a testament to the swift and efficient response facilitated by the vehicle and the # 1 VA in America. As an owner of luxury vehicles including Porsche, Mercedes, BMW, Acura, and Cadillac, I can unequivocally declare Tesla the pinnacle of automotive innovation today. Its lifesaving capabilities in critical moments underscore its superiority. The leap from traditional vehicles to Tesla's Full Self-Driving functionality is like upgrading from a basic phone to a smartphone. As a resident of a solar-powered home, the cost of energy for the last 7000 miles has been minimal, I've saved nearly $1000. I extend my gratitude to Elon Musk for his crazy erratic leadership in advancing technology that is more than just transportation. As someone who shares Elon's place ""on the spectrum"", I am particularly appreciative of his commitment to excellence and innovation. He has profoundly impacted our world and personally impacted my own. Thanks, Tesla, and thanks, Charles George VA Medical Center team!",MAXPAULFRANKLIN,825.0,"[Quoting @MAXPAULFRANKLIN]: My Crazy True Story

On April 1st, Tesla unlocked Full Self-Driving capability for all Tesla vehicles in America. In a moment of dire need, at 2:00 am the following morning, I found myself grappling with severe dehydration and a blood glucose level of 670 due to a malfunction in my insulin pump. With no time to spare, I turned to my Model Y for assistance. Engaging the new Full Self-Driving feature with a simple double click on the steering column stalk, I was astounded by the results. Without any intervention, the car skillfully navigated the 13-mile journey from my home to the VA Emergency Room, offering to autonomously park it upon arrival and let me seek immediate medical attention. Despite enduring a mild heart attack, I left the hospital with no restrictions on my exercise regimen, a testament to the swift and efficient response facilitated by the vehicle and the # 1 VA in America. As an owner of luxury vehicles including Porsche, Mercedes, BMW, Acura, and Cadillac, I can unequivocally declare Tesla the pinnacle of automotive innovation today. Its lifesaving capabilities in critical moments underscore its superiority. The leap from traditional vehicles to Tesla's Full Self-Driving functionality is like upgrading from a basic phone to a smartphone. As a resident of a solar-powered home, the cost of energy for the last 7000 miles has been minimal, I've saved nearly $1000. I extend my gratitude to Elon Musk for his crazy erratic leadership in advancing technology that is more than just transportation. As someone who shares Elon's place ""on the spectrum"", I am particularly appreciative of his commitment to excellence and innovation. He has profoundly impacted our world and personally impacted my own. Thanks, Tesla, and thanks, Charles George VA Medical Center team!
[Musk]: Glad Tesla FSD was there to help and that you’re feeling well!",quote,0.0026730463765702,0.0994265911648595,0.0637716368053446,19,3,True,True,neutral,0.0,['pump'],[],none,False,none,agrees,DOGE,0.1938,0.1744,0.1744,0.1744,0.1527,0.1564,273900581.05,0.0,-12.442660550458715,-10.321100917431187
1777517694943658342,"@nikolas_dm We need to get our employees in Brazil to a safe place or otherwise not in a position of responsibility, then we will do a full data dump",5931.0,1270.0,40529.0,825.0,1594716.0,2024-04-09 02:03:37+00:00,True,707.0,nikolas_dm,False,False,False,,,,"@nikolas_dm We need to get our employees in Brazil to a safe place or otherwise not in a position of responsibility, then we will do a full data dump",reply,0.0304474276297472,0.1463396580226504,0.0313355868637272,2,1,False,True,neutral,0.0,['dump'],[],none,False,none,,DOGE,0.2026,0.1891,0.1891,0.1891,0.1998,0.1561,166404099.42,0.0,5.658381808566904,-17.451084082496035
1768363402596897011,"@SenBillNelson @SpaceX Thank you!

We look forward to supporting @NASA in returning American astronauts to the moon.",128.0,104.0,2061.0,9.0,55016.0,2024-03-14 19:47:44+00:00,True,35.0,SenBillNelson,False,False,False,,,,"@SenBillNelson @SpaceX Thank you!

We look forward to supporting @NASA in returning American astronauts to the moon.",reply,0.0418423731278173,0.0621057738961669,0.0504609412906356,19,3,True,True,neutral,0.0,['to the moon'],[],none,False,none,,DOGE,0.1772,0.1635,0.1635,0.1635,0.1424,0.1529,258700101.03,0.0,-12.905198776758414,-6.483180428134555
1768361843842482601,"@AravSrinivas Stopping crypto/porn spam bots is not easy, but we’re working on it",132.0,325.0,1803.0,147.0,477434.0,2024-03-14 19:41:32+00:00,True,66.0,AravSrinivas,False,False,False,,,,"@AravSrinivas Stopping crypto/porn spam bots is not easy, but we’re working on it",reply,0.0050415345367108,0.0732113144758735,0.180255130338325,19,3,True,True,neutral,0.0,['crypto'],[],none,False,none,,DOGE,0.1772,0.1635,0.1635,0.1635,0.1424,0.1529,258700101.03,0.0,-12.905198776758414,-6.483180428134555
1765074104686936143,Real-time systems ftw,4414.0,3072.0,35140.0,247.0,15179016.0,2024-03-05 17:57:14+00:00,False,1218.0,,False,True,False,"Grok vs ChatGPT

Grok - Bitcoin just broke its all time high.
ChatGPT - Bitcoin has not broken its all time high.

Grok is the most real-time AI. ChatGPT failed, yet again.",cb_doge,1284891.0,"[Quoting @cb_doge]: Grok vs ChatGPT

Grok - Bitcoin just broke its all time high.
ChatGPT - Bitcoin has not broken its all time high.

Grok is the most real-time AI. ChatGPT failed, yet again.
[Musk]: Real-time systems ftw",quote,0.0028244913899557,0.1256118383608423,0.0874217416050085,17,1,True,True,positive,0.4,['bitcoin'],"[""BTC""]",market_commentary,False,none,agrees,BTC,63804.11,66115.57,66115.57,66115.57,66928.15,73118.09,4498440968.53,0.0,1.2290297126682674,10.591332722382925
1890928461658665107,"@cb_doge Well, @DOGE is now a real part of the government and accomplishing a lot!

What are the odds?",382.0,487.0,4079.0,30.0,210917.0,2025-02-16 00:57:31+00:00,True,80.0,cb_doge,False,False,False,,,,"@cb_doge Well, @DOGE is now a real part of the government and accomplishing a lot!

What are the odds?",reply,0.0236017011431036,0.0936504045109095,0.11939200784506,0,6,False,True,positive,0.8,['doge'],"[""DOGE""]",endorsement,False,none,,DOGE,0.2717,0.2656,0.2656,0.2656,0.2582,0.2429,45063992.77,0.0,-2.7861445783132597,-8.546686746987952
1888374440259367024,@ezralevant @DOGE @usairforce @Timcast @NewsGuardRating This is clearly a waste of money and a freedom of speech violation,319.0,131.0,2542.0,8.0,116230.0,2025-02-08 23:48:45+00:00,True,37.0,ezralevant,False,False,False,,,,@ezralevant @DOGE @usairforce @Timcast @NewsGuardRating This is clearly a waste of money and a freedom of speech violation,reply,0.0258108921965069,0.1254917387883556,0.0515342250196695,23,5,False,True,neutral,0.0,['doge'],"[""DOGE""]",none,False,none,,DOGE,0.253,0.249,0.249,0.249,0.2554,0.2656,69409659.97,0.0,2.5702811244979986,6.666666666666668
1888290199131549854,"Swisher &amp; Galloway are threatening talented, young software engineers who are gave up high compensation for death threats in order to help the American people. 

Shame on Swisher &amp; Galloway, cruel, mean &amp; deceitful human beings that they are!",31445.0,11473.0,144839.0,1304.0,12940951.0,2025-02-08 18:14:00+00:00,False,5268.0,,False,True,False,"🚩 Kara Swisher &amp; Scott Galloway Are in Full Panic Mode Now Calling for the Arrest of the @DOGE Engineers

“I want to see Democratic governors … use the full faith and the letter of the law to put you folks in prison … This is a coup … We need to go gangster here.” https://t.co/RT5qiBRbFR",TheChiefNerd,800637.0,"[Quoting @TheChiefNerd]: 🚩 Kara Swisher &amp; Scott Galloway Are in Full Panic Mode Now Calling for the Arrest of the @DOGE Engineers

“I want to see Democratic governors … use the full faith and the letter of the law to put you folks in prison … This is a coup … We need to go gangster here.” https://t.co/RT5qiBRbFR
[Musk]: Swisher &amp; Galloway are threatening talented, young software engineers who are gave up high compensation for death threats in order to help the American people. 

Shame on Swisher &amp; Galloway, cruel, mean &amp; deceitful human beings that they are!",quote,0.0146095136284806,0.2171031283010791,0.0792120906661879,18,5,False,True,neutral,0.0,['doge'],"[""DOGE""]",none,False,none,agrees,DOGE,0.253,0.249,0.249,0.249,0.2554,0.2656,69409659.97,0.0,2.5702811244979986,6.666666666666668
1888288480666566971,She just wants the fraud &amp; waste to continue,46668.0,52692.0,268357.0,3371.0,23745928.0,2025-02-08 18:07:11+00:00,False,4079.0,,False,True,False,"We're suing over the free rein Donald Trump gave Elon Musk and DOGE to access Americans’ private information.

Musk and DOGE want to use this information to cut vital services that Americans rely on — from health care to education.
 
This is unacceptable and illegal. https://t.co/S8ULYNcORl",NewYorkStateAG,514622.0,"[Quoting @NewYorkStateAG]: We're suing over the free rein Donald Trump gave Elon Musk and DOGE to access Americans’ private information.

Musk and DOGE want to use this information to cut vital services that Americans rely on — from health care to education.
 
This is unacceptable and illegal. https://t.co/S8ULYNcORl
[Musk]: She just wants the fraud &amp; waste to continue",quote,0.0156274372599799,0.1739026744225043,0.1963503840033984,18,5,False,True,neutral,0.0,['doge'],[],none,False,none,disagrees,DOGE,0.253,0.249,0.249,0.249,0.2554,0.2656,69409659.97,0.0,2.5702811244979986,6.666666666666668
1888287992839565786,"The @DOGE team, at the direction of the President &amp; his leadership team, is making great progress improving the efficiency of how your tax dollars are spent. 

I am confident that almost any fully informed American will be happy with the results.",20617.0,4887.0,102470.0,492.0,6653227.0,2025-02-08 18:05:14+00:00,False,1616.0,,False,True,False,Some @cnn comments on @elonmusk’s @DOGE efforts. Politicians promised for years to deliver a functional audit and trim the fat; TRUMP finally did it &amp; Washington is freaked out (which makes the American people happy). https://t.co/RNDHcXg4Dm,ScottJenningsKY,500819.0,"[Quoting @ScottJenningsKY]: Some @cnn comments on @elonmusk’s @DOGE efforts. Politicians promised for years to deliver a functional audit and trim the fat; TRUMP finally did it &amp; Washington is freaked out (which makes the American people happy). https://t.co/RNDHcXg4Dm
[Musk]: The @DOGE team, at the direction of the President &amp; his leadership team, is making great progress improving the efficiency of how your tax dollars are spent. 

I am confident that almost any fully informed American will be happy with the results.",quote,0.0193088256270227,0.2012003513223382,0.0476920074168049,18,5,False,True,positive,0.7,['doge'],"[""DOGE""]",endorsement,False,none,agrees,DOGE,0.253,0.249,0.249,0.249,0.2554,0.2656,69409659.97,0.0,2.5702811244979986,6.666666666666668
1888278729924731260,"This administration has one chance for major reform that may never come again. 

It’s now or never.",31884.0,9632.0,197351.0,1208.0,25394248.0,2025-02-08 17:28:26+00:00,False,2329.0,,False,True,False,"I think very few people appreciate the incredible timing of DOGE, and how needed it is to ensure the US doesn't collapse unto itself.

The US is about to undergo one of the most radical & disruptive changes it has experienced in its history, and DOGE is the most important step to ensure we can navigate it successfully.

The advent of AI and automation is going to radically change everything - especially labor markets.

We are going to move from humans doing most of today's work to AI and robots. And this change won't happen slowly - it will happen extremely quickly.

AI systems can scale at the speed of a software update. AI powered robotic systems will scale at the speed of smartphone manufacturing.

This means that labor markets will be completely different in 5-10 years' time.

We need a responsive government - one that is extremely lean and extremely responsive to the will of the people - to navigate this profound change.

Without DOGE, we would be stuck with a government that is slow, old, and too corrupt to properly navigate its citizenry to a good outcome.

With DOGE, we maximize the changes of a responsive government that's aligned with the will of the people by removing all the barnacles that have latched onto it, sucking away taxpayer $, grinding everything to a halt, and distracting government from what it should be focusing on.

This might be difficult to appreciate today, but it will become blindingly obvious by the end of the decade.",farzyness,310716.0,"[Quoting @farzyness]: I think very few people appreciate the incredible timing of DOGE, and how needed it is to ensure the US doesn't collapse unto itself.

The US is about to undergo one of the most radical & disruptive changes it has experienced in its history, and DOGE is the most important step to ensure we can navigate it successfully.

The advent of AI and automation is going to radically change everything - especially labor markets.

We are going to move from humans doing most of today's work to AI and robots. And this change won't happen slowly - it will happen extremely quickly.

AI systems can scale at the speed of a software update. AI powered robotic systems will scale at the speed of smartphone manufacturing.

This means that labor markets will be completely different in 5-10 years' time.

We need a responsive government - one that is extremely lean and extremely responsive to the will of the people - to navigate this profound change.

Without DOGE, we would be stuck with a government that is slow, old, and too corrupt to properly navigate its citizenry to a good outcome.

With DOGE, we maximize the changes of a responsive government that's aligned with the will of the people by removing all the barnacles that have latched onto it, sucking away taxpayer $, grinding everything to a halt, and distracting government from what it should be focusing on.

This might be difficult to appreciate today, but it will become blindingly obvious by the end of the decade.
[Musk]: This administration has one chance for major reform that may never come again. 

It’s now or never.",quote,0.0094539125553156,0.1615598603503402,0.04880644131522,17,5,False,True,positive,0.8,['doge'],"[""DOGE""]",endorsement,True,buy,agrees,DOGE,0.253,0.249,0.249,0.249,0.2554,0.2656,69409659.97,0.0,2.5702811244979986,6.666666666666668
1888079960071385309,Lot of work to do to regain democracy from the bureaucracy,6280.0,2406.0,34617.0,176.0,4748606.0,2025-02-08 04:18:35+00:00,False,853.0,,False,True,False,"Antonio Gracias: DOGE Happened Just in Time to Stop America from Turning into a Kleptocracy

""When (@DOGE) started, I thought we had a democracy, but it turned into a bureaucracy.""

""What I'm afraid of now, is we have a bureaucracy that is about to turn into a kleptocracy.""

@AntonioGracias on E214:

""It's sort of extraordinary what's happening.

""@elonmusk said this publicly, right? Fraud, waste, and abuse, he thinks kind of 10% of the budget is probably fraud.""

""I think it might be low, actually. So you're talking about $650B, $1T in waste. I think that's probably about right.""

""But what's really serious about it, @Jason, for me and what scared me, and I'm not there full-time. You know, I'm in and out a little bit and trying to help where I can, but I'm not there full-time.""

""When this started, I thought we had a democracy, but it turned into a bureaucracy.""

""What I'm afraid of now. is we have a bureaucracy that is about to turn into a kleptocracy.""

""I mean, a Latin American-style kleptocracy, okay?""

""The stuff you're talking about, that is pure fraud.""

""And we're making some jokes out of it, the DEI musical.""

""But if you go into the data that's coming out of USAID, what you find is there's a lot of political contributions going on there.""

""I mean, that is pure corruption. That's like a Latin American-style autocracy. And we cannot let it go there.""

""I think (@DOGE) happened just in the nick of time. 80+ people there, all patriots, going full time to make this happen.""

""So I'm just so grateful.""",theallinpod,471709.0,"[Quoting @theallinpod]: Antonio Gracias: DOGE Happened Just in Time to Stop America from Turning into a Kleptocracy

""When (@DOGE) started, I thought we had a democracy, but it turned into a bureaucracy.""

""What I'm afraid of now, is we have a bureaucracy that is about to turn into a kleptocracy.""

@AntonioGracias on E214:

""It's sort of extraordinary what's happening.

""@elonmusk said this publicly, right? Fraud, waste, and abuse, he thinks kind of 10% of the budget is probably fraud.""

""I think it might be low, actually. So you're talking about $650B, $1T in waste. I think that's probably about right.""

""But what's really serious about it, @Jason, for me and what scared me, and I'm not there full-time. You know, I'm in and out a little bit and trying to help where I can, but I'm not there full-time.""

""When this started, I thought we had a democracy, but it turned into a bureaucracy.""

""What I'm afraid of now. is we have a bureaucracy that is about to turn into a kleptocracy.""

""I mean, a Latin American-style kleptocracy, okay?""

""The stuff you're talking about, that is pure fraud.""

""And we're making some jokes out of it, the DEI musical.""

""But if you go into the data that's coming out of USAID, what you find is there's a lot of political contributions going on there.""

""I mean, that is pure corruption. That's like a Latin American-style autocracy. And we cannot let it go there.""

""I think (@DOGE) happened just in the nick of time. 80+ people there, all patriots, going full time to make this happen.""

""So I'm just so grateful.""
[Musk]: Lot of work to do to regain democracy from the bureaucracy",quote,0.0091561607764468,0.1814137562469307,0.0695034231735852,4,5,False,True,positive,0.7,['doge'],"[""DOGE""]",endorsement,True,buy,agrees,DOGE,0.2466,0.253,0.253,0.253,0.249,0.2717,37641835.43,0.0,-1.581027667984191,7.391304347826084
1888050521576984744,"@WorldHallOfFun @DOGE Thanks to the unwavering support of President @realDonaldTrump, it is increasingly probable that the deficit can be reduced by ~$1T in FY26.",498.0,344.0,4493.0,49.0,221442.0,2025-02-08 02:21:37+00:00,True,98.0,WorldHallOfFun,False,False,False,,,,"@WorldHallOfFun @DOGE Thanks to the unwavering support of President @realDonaldTrump, it is increasingly probable that the deficit can be reduced by ~$1T in FY26.",reply,0.0243133642217826,0.110839083018028,0.0765635432895615,2,5,False,True,positive,0.6,['doge'],"[""DOGE""]",endorsement,False,none,,DOGE,0.2466,0.253,0.253,0.253,0.249,0.2717,37641835.43,0.0,-1.581027667984191,7.391304347826084
1888048273711153435,So much crazy government spending!,9817.0,5059.0,66850.0,317.0,14348322.0,2025-02-08 02:12:41+00:00,False,774.0,,False,True,False,"Great coordination across 35 agencies over the last two days to terminate 199 wasteful contracts saving ~$250mm, including:

-Contract for “Asia Pacific - Sri Lanka climate change mitigation adaption and resilience coordinator services for forest service”
-Workshop for “Intercultural communication diversity dialogue circle communicating across differences”",DOGE,4254974.0,"[Quoting @DOGE]: Great coordination across 35 agencies over the last two days to terminate 199 wasteful contracts saving ~$250mm, including:

-Contract for “Asia Pacific - Sri Lanka climate change mitigation adaption and resilience coordinator services for forest service”
-Workshop for “Intercultural communication diversity dialogue circle communicating across differences”
[Musk]: So much crazy government spending!",quote,0.0057179508516745,0.1468511593118923,0.0756768885564697,2,5,False,True,positive,0.6,['doge'],"[""DOGE""]",endorsement,False,none,agrees,DOGE,0.2466,0.253,0.253,0.253,0.249,0.2717,37641835.43,0.0,-1.581027667984191,7.391304347826084
1888039257475784951,So true 🤣🤣,14801.0,3292.0,91093.0,257.0,8747232.0,2025-02-08 01:36:51+00:00,False,1836.0,,False,True,False,"David Sacks Says @DOGE Engineers are Working Around the Clock

“The facilities people don't know what to do because they've never had people ask to stay late on Friday night before.” https://t.co/N9HAV64GbK",TheChiefNerd,800637.0,"[Quoting @TheChiefNerd]: David Sacks Says @DOGE Engineers are Working Around the Clock

“The facilities people don't know what to do because they've never had people ask to stay late on Friday night before.” https://t.co/N9HAV64GbK
[Musk]: So true 🤣🤣",quote,0.0125117294248054,0.1624822983105178,0.0361388910234595,1,5,False,True,positive,0.6,['doge'],"[""DOGE""]",none,False,none,agrees,DOGE,0.2466,0.253,0.253,0.253,0.249,0.2717,37641835.43,0.0,-1.581027667984191,7.391304347826084
1888038140079714729,@JKash000 @DavidSacks @DOGE Accurate,64.0,84.0,1080.0,7.0,32408.0,2025-02-08 01:32:25+00:00,True,12.0,JKash000,False,False,False,,,,@JKash000 @DavidSacks @DOGE Accurate,reply,0.0381078745988644,0.0592592592592592,0.0777777777777777,1,5,False,True,positive,0.3,['doge'],"[""DOGE""]",endorsement,False,none,,DOGE,0.2466,0.253,0.253,0.253,0.249,0.2717,37641835.43,0.0,-1.581027667984191,7.391304347826084
1887979511574147199,More taxpayer money saved,31012.0,5793.0,150469.0,882.0,12909635.0,2025-02-07 21:39:27+00:00,False,2733.0,,False,True,False,"In the past 48 hours, HHS canceled 62 contract worth $182 million. These contracts were entirely for administrative expenses – none touched any healthcare programs. This included terminating a $168,000 contract for an Anthony Fauci exhibit at the NIH Museum. https://t.co/EsZxflPS6w",DOGE,4254991.0,"[Quoting @DOGE]: In the past 48 hours, HHS canceled 62 contract worth $182 million. These contracts were entirely for administrative expenses – none touched any healthcare programs. This included terminating a $168,000 contract for an Anthony Fauci exhibit at the NIH Museum. https://t.co/EsZxflPS6w
[Musk]: More taxpayer money saved",quote,0.0145748504895761,0.206102253620347,0.0384996245073736,21,4,False,True,positive,0.6,['doge'],"[""DOGE""]",endorsement,True,buy,agrees,DOGE,0.2466,0.253,0.253,0.253,0.249,0.2717,37641835.43,0.0,-1.581027667984191,7.391304347826084
1887972336847962314,This building is now occupied by @CBP,27737.0,5660.0,215291.0,1021.0,31949886.0,2025-02-07 21:10:56+00:00,False,4641.0,,False,True,False,Unburdened by what has been. https://t.co/NK2bcK3hlH,DOGE,4254991.0,"[Quoting @DOGE]: Unburdened by what has been. https://t.co/NK2bcK3hlH
[Musk]: This building is now occupied by @CBP",quote,0.0078156460401767,0.128834925751657,0.0262899981884983,21,4,False,True,neutral,0.0,['doge'],"[""DOGE""]",none,False,none,neutral,DOGE,0.2466,0.253,0.253,0.253,0.249,0.2717,37641835.43,0.0,-1.581027667984191,7.391304347826084
1887966379027874076,Accurate 🤣🤣,14428.0,4268.0,119463.0,469.0,17321876.0,2025-02-07 20:47:16+00:00,False,2520.0,,False,True,False,"DOGE team’s excitement finding government waste…

https://t.co/CwQ5ElD6oQ",DavidSacks,1290367.0,"[Quoting @DavidSacks]: DOGE team’s excitement finding government waste…

https://t.co/CwQ5ElD6oQ
[Musk]: Accurate 🤣🤣",quote,0.0080030592529354,0.1207737960707499,0.0357265429463515,20,4,True,True,positive,0.7,['doge'],"[""DOGE""]",endorsement,False,none,agrees,DOGE,0.2466,0.253,0.253,0.253,0.249,0.2717,37641835.43,0.0,-1.581027667984191,7.391304347826084
1887885293866393619,"What the hell?

Certainly improper, possibly criminal.",39055.0,10836.0,167272.0,1052.0,13029821.0,2025-02-07 15:25:03+00:00,False,4077.0,,False,True,False,"Katherine Long, the journalist of the hit piece that got a DOGE employee to resign for spicy posts, is a USAID employee. How is this not a conflict of interest? https://t.co/xFH7dPjFrX",stillgray,1224140.0,"[Quoting @stillgray]: Katherine Long, the journalist of the hit piece that got a DOGE employee to resign for spicy posts, is a USAID employee. How is this not a conflict of interest? https://t.co/xFH7dPjFrX
[Musk]: What the hell?

Certainly improper, possibly criminal.",quote,0.0167473520933249,0.2334819933999713,0.0647807164378975,15,4,True,True,negative,-0.7,['doge'],"[""DOGE""]",none,False,none,agrees,DOGE,0.2466,0.253,0.253,0.253,0.249,0.2717,37641835.43,0.0,-1.581027667984191,7.391304347826084
1887870505790636450,@SERobinsonJr @DOGE True,523.0,1274.0,25845.0,55.0,1792826.0,2025-02-07 14:26:18+00:00,True,178.0,SERobinsonJr,False,False,False,,,,@SERobinsonJr @DOGE True,reply,0.0154487942499718,0.020236022441478,0.0492938672857419,14,4,False,True,positive,0.6,['doge'],"[""DOGE""]",endorsement,True,buy,,DOGE,0.2466,0.253,0.253,0.253,0.249,0.2717,37641835.43,0.0,-1.581027667984191,7.391304347826084
1887867644814020902,Bring back @DOGE staffer who made inappropriate statements via a now deleted pseudonym?,17099.0,32002.0,131110.0,2822.0,47940708.0,2025-02-07 14:14:56+00:00,False,3538.0,,False,False,False,,,,Bring back @DOGE staffer who made inappropriate statements via a now deleted pseudonym?,original,0.0038179035653791,0.1304172069254824,0.2440851193654183,14,4,False,True,neutral,0.0,['doge'],"[""DOGE""]",none,False,none,,DOGE,0.2466,0.253,0.253,0.253,0.249,0.2717,37641835.43,0.0,-1.581027667984191,7.391304347826084
1887866375894384848,The Democrats really want their bribe money,21000.0,11000.0,98212.0,925.0,6537586.0,2025-02-07 14:09:53+00:00,False,1001.0,,False,True,False,"🇺🇸DEMOCRATS PUSH BILL TO BLOCK ELON FROM TREASURY ACCESS—CALL IT AN 'ECONOMIC COUP'

House Democrats, led by Rep. Sydney Kamlager-Dove, introduced legislation to block Elon from accessing Treasury records, claiming DOGE is attempting an ""economic coup.""

Kamlager-Dove: 

""No one thought Trump would give Elon access to Social Security data, medical records, and payments. This is unacceptable.""

A federal judge has already blocked DOGE from obtaining certain Treasury payment records. 

Source: FOX 11",MarioNawfal,2054216.0,"[Quoting @MarioNawfal]: 🇺🇸DEMOCRATS PUSH BILL TO BLOCK ELON FROM TREASURY ACCESS—CALL IT AN 'ECONOMIC COUP'

House Democrats, led by Rep. Sydney Kamlager-Dove, introduced legislation to block Elon from accessing Treasury records, claiming DOGE is attempting an ""economic coup.""

Kamlager-Dove: 

""No one thought Trump would give Elon access to Social Security data, medical records, and payments. This is unacceptable.""

A federal judge has already blocked DOGE from obtaining certain Treasury payment records. 

Source: FOX 11
[Musk]: The Democrats really want their bribe money",quote,0.020058933067955,0.2138231580662241,0.1120026066061173,14,4,False,True,negative,-0.6,['doge'],"[""DOGE""]",regulatory,False,none,agrees,DOGE,0.2466,0.253,0.253,0.253,0.249,0.2717,37641835.43,0.0,-1.581027667984191,7.391304347826084
1887866185032597652,True,5619.0,1098.0,34729.0,90.0,9417097.0,2025-02-07 14:09:08+00:00,False,351.0,,False,True,False,"WSJ has become completely compromised. Even before this latest doxx of a DOGE employee, they are a newspaper that push globalist ideas. They hate Donald Trump and they don’t like the truth either. They have become CNN, anything Trump says gets a scathing opinion piece. You may not like tariffs but they have their benefits and I’m sick of “news” sources that doesn’t present both sides.",DefiyantlyFree,920926.0,"[Quoting @DefiyantlyFree]: WSJ has become completely compromised. Even before this latest doxx of a DOGE employee, they are a newspaper that push globalist ideas. They hate Donald Trump and they don’t like the truth either. They have become CNN, anything Trump says gets a scathing opinion piece. You may not like tariffs but they have their benefits and I’m sick of “news” sources that doesn’t present both sides.
[Musk]: True",quote,0.0044107010897307,0.1617956174954649,0.0316162285121944,14,4,False,True,positive,0.3,['doge'],"[""DOGE""]",endorsement,False,none,agrees,DOGE,0.2466,0.253,0.253,0.253,0.249,0.2717,37641835.43,0.0,-1.581027667984191,7.391304347826084
1887859282030330046,Doesn’t that seem odd? 🤔,77808.0,11538.0,233863.0,3035.0,12668116.0,2025-02-07 13:41:42+00:00,False,14297.0,,False,True,False,DOGE: Democrats in Congress didn't seem to mind that China had remote access to EVERY workstation in the Treasury as recently as December. Now a month later they're freaking out that Trump's appointees are accessing the very same computers - demanding violence in the streets.,amuse,555072.0,"[Quoting @amuse]: DOGE: Democrats in Congress didn't seem to mind that China had remote access to EVERY workstation in the Treasury as recently as December. Now a month later they're freaking out that Trump's appointees are accessing the very same computers - demanding violence in the streets.
[Musk]: Doesn’t that seem odd? 🤔",quote,0.0257531585596469,0.3327076108661909,0.0493365773978782,13,4,False,True,neutral,0.0,['doge'],"[""DOGE""]",none,False,none,amplifying,DOGE,0.2466,0.253,0.253,0.253,0.249,0.2717,37641835.43,0.0,-1.581027667984191,7.391304347826084
1887723603250020604,Thanks,18916.0,3547.0,83971.0,564.0,6282861.0,2025-02-07 04:42:33+00:00,False,3556.0,,False,True,False,"Ready to have your mind blown?

Senator John Kennedy on Elon Musk and DOGE exposing USAID, “I'll tell you what Mr. Musk discovered. I find it fascinating. He discovered:

-  The American taxpayers are giving money to Afghanistan
- He found that we are giving money to Yemen
- He found that we are giving money to Syria
- He found that the USAID has 10,000 people employees, and every year they give away $40 billion
- He found that the USAID gave money to support electric vehicles in Vietnam. Our money, taxpayer money
- He found that the USAID gave money to a transgender clinic in India. “I didn't know that. I bet you the American people didn't know that”
- He found that USAID gave $1.5 million to a Serbian LGBTQ group, they got $1.5 million to QUOTE, “advanced diversity, equity, inclusion in Serbia's workplaces and business communities”
- They found that USAID spent $164 million to support radical organizations around the world
- They gave $122 million of that to groups aligned with foreign terrorist organizations
- According to this report in Mr. Musk, the USAID has given millions of dollars to quote organizations in Gaza controlled by Hamas
- He found that we gave $2 million, USAID did, for sex changes in Guatemala
- He found that we gave $20 million to produce a new Sesame Street show in Iraq
- He found that we gave $4.5 million of taxpayer money to combat misinformation in Kazakhstan
- He found that we gave $10 million, USAID did, of meals to an al-Qaeda-linked terrorist group called the Nusra Front
- Mr. Musk found that we gave $7.9 million of taxpayer money to a project that would teach Sri Lankan journalists to avoid binary gendered language. (The USAID took 8 million bucks and gave it to a bunch of journalists in Sri Lanka to teach them how to avoid binary gendered language)
- USAID gave $1.5 million to promote LGBT advocacy in Jamaica
- They gave $1.5 million to rebuild the Cuban media ecosystem
- They gave $1.5 million for quote, art for inclusion of people with disabilities in Belarus
- Another $3.9 million for LGBT causes in Macedonia
- $8.3 million for equity and inclusion education in Nepal

“I could go all night and many of my colleagues are upset. They're really mad at Mr. Musk. Hell, I think we ought to give him a medal”",WallStreetApes,822469.0,"[Quoting @WallStreetApes]: Ready to have your mind blown?

Senator John Kennedy on Elon Musk and DOGE exposing USAID, “I'll tell you what Mr. Musk discovered. I find it fascinating. He discovered:

-  The American taxpayers are giving money to Afghanistan
- He found that we are giving money to Yemen
- He found that we are giving money to Syria
- He found that the USAID has 10,000 people employees, and every year they give away $40 billion
- He found that the USAID gave money to support electric vehicles in Vietnam. Our money, taxpayer money
- He found that the USAID gave money to a transgender clinic in India. “I didn't know that. I bet you the American people didn't know that”
- He found that USAID gave $1.5 million to a Serbian LGBTQ group, they got $1.5 million to QUOTE, “advanced diversity, equity, inclusion in Serbia's workplaces and business communities”
- They found that USAID spent $164 million to support radical organizations around the world
- They gave $122 million of that to groups aligned with foreign terrorist organizations
- According to this report in Mr. Musk, the USAID has given millions of dollars to quote organizations in Gaza controlled by Hamas
- He found that we gave $2 million, USAID did, for sex changes in Guatemala
- He found that we gave $20 million to produce a new Sesame Street show in Iraq
- He found that we gave $4.5 million of taxpayer money to combat misinformation in Kazakhstan
- He found that we gave $10 million, USAID did, of meals to an al-Qaeda-linked terrorist group called the Nusra Front
- Mr. Musk found that we gave $7.9 million of taxpayer money to a project that would teach Sri Lankan journalists to avoid binary gendered language. (The USAID took 8 million bucks and gave it to a bunch of journalists in Sri Lanka to teach them how to avoid binary gendered language)
- USAID gave $1.5 million to promote LGBT advocacy in Jamaica
- They gave $1.5 million to rebuild the Cuban media ecosystem
- They gave $1.5 million for quote, art for inclusion of people with disabilities in Belarus
- Another $3.9 million for LGBT causes in Macedonia
- $8.3 million for equity and inclusion education in Nepal

“I could go all night and many of my colleagues are upset. They're really mad at Mr. Musk. Hell, I think we ought to give him a medal”
[Musk]: Thanks",quote,0.0170301396131475,0.2252682473711162,0.0422407736004096,4,4,False,True,positive,0.7,['doge'],"[""DOGE""]",endorsement,False,none,agrees,DOGE,0.2479,0.2466,0.2466,0.2466,0.253,0.2718,96575483.94,0.0,2.5952960259529556,10.21897810218977
1887710193850401075,The results are clear 😂,8610.0,4694.0,78074.0,337.0,25464548.0,2025-02-07 03:49:16+00:00,False,659.0,,False,True,False,"Who do you trust more in government - the current class of politicians, or a 19 year old DOGE engineer?",farzyness,310708.0,"[Quoting @farzyness]: Who do you trust more in government - the current class of politicians, or a 19 year old DOGE engineer?
[Musk]: The results are clear 😂",quote,0.0036016739821967,0.1102799907779798,0.0601224479340113,3,4,False,True,positive,0.6,['doge'],"[""DOGE""]",endorsement,True,buy,agrees,DOGE,0.2479,0.2466,0.2466,0.2466,0.253,0.2718,96575483.94,0.0,2.5952960259529556,10.21897810218977
1887703076150087758,Best chyron ever 🤣🤣,7244.0,3009.0,64684.0,241.0,11824975.0,2025-02-07 03:20:59+00:00,False,1710.0,,False,True,False,@elonmusk @DOGE Contender for greatest chyron of all time https://t.co/JY9DFufPSY,CrazyVibes_1,61714.0,"[Quoting @CrazyVibes_1]: @elonmusk @DOGE Contender for greatest chyron of all time https://t.co/JY9DFufPSY
[Musk]: Best chyron ever 🤣🤣",quote,0.0063575610096427,0.1119906004576093,0.0465184589697606,3,4,False,True,positive,0.6,['doge'],"[""DOGE""]",meme_joke,False,none,agrees,DOGE,0.2479,0.2466,0.2466,0.2466,0.253,0.2718,96575483.94,0.0,2.5952960259529556,10.21897810218977
1887701988135014523,"Can’t believe they doxxed another @DOGE team member …
 https://t.co/R6VuPQ1YYa",15880.0,7753.0,183389.0,954.0,39330270.0,2025-02-07 03:16:40+00:00,False,5004.0,,False,False,False,,,,"Can’t believe they doxxed another @DOGE team member …
 https://t.co/R6VuPQ1YYa",original,0.0052879372554523,0.0865918893717725,0.0422762543009668,3,4,False,True,negative,-0.7,['doge'],"[""DOGE""]",criticism,False,none,,DOGE,0.2479,0.2466,0.2466,0.2466,0.253,0.2718,96575483.94,0.0,2.5952960259529556,10.21897810218977
1887700708201296188,They wasted $100B of taxpayer money!,24665.0,6082.0,139748.0,716.0,31088152.0,2025-02-07 03:11:35+00:00,False,2341.0,,False,True,False,"Elon Musk and DOGE are getting g ready to audit CMS (Centers for Medicare and Medicaid Services). They have read only access but will be able to identify fraud, waste and abuse. 

CMS has 6,710 employees and dispersed 1.5 trillion dollars in 2024 (22% of the budget). 

CMS made 100 BILlION dollars of improper payments in 2023 according to the GAO. That accounts for 43% of all improper payments.",DefiyantlyFree,920926.0,"[Quoting @DefiyantlyFree]: Elon Musk and DOGE are getting g ready to audit CMS (Centers for Medicare and Medicaid Services). They have read only access but will be able to identify fraud, waste and abuse. 

CMS has 6,710 employees and dispersed 1.5 trillion dollars in 2024 (22% of the budget). 

CMS made 100 BILlION dollars of improper payments in 2023 according to the GAO. That accounts for 43% of all improper payments.
[Musk]: They wasted $100B of taxpayer money!",quote,0.0055072749258302,0.1764962647050405,0.043521195294387,3,4,False,True,negative,-0.6,['doge'],"[""DOGE""]",regulatory,False,none,agrees,DOGE,0.2479,0.2466,0.2466,0.2466,0.253,0.2718,96575483.94,0.0,2.5952960259529556,10.21897810218977
1887700190775153039,"Oh no, I can’t believe they doxxed @DOGE 😱",11098.0,5453.0,103006.0,579.0,17617883.0,2025-02-07 03:09:31+00:00,False,2010.0,,False,True,False,"EXCLUSIVE: DOGE STAFFERS IDENTITIES REVEALED: 

-Harry Bōlz
-Big Balls
-Dick Hurtz
-Ligma Johnson
-Biggus Dickus

Spread these names.

These are the people running your government.",alx,969967.0,"[Quoting @alx]: EXCLUSIVE: DOGE STAFFERS IDENTITIES REVEALED: 

-Harry Bōlz
-Big Balls
-Dick Hurtz
-Ligma Johnson
-Biggus Dickus

Spread these names.

These are the people running your government.
[Musk]: Oh no, I can’t believe they doxxed @DOGE 😱",quote,0.0068189804643384,0.1077412966234976,0.0529386637671591,3,4,False,True,positive,0.4,['doge'],"[""DOGE""]",meme_joke,False,none,amplifying,DOGE,0.2479,0.2466,0.2466,0.2466,0.253,0.2718,96575483.94,0.0,2.5952960259529556,10.21897810218977
1887541373840097716,Exactly,9570.0,1752.0,50302.0,113.0,16216474.0,2025-02-06 16:38:27+00:00,False,743.0,,False,True,False,"The real story here is how a federal employee from treasury was able to send 1 billion dollars worth of payments, SOME of which went to fraudulent entities. He got caught by DOGE. But the media wants you to be outraged that DOGE caught the fraudulent payments. 

Just because Congress appropriates money, that does not give the executive branch administrative agencies, the authority to send them out blindly to God only knows who.

And that is why our government is broken and the Democrats love the fact that it’s broken and that’s why they’re filing lawsuits to make sure that it remains broken.",DefiyantlyFree,920926.0,"[Quoting @DefiyantlyFree]: The real story here is how a federal employee from treasury was able to send 1 billion dollars worth of payments, SOME of which went to fraudulent entities. He got caught by DOGE. But the media wants you to be outraged that DOGE caught the fraudulent payments. 

Just because Congress appropriates money, that does not give the executive branch administrative agencies, the authority to send them out blindly to God only knows who.

And that is why our government is broken and the Democrats love the fact that it’s broken and that’s why they’re filing lawsuits to make sure that it remains broken.
[Musk]: Exactly",quote,0.0038070544805239,0.1902508846566737,0.0348296290405948,16,3,True,True,positive,0.6,['doge'],"[""DOGE""]",regulatory,False,none,agrees,DOGE,0.2479,0.2466,0.2466,0.2466,0.253,0.2718,96575483.94,0.0,2.5952960259529556,10.21897810218977
1887538325126262835,Exactly,13264.0,2354.0,68257.0,256.0,21290617.0,2025-02-06 16:26:20+00:00,False,1674.0,,False,True,False,"The DOGE discoveries are not just about ""wasted"" taxpayer funds. The real story, the 5 alarm fire, is that USAID was literally funding an entirely hand crafted pseudo-reality. Not just in America but all over the world.

You were robbed to fund global psychological operations.

-Buying off media outlets
-Pushing advertiser Boycotts against X and Rumble as they attempted to decrease censorship
(AKA narrative control)
-Pushing war propaganda
-Funding opposition groups in foreign lands to foment revolutions
-Funding lawfare against the former president of the united states and his supporters
(I could go on for an hour)

People get caught up on the ""$100K to study cocaines' impact on chihuahua"" stories. That is not the headline here.

The headline here is:
The US government robbed you blind in an effort to control your mind

That's about as big as it gets.",LibertyLockPod,231091.0,"[Quoting @LibertyLockPod]: The DOGE discoveries are not just about ""wasted"" taxpayer funds. The real story, the 5 alarm fire, is that USAID was literally funding an entirely hand crafted pseudo-reality. Not just in America but all over the world.

You were robbed to fund global psychological operations.

-Buying off media outlets
-Pushing advertiser Boycotts against X and Rumble as they attempted to decrease censorship
(AKA narrative control)
-Pushing war propaganda
-Funding opposition groups in foreign lands to foment revolutions
-Funding lawfare against the former president of the united states and his supporters
(I could go on for an hour)

People get caught up on the ""$100K to study cocaines' impact on chihuahua"" stories. That is not the headline here.

The headline here is:
The US government robbed you blind in an effort to control your mind

That's about as big as it gets.
[Musk]: Exactly",quote,0.0039515529305703,0.1943243916374877,0.0344873053313213,16,3,True,True,neutral,0.0,['doge'],"[""DOGE""]",none,False,none,agrees,DOGE,0.2479,0.2466,0.2466,0.2466,0.253,0.2718,96575483.94,0.0,2.5952960259529556,10.21897810218977
1887535165603561505,"Billions of taxpayer dollars to known FRAUDULENT entities are STILL being APPROVED by Treasury. 

This needs to STOP NOW!",36450.0,15983.0,127356.0,1370.0,27937359.0,2025-02-06 16:13:46+00:00,False,3218.0,,False,True,False,"🚨🇺🇸TREASURY OFFICIAL ALLOWED FRAUDULENT PAYMENTS WORTH BILLIONS TO CONTINUE—TRUMP ADMINISTRATION REMOVES HIM

David Lebryk, a career Treasury Department official, was pushed out by the Trump administration. Lebryk oversaw over $1 billion in federal payments but allowed fraudulent transactions to proceed hundreds, if not thousands, of times—a blatant violation of the law.

This is exactly the problem with the federal government: unelected bureaucrats making policy decisions against the will of the elected president.

Lebryk didn’t just obstruct Trump’s executive order—he actively enabled financial misconduct.

The Trump administration has made it clear: there will be no tolerance for insubordination, corruption, or rogue officials who undermine the law. Agencies need to be slashed and held accountable—80% of this bureaucracy has no oversight, no transparency, and no legitimacy.

Source: Black Enterprise, @DefiyantlyFree , @DOGE",MarioNawfal,2054216.0,"[Quoting @MarioNawfal]: 🚨🇺🇸TREASURY OFFICIAL ALLOWED FRAUDULENT PAYMENTS WORTH BILLIONS TO CONTINUE—TRUMP ADMINISTRATION REMOVES HIM

David Lebryk, a career Treasury Department official, was pushed out by the Trump administration. Lebryk oversaw over $1 billion in federal payments but allowed fraudulent transactions to proceed hundreds, if not thousands, of times—a blatant violation of the law.

This is exactly the problem with the federal government: unelected bureaucrats making policy decisions against the will of the elected president.

Lebryk didn’t just obstruct Trump’s executive order—he actively enabled financial misconduct.

The Trump administration has made it clear: there will be no tolerance for insubordination, corruption, or rogue officials who undermine the law. Agencies need to be slashed and held accountable—80% of this bureaucracy has no oversight, no transparency, and no legitimacy.

Source: Black Enterprise, @DefiyantlyFree , @DOGE
[Musk]: Billions of taxpayer dollars to known FRAUDULENT entities are STILL being APPROVED by Treasury. 

This needs to STOP NOW!",quote,0.0064844712057428,0.2862055969094507,0.1254986023430384,16,3,True,True,negative,-0.85,['doge'],"[""DOGE""]",regulatory,False,none,agrees,DOGE,0.2479,0.2466,0.2466,0.2466,0.253,0.2718,96575483.94,0.0,2.5952960259529556,10.21897810218977
1887508248606994442,"@AutismCapital To be clear, @DOGE triple-checked with @POTUS before taking action",518.0,379.0,4531.0,29.0,91351.0,2025-02-06 14:26:49+00:00,True,96.0,AutismCapital,False,False,False,,,,"@AutismCapital To be clear, @DOGE triple-checked with @POTUS before taking action",reply,0.0597366202887762,0.1143235488854557,0.0836459942617523,14,3,False,True,neutral,0.0,['doge'],"[""DOGE""]",none,False,none,,DOGE,0.2479,0.2466,0.2466,0.2466,0.253,0.2718,96575483.94,0.0,2.5952960259529556,10.21897810218977
1887383992955248859,Exactly,11221.0,3824.0,130037.0,341.0,34315830.0,2025-02-06 06:13:04+00:00,False,3132.0,,False,True,False,This is what @DOGE is currently doing to the US government. https://t.co/wImQ8Q4WUM,stevenmarkryan,363992.0,"[Quoting @stevenmarkryan]: This is what @DOGE is currently doing to the US government. https://t.co/wImQ8Q4WUM
[Musk]: Exactly",quote,0.0042377818050736,0.0862908249190615,0.0294070149265209,6,3,False,True,positive,0.7,['doge'],"[""DOGE""]",endorsement,True,buy,agrees,DOGE,0.2561,0.2479,0.2479,0.2479,0.2466,0.2625,96575623.29,0.0,-0.5244050020169405,5.889471561113353
1887263781325099487,Interesting,2349.0,1732.0,18476.0,53.0,11542496.0,2025-02-05 22:15:23+00:00,False,415.0,,False,True,False,@DOGE View live DOGE forecast https://t.co/Ilt7VLeSUp,Kalshi,105870.0,"[Quoting @Kalshi]: @DOGE View live DOGE forecast https://t.co/Ilt7VLeSUp
[Musk]: Interesting",quote,0.0019588484154553,0.1271379086382333,0.0937432344663347,22,2,False,True,positive,0.3,['doge'],"[""DOGE""]",market_commentary,False,none,amplifying,DOGE,0.2561,0.2479,0.2479,0.2479,0.2466,0.2625,96575623.29,0.0,-0.5244050020169405,5.889471561113353
1887241386854130086,@ScienceGuy2718 @realDonaldTrump @DOGE I agree!,181.0,176.0,4320.0,9.0,117575.0,2025-02-05 20:46:24+00:00,True,66.0,ScienceGuy2718,False,False,False,,,,@ScienceGuy2718 @realDonaldTrump @DOGE I agree!,reply,0.0398554114395066,0.0418981481481481,0.0407407407407407,20,2,True,True,positive,0.6,['doge'],"[""DOGE""]",endorsement,True,buy,,DOGE,0.2561,0.2479,0.2479,0.2479,0.2466,0.2625,96575623.29,0.0,-0.5244050020169405,5.889471561113353
1887233566263967812,"With the support of President @realDonaldTrump, the @DOGE team will aim to make rapid safety upgrades to the air traffic control system.

Just a few days ago, the FAA’s primary aircraft safety notification system failed for several hours!

https://t.co/WHwNNBN0Zd",24262.0,6152.0,136716.0,1138.0,17900482.0,2025-02-05 20:15:19+00:00,False,2935.0,,False,True,False,Big News - Talked to the DOGE team. They are going to plug in to help upgrade our aviation system.,SecDuffy,291203.0,"[Quoting @SecDuffy]: Big News - Talked to the DOGE team. They are going to plug in to help upgrade our aviation system.
[Musk]: With the support of President @realDonaldTrump, the @DOGE team will aim to make rapid safety upgrades to the air traffic control system.

Just a few days ago, the FAA’s primary aircraft safety notification system failed for several hours!

https://t.co/WHwNNBN0Zd",quote,0.0094001938048372,0.1774627695368501,0.0449983908247754,20,2,True,True,positive,0.7,['doge'],"[""DOGE""]",partnership,False,none,agrees,DOGE,0.2561,0.2479,0.2479,0.2479,0.2466,0.2625,96575623.29,0.0,-0.5244050020169405,5.889471561113353
1887228628028551386,Interesting,6068.0,1700.0,32022.0,113.0,9280180.0,2025-02-05 19:55:42+00:00,False,4515.0,,False,True,False,"Prince Alwaleed bin Talal is one of the biggest media investors in the world. Here’s why he thinks X now dominates everything.

(0:00) Prince Alwaleed bin Talal’s Thoughts on Donald Trump
(2:26) Saudi Arabia’s Relationship With Israel and Iran
(6:55) Negotiating With Trump
(7:56) Wokeism and Transgenderism
(11:34) Rupert Murdoch, Corporate Media’s Left-Wing Bias, and Investing in X
(16:13) Why Are Bezos and Zuckerberg Suddenly Pro-Trump?
(24:31) Western Europe Is Very Sick
(29:22) Trump’s Tariffs
(30:55) China’s DeepSeek
(34:13) Venezuela’s Oil Reserves
(42:24) American, Russian, and Chinese Imperialism
(50:02) Why Alwaleed Refuses to Invest in Crypto
(53:00) The West’s Drug and Alcohol Problem

Includes paid partnerships.",TuckerCarlson,15710448.0,"[Quoting @TuckerCarlson]: Prince Alwaleed bin Talal is one of the biggest media investors in the world. Here’s why he thinks X now dominates everything.

(0:00) Prince Alwaleed bin Talal’s Thoughts on Donald Trump
(2:26) Saudi Arabia’s Relationship With Israel and Iran
(6:55) Negotiating With Trump
(7:56) Wokeism and Transgenderism
(11:34) Rupert Murdoch, Corporate Media’s Left-Wing Bias, and Investing in X
(16:13) Why Are Bezos and Zuckerberg Suddenly Pro-Trump?
(24:31) Western Europe Is Very Sick
(29:22) Trump’s Tariffs
(30:55) China’s DeepSeek
(34:13) Venezuela’s Oil Reserves
(42:24) American, Russian, and Chinese Imperialism
(50:02) Why Alwaleed Refuses to Invest in Crypto
(53:00) The West’s Drug and Alcohol Problem

Includes paid partnerships.
[Musk]: Interesting",quote,0.0042998088399147,0.1894947223783648,0.0530885016551121,19,2,True,True,neutral,0.0,['crypto'],[],none,False,none,neutral,DOGE,0.2561,0.2479,0.2479,0.2479,0.2466,0.2625,96575623.29,0.0,-0.5244050020169405,5.889471561113353
1887185959596253599,Corrupt politician says what?,25996.0,11188.0,198517.0,1282.0,44435236.0,2025-02-05 17:06:09+00:00,False,2551.0,,False,True,False,".@ElonMusk gave Trump $250m, so Trump handed him control of America's checkbook.

Musk and his 20-something DOGE cadre can now access your social security number, home address and more.

This is unprecedented corruption, an invasion of privacy, and a threat to national security.",RepDanGoldman,84005.0,"[Quoting @RepDanGoldman]: .@ElonMusk gave Trump $250m, so Trump handed him control of America's checkbook.

Musk and his 20-something DOGE cadre can now access your social security number, home address and more.

This is unprecedented corruption, an invasion of privacy, and a threat to national security.
[Musk]: Corrupt politician says what?",quote,0.0053332224903677,0.1309510016774382,0.0563578937823964,17,2,True,True,neutral,0.0,['doge'],"[""DOGE""]",regulatory,False,none,mocking,DOGE,0.2561,0.2479,0.2479,0.2479,0.2466,0.2625,96575623.29,0.0,-0.5244050020169405,5.889471561113353
1887184296126947714,@SenJoniErnst @DOGE True,50.0,64.0,991.0,4.0,27986.0,2025-02-05 16:59:33+00:00,True,17.0,SenJoniErnst,False,False,False,,,,@SenJoniErnst @DOGE True,reply,0.0396269563353105,0.0504540867810292,0.0645812310797174,16,2,True,True,positive,0.6,['doge'],"[""DOGE""]",endorsement,True,buy,,DOGE,0.2561,0.2479,0.2479,0.2479,0.2466,0.2625,96575623.29,0.0,-0.5244050020169405,5.889471561113353
1887177695789760647,"She comes to me on this day of my DOGE’s wedding and makes these demands. 

But does she call me The DOGEfather? Is she even a friend?

Buona sera, buono sera …",21825.0,17946.0,143275.0,1336.0,30128792.0,2025-02-05 16:33:19+00:00,False,3293.0,,False,True,False,@Rep_Stansbury Can I help you? https://t.co/5JhYxdzBmg,elonmusk,218023674.0,"[Quoting @elonmusk]: @Rep_Stansbury Can I help you? https://t.co/5JhYxdzBmg
[Musk]: She comes to me on this day of my DOGE’s wedding and makes these demands. 

But does she call me The DOGEfather? Is she even a friend?

Buona sera, buono sera …",quote,0.0061197939831109,0.1523294363985342,0.1252556272901762,16,2,True,True,positive,0.6,['doge'],"[""DOGE""]",meme_joke,False,none,mocking,DOGE,0.2561,0.2479,0.2479,0.2479,0.2466,0.2625,96575623.29,0.0,-0.5244050020169405,5.889471561113353
1887156853315911817,"Accurate. 

We just renamed US Digital Services, created by Obama, to US DOGE Services, with a mandate to modernize all computer systems in the US government. 

This is something that is sorely needed!",18756.0,3528.0,94803.0,961.0,8405379.0,2025-02-05 15:10:30+00:00,False,5886.0,,False,True,False,"🧵🧵DOGE - A Lawyer’s Perspective on the @elonmusk @realDonaldTrump Policy Centerpiece

I inherently do not trust the media so I decided to look into DOGE myself and see what is under the hood. Initially I was quite concerned about the legality of a “new agency” created by executive order but that - just like everything else - is a lie put out by the mainstream. The order is here and the thread is below:

@VigilantFox",RenzTom,316595.0,"[Quoting @RenzTom]: 🧵🧵DOGE - A Lawyer’s Perspective on the @elonmusk @realDonaldTrump Policy Centerpiece

I inherently do not trust the media so I decided to look into DOGE myself and see what is under the hood. Initially I was quite concerned about the legality of a “new agency” created by executive order but that - just like everything else - is a lie put out by the mainstream. The order is here and the thread is below:

@VigilantFox
[Musk]: Accurate. 

We just renamed US Digital Services, created by Obama, to US DOGE Services, with a mandate to modernize all computer systems in the US government. 

This is something that is sorely needed!",quote,0.014044339939936,0.1978418404480871,0.0372140122148033,15,2,True,True,positive,0.7,['doge'],"[""DOGE""]",endorsement,False,none,agrees,DOGE,0.2561,0.2479,0.2479,0.2479,0.2466,0.2625,96575623.29,0.0,-0.5244050020169405,5.889471561113353
1887146932230832611,Exactly,10249.0,2135.0,60679.0,167.0,10185739.0,2025-02-05 14:31:04+00:00,False,543.0,,False,True,False,"@elonmusk @DOGE @POTUS “The level of panic over Trump and Elon shutting down ‘DEMOCRATS GLOBAL MONEY LAUNDERING OPERATION’ is unlike anything he’s ever seen.”

Fixed it.",WallStreetApes,822471.0,"[Quoting @WallStreetApes]: @elonmusk @DOGE @POTUS “The level of panic over Trump and Elon shutting down ‘DEMOCRATS GLOBAL MONEY LAUNDERING OPERATION’ is unlike anything he’s ever seen.”

Fixed it.
[Musk]: Exactly",quote,0.007189463621638,0.1689052225646434,0.035185154666359,14,2,True,True,positive,0.6,['doge'],"[""DOGE""]",endorsement,True,buy,agrees,DOGE,0.2561,0.2479,0.2479,0.2479,0.2466,0.2625,96575623.29,0.0,-0.5244050020169405,5.889471561113353
1887143363557617775,Yeah,23473.0,4904.0,76756.0,634.0,6806795.0,2025-02-05 14:16:53+00:00,False,2289.0,,False,True,False,"🚨🇺🇸HOW THE SOROS FAMILY SHAPED U.S POLITICS FROM THE SHADOWS

George Soros and his son Alex aren’t running for office - they don’t have to. 

With billions in political spending, they have a long history of handpicking candidates, rewriting laws, and reshaping America from behind the curtain.

By flooding low-turnout elections with cash, they’ve installed progressive prosecutors, influenced criminal justice policies, and steered political agendas - all without ever facing voters themselves.

As Democrats like Chuck Schumer freak out over DOGE, calling it ‘un-elected secret group running rampant through the executive branch’ it’s worth remembering the influence the Soros family has exerted on U.S politics.

If unelected power is suddenly a crisis, where was the outrage when the Soros empire was quietly shaping policy, funding campaigns, and pulling political strings for decades?

Source: Politico",MarioNawfal,2054216.0,"[Quoting @MarioNawfal]: 🚨🇺🇸HOW THE SOROS FAMILY SHAPED U.S POLITICS FROM THE SHADOWS

George Soros and his son Alex aren’t running for office - they don’t have to. 

With billions in political spending, they have a long history of handpicking candidates, rewriting laws, and reshaping America from behind the curtain.

By flooding low-turnout elections with cash, they’ve installed progressive prosecutors, influenced criminal justice policies, and steered political agendas - all without ever facing voters themselves.

As Democrats like Chuck Schumer freak out over DOGE, calling it ‘un-elected secret group running rampant through the executive branch’ it’s worth remembering the influence the Soros family has exerted on U.S politics.

If unelected power is suddenly a crisis, where was the outrage when the Soros empire was quietly shaping policy, funding campaigns, and pulling political strings for decades?

Source: Politico
[Musk]: Yeah",quote,0.0155384435699914,0.3058132263275835,0.0638907707540778,14,2,False,True,neutral,0.0,['doge'],"[""DOGE""]",market_commentary,False,none,agrees,DOGE,0.2561,0.2479,0.2479,0.2479,0.2466,0.2625,96575623.29,0.0,-0.5244050020169405,5.889471561113353
1886921310682353860,Truth is indistinguishable from parody these days 🤣🤣,15830.0,4167.0,132632.0,542.0,33016314.0,2025-02-04 23:34:32+00:00,False,4351.0,,False,True,False,🚨BREAKING: Amazon Prime cancels Rings of Power Season 3 after USAID grant funding for “Increased Racial Diversity and LGBT Representation among the Peoples of Middle Earth” gets axed by @DOGE,William_E_Wolfe,67271.0,"[Quoting @William_E_Wolfe]: 🚨BREAKING: Amazon Prime cancels Rings of Power Season 3 after USAID grant funding for “Increased Racial Diversity and LGBT Representation among the Peoples of Middle Earth” gets axed by @DOGE
[Musk]: Truth is indistinguishable from parody these days 🤣🤣",quote,0.004639251977068,0.1193527957054104,0.0314177574039447,23,1,False,True,neutral,0.0,['doge'],"[""DOGE""]",none,False,none,mocking,DOGE,0.2636,0.2561,0.2561,0.2561,0.2479,0.2642,97245326.4,0.0,-3.2018742678641097,3.1628270206950395
1886868701057896573,"Obviously, @DOGE is trying to STOP your tax dollars from being stolen for WASTE and FRAUD. 

@RepJeffries wants that to continue.",49942.0,39511.0,243160.0,3754.0,20127122.0,2025-02-04 20:05:29+00:00,False,3863.0,,False,True,False,"HAKEEM JEFFRIES: ""They are raiding the government, attempting to steal taxpayer money. That's what the situation at the Treasury Department is all about."" https://t.co/kc7fXZlJaf",TheChiefNerd,800638.0,"[Quoting @TheChiefNerd]: HAKEEM JEFFRIES: ""They are raiding the government, attempting to steal taxpayer money. That's what the situation at the Treasury Department is all about."" https://t.co/kc7fXZlJaf
[Musk]: Obviously, @DOGE is trying to STOP your tax dollars from being stolen for WASTE and FRAUD. 

@RepJeffries wants that to continue.",quote,0.0167121260555781,0.2053873992432966,0.1624897187037341,20,1,True,True,positive,0.6,['doge'],"[""DOGE""]",endorsement,False,none,disagrees,DOGE,0.2636,0.2561,0.2561,0.2561,0.2479,0.2642,97245326.4,0.0,-3.2018742678641097,3.1628270206950395
1886847092888310231,Would you like @DOGE to audit the IRS?,38963.0,59350.0,250812.0,4661.0,78943898.0,2025-02-04 18:39:37+00:00,False,5129.0,,False,False,False,,,,Would you like @DOGE to audit the IRS?,original,0.0044814863334972,0.1553474315423504,0.2366314211441239,18,1,True,True,positive,0.6,['doge'],"[""DOGE""]",regulatory,False,none,,DOGE,0.2636,0.2561,0.2561,0.2561,0.2479,0.2642,97245326.4,0.0,-3.2018742678641097,3.1628270206950395
1886842910416535753,"If they want to cancel @DOGE in exchange for deleting everything in the federal government that isn’t explicit law passed by Congress, I would gladly take that deal!

But they would never do it. Not in a million years.",29152.0,4138.0,172476.0,612.0,17077537.0,2025-02-04 18:23:00+00:00,False,3532.0,,False,True,False,"""DOGE isn't in the constitution!""

Neither are the ATF or the IRS or the Fed

We can play this game all day",JackPosobiec,3069163.0,"[Quoting @JackPosobiec]: ""DOGE isn't in the constitution!""

Neither are the ATF or the IRS or the Fed

We can play this game all day
[Musk]: If they want to cancel @DOGE in exchange for deleting everything in the federal government that isn’t explicit law passed by Congress, I would gladly take that deal!

But they would never do it. Not in a million years.",quote,0.0120847637454979,0.169020617361256,0.0239917437788445,18,1,True,True,positive,0.7,['doge'],"[""DOGE""]",endorsement,False,none,agrees,DOGE,0.2636,0.2561,0.2561,0.2561,0.2479,0.2642,97245326.4,0.0,-3.2018742678641097,3.1628270206950395
1886841450802856305,Vindman wants his bribe money,35427.0,8478.0,134175.0,1175.0,9308811.0,2025-02-04 18:17:12+00:00,False,2884.0,,False,True,False,DOGE: Why was Lt Col Vindman trying to get into the USAID building yesterday? Vindman was not authorized to enter the building and it almost all USAID workers were told not to come to the office on Monday. Security blocked his entrance but questions remain.,amuse,555071.0,"[Quoting @amuse]: DOGE: Why was Lt Col Vindman trying to get into the USAID building yesterday? Vindman was not authorized to enter the building and it almost all USAID workers were told not to come to the office on Monday. Security blocked his entrance but questions remain.
[Musk]: Vindman wants his bribe money",quote,0.0192564872141028,0.264035774175517,0.0631861375069871,18,1,True,True,negative,-0.7,['doge'],"[""DOGE""]",criticism,False,none,mocking,DOGE,0.2636,0.2561,0.2561,0.2561,0.2479,0.2642,97245326.4,0.0,-3.2018742678641097,3.1628270206950395
1886840365329608708,"He’s mad that @DOGE is dismantling the radical-left shadow government in full view of the public.

This is our ONE CHANCE to return POWER to the PEOPLE from an unelected BUREAUcracy back to DEMOcracy!!

Only with the support of YOU can this succeed. Thank you, unknown soldiers.",95025.0,65825.0,470939.0,6885.0,33220051.0,2025-02-04 18:12:53+00:00,False,10339.0,,False,True,False,"🚨Chuck Schumer on DOGE: ""The American people will not stand for an un-elected secret group to run rampant through the executive branch. Being innovative is good, but Mr. Musk, this isn't a tech startup. These are public institutions."" https://t.co/yPcFatrJuE",unlimited_ls,138992.0,"[Quoting @unlimited_ls]: 🚨Chuck Schumer on DOGE: ""The American people will not stand for an un-elected secret group to run rampant through the executive branch. Being innovative is good, but Mr. Musk, this isn't a tech startup. These are public institutions."" https://t.co/yPcFatrJuE
[Musk]: He’s mad that @DOGE is dismantling the radical-left shadow government in full view of the public.

This is our ONE CHANCE to return POWER to the PEOPLE from an unelected BUREAUcracy back to DEMOcracy!!

Only with the support of YOU can this succeed. Thank you, unknown soldiers.",quote,0.0192255574803301,0.2017777249282815,0.139773940998728,18,1,True,True,positive,0.8,['doge'],"[""DOGE""]",endorsement,False,none,disagrees,DOGE,0.2636,0.2561,0.2561,0.2561,0.2479,0.2642,97245326.4,0.0,-3.2018742678641097,3.1628270206950395
1886821436477645142,Great thread,5248.0,1043.0,26511.0,80.0,7046893.0,2025-02-04 16:57:40+00:00,False,865.0,,False,True,False,"🧵From funneling tax dollars to risky research in Wuhan to sending Ukrainians to Paris Fashion Week, USAID is one of the worst offenders of waste in Washington… all around the world. 🌎

This is why @POTUS, @DOGE, and @elonmusk are ending the nonsense. 👇",SenJoniErnst,243211.0,"[Quoting @SenJoniErnst]: 🧵From funneling tax dollars to risky research in Wuhan to sending Ukrainians to Paris Fashion Week, USAID is one of the worst offenders of waste in Washington… all around the world. 🌎

This is why @POTUS, @DOGE, and @elonmusk are ending the nonsense. 👇
[Musk]: Great thread",quote,0.0046661698992733,0.1979555656142733,0.039342159858172,16,1,True,True,positive,0.6,['doge'],"[""DOGE""]",endorsement,False,none,agrees,DOGE,0.2636,0.2561,0.2561,0.2561,0.2479,0.2642,97245326.4,0.0,-3.2018742678641097,3.1628270206950395
1886821184940961953,Your tax dollars should be spent on America or the government should just tax you less,14854.0,5886.0,98907.0,650.0,19270553.0,2025-02-04 16:56:40+00:00,False,1197.0,,False,True,False,"🧵From funneling tax dollars to risky research in Wuhan to sending Ukrainians to Paris Fashion Week, USAID is one of the worst offenders of waste in Washington… all around the world. 🌎

This is why @POTUS, @DOGE, and @elonmusk are ending the nonsense. 👇",SenJoniErnst,243211.0,"[Quoting @SenJoniErnst]: 🧵From funneling tax dollars to risky research in Wuhan to sending Ukrainians to Paris Fashion Week, USAID is one of the worst offenders of waste in Washington… all around the world. 🌎

This is why @POTUS, @DOGE, and @elonmusk are ending the nonsense. 👇
[Musk]: Your tax dollars should be spent on America or the government should just tax you less",quote,0.0062425297291676,0.150181483615922,0.0595104492098638,16,1,True,True,neutral,0.0,['doge'],"[""DOGE""]",regulatory,False,none,agrees,DOGE,0.2636,0.2561,0.2561,0.2561,0.2479,0.2642,97245326.4,0.0,-3.2018742678641097,3.1628270206950395
1886815917499171326,"What Raskin actually means is that he wants his kickbacks and bribes to continue. 

US lobbying/law firms who launder foreign donations (which are actually US taxpayer foreign aid coming full circle!) need to be investigated and shut down.",40298.0,16765.0,162237.0,2089.0,11522651.0,2025-02-04 16:35:44+00:00,False,2562.0,,False,True,False,"BREAKING: Rep. Jamie Raskin blasts Elon Musk outside USAID HQ, declaring that Democrats will block DOGE from eliminating government waste and fraud.

""Elon Musk, you didn't create USAID.""

""He doesn't have the power to destroy it, and who will stop him? We are!""

""We don't have a fourth branch of government called Elon Musk.""

Meanwhile, the U.S. is $37 trillion in debt—and Americans elected President Trump, who promised to empower Elon Musk and DOGE to cut wasteful spending.",KanekoaTheGreat,1060971.0,"[Quoting @KanekoaTheGreat]: BREAKING: Rep. Jamie Raskin blasts Elon Musk outside USAID HQ, declaring that Democrats will block DOGE from eliminating government waste and fraud.

""Elon Musk, you didn't create USAID.""

""He doesn't have the power to destroy it, and who will stop him? We are!""

""We don't have a fourth branch of government called Elon Musk.""

Meanwhile, the U.S. is $37 trillion in debt—and Americans elected President Trump, who promised to empower Elon Musk and DOGE to cut wasteful spending.
[Musk]: What Raskin actually means is that he wants his kickbacks and bribes to continue. 

US lobbying/law firms who launder foreign donations (which are actually US taxpayer foreign aid coming full circle!) need to be investigated and shut down.",quote,0.0192133737279728,0.2483897014860974,0.1033364768825853,16,1,True,True,positive,0.6,['doge'],"[""DOGE""]",regulatory,False,none,agrees,DOGE,0.2636,0.2561,0.2561,0.2561,0.2479,0.2642,97245326.4,0.0,-3.2018742678641097,3.1628270206950395
1886811716828217604,"She says that they took down “incriminating books”. 

Now I’m curious. 

Like, Communist Manifesto or what? 😂",12714.0,3961.0,67684.0,345.0,6669237.0,2025-02-04 16:19:03+00:00,False,2082.0,,False,True,False,"ABC actually aired a USAID employee's description of the scramble as DOGE rolled up to the office, and their hurried removal of woke iconography a la the documents burning scene in Downfall:

""@DOGE was in the building. We started -- we took down our pride flags, we took down- I took out any books I felt would be incriminating. No one was talking, We heard they started taking transcripts automatically of all of our Google meets. We -- they unplugged the news in the little kitchen galleys. It didn't feel good. And then Saturday, all of the websites went down. And then I lost complete access to my computer.""",BonillaJL,16151.0,"[Quoting @BonillaJL]: ABC actually aired a USAID employee's description of the scramble as DOGE rolled up to the office, and their hurried removal of woke iconography a la the documents burning scene in Downfall:

""@DOGE was in the building. We started -- we took down our pride flags, we took down- I took out any books I felt would be incriminating. No one was talking, We heard they started taking transcripts automatically of all of our Google meets. We -- they unplugged the news in the little kitchen galleys. It didn't feel good. And then Saturday, all of the websites went down. And then I lost complete access to my computer.""
[Musk]: She says that they took down “incriminating books”. 

Now I’m curious. 

Like, Communist Manifesto or what? 😂",quote,0.0127007032438643,0.1878435080668991,0.0585219549672005,16,1,True,True,positive,0.4,['doge'],"[""DOGE""]",meme_joke,False,none,mocking,DOGE,0.2636,0.2561,0.2561,0.2561,0.2479,0.2642,97245326.4,0.0,-3.2018742678641097,3.1628270206950395
1886701194782892524,"Hysterical reactions like this is how you know that @DOGE is doing work that really matters.

This is the one shot the American people have to defeat BUREAUcracy, rule of the bureaucrats, and restore DEMOcracy, rule of the people. We’re never going to get another chance like",48987.0,22992.0,258697.0,2968.0,24669189.0,2025-02-04 08:59:52+00:00,False,5437.0,,False,True,False,"An unelected shadow government is conducting a hostile takeover of the federal government.

DOGE is not a real government agency.
DOGE has no authority to make spending decisions.
DOGE has no authority to shut programs down or to ignore federal law.
DOGE’s conduct cannot be allowed to stand.

Congress must take action to restore the rule of law.",SenSchumer,3354501.0,"[Quoting @SenSchumer]: An unelected shadow government is conducting a hostile takeover of the federal government.

DOGE is not a real government agency.
DOGE has no authority to make spending decisions.
DOGE has no authority to shut programs down or to ignore federal law.
DOGE’s conduct cannot be allowed to stand.

Congress must take action to restore the rule of law.
[Musk]: Hysterical reactions like this is how you know that @DOGE is doing work that really matters.

This is the one shot the American people have to defeat BUREAUcracy, rule of the bureaucrats, and restore DEMOcracy, rule of the people. We’re never going to get another chance like",quote,0.0135247251135819,0.1893605260207888,0.0888761756031187,8,1,False,True,positive,0.7,['doge'],"[""DOGE""]",regulatory,False,none,disagrees,DOGE,0.2852,0.2636,0.2636,0.2636,0.2561,0.2531,239647602.08,0.0,-2.845220030349016,-3.9833080424886225
1886682629438632173,Threatening or encouraging murder is a crime. Those who do so will go to prison.,24563.0,7585.0,116926.0,821.0,10376769.0,2025-02-04 07:46:06+00:00,False,1820.0,,False,True,False,"🇺🇸FEDS CRACK DOWN ON THREATS TO ELON’S DOGE TEAM

Elon’s government efficiency squad is now at the center of a federal investigation—but not for wrongdoing. 

DOGE employees have been doxxed, harassed, and even threatened with violence online, with posts calling for their deaths.

In a letter to Elon, the U.S. attorney promised to go after anyone threatening his people. 

He later doubled down online, saying his team was working with the FBI and prepping charges.

The message is clear: targeting DOGE employees could come with real consequences.

Source: WaPo",MarioNawfal,2054225.0,"[Quoting @MarioNawfal]: 🇺🇸FEDS CRACK DOWN ON THREATS TO ELON’S DOGE TEAM

Elon’s government efficiency squad is now at the center of a federal investigation—but not for wrongdoing. 

DOGE employees have been doxxed, harassed, and even threatened with violence online, with posts calling for their deaths.

In a letter to Elon, the U.S. attorney promised to go after anyone threatening his people. 

He later doubled down online, saying his team was working with the FBI and prepping charges.

The message is clear: targeting DOGE employees could come with real consequences.

Source: WaPo
[Musk]: Threatening or encouraging murder is a crime. Those who do so will go to prison.",quote,0.0144452478415969,0.210073037647743,0.0648700887740964,7,1,False,True,positive,0.7,['doge'],"[""DOGE""]",regulatory,False,none,agrees,DOGE,0.2852,0.2636,0.2636,0.2636,0.2561,0.2531,239647602.08,0.0,-2.845220030349016,-3.9833080424886225
1886682005749788806,My preferred title is just ‘Tech Support’,16794.0,9592.0,139474.0,883.0,28467541.0,2025-02-04 07:43:37+00:00,False,2065.0,,False,True,False,"🚨🇺🇸TRUMP & ELON’S DOGE INITIATIVE: TAKING A SLEDGEHAMMER TO THE DEEP STATE

Trump’s reelection sent shockwaves through Washington, but nothing has rattled the establishment more than his creation of the Department of Government Efficiency (DOGE) - a wrecking ball aimed straight at the Deep State. 

With Elon at the helm, DOGE is tearing through bureaucratic red tape, exposing government waste, and bringing long-overdue transparency to the system.

Elon isn’t just lending his name - he’s applying real-world business expertise to modernize a bloated and inefficient government. 

Regulations that served no purpose but to entrench unelected power brokers are being slashed. The swamp is panicking. 

Legal challenges, media attacks, and political sabotage are already in motion - clear signs that DOGE is striking a nerve.

The Deep State’s grip on power has been unchecked for decades. Now, for the first time, there’s a real effort to dismantle it. 

The question isn’t whether Trump and Elon will win - it’s how far the establishment is willing to go to stop them.",MarioNawfal,2054225.0,"[Quoting @MarioNawfal]: 🚨🇺🇸TRUMP & ELON’S DOGE INITIATIVE: TAKING A SLEDGEHAMMER TO THE DEEP STATE

Trump’s reelection sent shockwaves through Washington, but nothing has rattled the establishment more than his creation of the Department of Government Efficiency (DOGE) - a wrecking ball aimed straight at the Deep State. 

With Elon at the helm, DOGE is tearing through bureaucratic red tape, exposing government waste, and bringing long-overdue transparency to the system.

Elon isn’t just lending his name - he’s applying real-world business expertise to modernize a bloated and inefficient government. 

Regulations that served no purpose but to entrench unelected power brokers are being slashed. The swamp is panicking. 

Legal challenges, media attacks, and political sabotage are already in motion - clear signs that DOGE is striking a nerve.

The Deep State’s grip on power has been unchecked for decades. Now, for the first time, there’s a real effort to dismantle it. 

The question isn’t whether Trump and Elon will win - it’s how far the establishment is willing to go to stop them.
[Musk]: My preferred title is just ‘Tech Support’",quote,0.0058573025327336,0.120409538695384,0.0687726744769634,7,1,False,True,positive,0.7,['doge'],"[""DOGE""]",endorsement,False,none,agrees,DOGE,0.2852,0.2636,0.2636,0.2636,0.2561,0.2531,239647602.08,0.0,-2.845220030349016,-3.9833080424886225
1886677155481813316,@natfriedman The quality of the @DOGE team is epic,221.0,131.0,3436.0,9.0,51225.0,2025-02-04 07:24:21+00:00,True,46.0,natfriedman,False,False,False,,,,@natfriedman The quality of the @DOGE team is epic,reply,0.0741239629087359,0.0643189755529685,0.0381257275902211,7,1,False,True,positive,0.8,['doge'],"[""DOGE""]",endorsement,False,none,,DOGE,0.2852,0.2636,0.2636,0.2636,0.2561,0.2531,239647602.08,0.0,-2.845220030349016,-3.9833080424886225
1886674884215902387,"@markpinc Doge has not looked at, nor is there any interest in, private financial data. What would we even do with it?

The outgoing payment review process just looks at potential fraud and wasteful spending to organizations. 

Corrupt politicians are the ones complaining. I wonder why?",459.0,159.0,3542.0,24.0,109259.0,2025-02-04 07:15:19+00:00,True,158.0,markpinc,False,False,False,,,,"@markpinc Doge has not looked at, nor is there any interest in, private financial data. What would we even do with it?

The outgoing payment review process just looks at potential fraud and wasteful spending to organizations. 

Corrupt politicians are the ones complaining. I wonder why?",reply,0.0382943281560329,0.1295878035008469,0.0448898927159796,7,1,False,True,positive,0.6,['doge'],"[""DOGE""]",criticism,False,none,,DOGE,0.2852,0.2636,0.2636,0.2636,0.2561,0.2531,239647602.08,0.0,-2.845220030349016,-3.9833080424886225
1886673484576698876,@libsoftiktok @BUQuestrom @DOGE @BU_Tweets Noted,172.0,177.0,2447.0,14.0,47856.0,2025-02-04 07:09:46+00:00,True,40.0,libsoftiktok,False,False,False,,,,@libsoftiktok @BUQuestrom @DOGE @BU_Tweets Noted,reply,0.0587178201270478,0.0702901512055578,0.0723334695545566,7,1,False,True,neutral,0.0,['doge'],"[""DOGE""]",none,False,none,,DOGE,0.2852,0.2636,0.2636,0.2636,0.2561,0.2531,239647602.08,0.0,-2.845220030349016,-3.9833080424886225
1886673433796223110,@libsoftiktok @BUQuestrom @DOGE He has committed a crime.,1121.0,611.0,12090.0,30.0,1077232.0,2025-02-04 07:09:33+00:00,True,112.0,libsoftiktok,False,False,False,,,,@libsoftiktok @BUQuestrom @DOGE He has committed a crime.,reply,0.0128588827662007,0.0927212572373862,0.0505376344086021,7,1,False,True,neutral,0.0,['doge'],"[""DOGE""]",none,False,none,,DOGE,0.2852,0.2636,0.2636,0.2636,0.2561,0.2531,239647602.08,0.0,-2.845220030349016,-3.9833080424886225
1886637769373503768,@OcrazioCornPop @DOGE Good question,179.0,121.0,1564.0,12.0,34554.0,2025-02-04 04:47:50+00:00,True,25.0,OcrazioCornPop,False,False,False,,,,@OcrazioCornPop @DOGE Good question,reply,0.0542918330728714,0.1144501278772378,0.0773657289002557,4,1,False,True,positive,0.3,['doge'],"[""DOGE""]",endorsement,False,none,,DOGE,0.2852,0.2636,0.2636,0.2636,0.2561,0.2531,239647602.08,0.0,-2.845220030349016,-3.9833080424886225
1886637579577020896,Don’t mess with @DOGE https://t.co/wgdJBxNzyG,34746.0,9164.0,209728.0,1583.0,16593465.0,2025-02-04 04:47:05+00:00,False,5677.0,,False,False,False,,,,Don’t mess with @DOGE https://t.co/wgdJBxNzyG,original,0.0153808140734921,0.1656717271895026,0.0436946902654867,4,1,False,True,positive,0.7,['doge'],"[""DOGE""]",endorsement,False,none,,DOGE,0.2852,0.2636,0.2636,0.2636,0.2561,0.2531,239647602.08,0.0,-2.845220030349016,-3.9833080424886225
1886627783138316442,"All @DOGE did was check to see which federal organizations were violating the @POTUS executive orders the most. 

Turned out to be USAID, so that became our focus.",34162.0,5924.0,184347.0,1087.0,25221022.0,2025-02-04 04:08:10+00:00,False,6108.0,,False,True,False,"Talked to a friend who has connections within the Democratic Party and he said the level of panic over Trump and Elon shutting down USAID is unlike anything he’s ever seen.

By following the money DOGE has struck a killing blow to the heart of the Democrat deep state machine.",Anc_Aesthetics,465435.0,"[Quoting @Anc_Aesthetics]: Talked to a friend who has connections within the Democratic Party and he said the level of panic over Trump and Elon shutting down USAID is unlike anything he’s ever seen.

By following the money DOGE has struck a killing blow to the heart of the Democrat deep state machine.
[Musk]: All @DOGE did was check to see which federal organizations were violating the @POTUS executive orders the most. 

Turned out to be USAID, so that became our focus.",quote,0.0089417470870133,0.1853135662636224,0.0321350496617791,4,1,False,True,positive,0.7,['doge'],"[""DOGE""]",market_commentary,False,none,agrees,DOGE,0.2852,0.2636,0.2636,0.2636,0.2561,0.2531,239647602.08,0.0,-2.845220030349016,-3.9833080424886225
1886625632836104529,DOGE is the wood chipper for bureaucracy,29943.0,13669.0,323239.0,1841.0,64538680.0,2025-02-04 03:59:37+00:00,False,3839.0,,False,False,False,,,,DOGE is the wood chipper for bureaucracy,original,0.0057127291726449,0.0926342427739227,0.0422875952468606,3,1,False,True,positive,0.7,['doge'],"[""DOGE""]",market_commentary,False,none,,DOGE,0.2852,0.2636,0.2636,0.2636,0.2561,0.2531,239647602.08,0.0,-2.845220030349016,-3.9833080424886225
1886624327727997398,@m_franceschetti @eightsleep @DOGE Thanks!,45.0,96.0,1189.0,4.0,44821.0,2025-02-04 03:54:26+00:00,True,21.0,m_franceschetti,False,False,False,,,,@m_franceschetti @eightsleep @DOGE Thanks!,reply,0.0297628343856674,0.0378469301934398,0.080740117746005,3,1,False,True,positive,0.3,['doge'],"[""DOGE""]",none,False,none,,DOGE,0.2852,0.2636,0.2636,0.2636,0.2561,0.2531,239647602.08,0.0,-2.845220030349016,-3.9833080424886225
1886501169154957587,They have broken the law.,40293.0,21737.0,227696.0,2379.0,32892490.0,2025-02-03 19:45:02+00:00,False,10874.0,,False,True,False,r/WhitePeopleTwitter is now calling for the public execution of the DOGE software developers. https://t.co/deXfHpyes9,reddit_lies,462897.0,"[Quoting @reddit_lies]: r/WhitePeopleTwitter is now calling for the public execution of the DOGE software developers. https://t.co/deXfHpyes9
[Musk]: They have broken the law.",quote,0.0088805985804054,0.1769596303843721,0.0954650059728761,19,0,True,True,negative,-0.7,['doge'],"[""DOGE""]",criticism,False,none,agrees,DOGE,0.2852,0.2636,0.2636,0.2636,0.2561,0.2531,239647602.08,0.0,-2.845220030349016,-3.9833080424886225
1886497898482839979,@m_franceschetti @DOGE Thanks!,53.0,80.0,1726.0,6.0,47652.0,2025-02-03 19:32:03+00:00,True,14.0,m_franceschetti,False,False,False,,,,@m_franceschetti @DOGE Thanks!,reply,0.0391379165617392,0.0307068366164542,0.0463499420625724,19,0,True,True,positive,0.4,['doge'],"[""DOGE""]",endorsement,False,none,,DOGE,0.2852,0.2636,0.2636,0.2636,0.2561,0.2531,239647602.08,0.0,-2.845220030349016,-3.9833080424886225
1886492712700141634,"The corrupt politicians “protesting” outside the USAID building are the ones getting money from USAID. 

That’s why they’re there – they want your stolen tax dollars!",78453.0,33797.0,314449.0,4902.0,23152023.0,2025-02-03 19:11:26+00:00,False,7177.0,,False,True,False,"BREAKING: Rep. Jamie Raskin blasts Elon Musk outside USAID HQ, declaring that Democrats will block DOGE from eliminating government waste and fraud.

""Elon Musk, you didn't create USAID.""

""He doesn't have the power to destroy it, and who will stop him? We are!""

""We don't have a fourth branch of government called Elon Musk.""

Meanwhile, the U.S. is $37 trillion in debt—and Americans elected President Trump, who promised to empower Elon Musk and DOGE to cut wasteful spending.",KanekoaTheGreat,1060971.0,"[Quoting @KanekoaTheGreat]: BREAKING: Rep. Jamie Raskin blasts Elon Musk outside USAID HQ, declaring that Democrats will block DOGE from eliminating government waste and fraud.

""Elon Musk, you didn't create USAID.""

""He doesn't have the power to destroy it, and who will stop him? We are!""

""We don't have a fourth branch of government called Elon Musk.""

Meanwhile, the U.S. is $37 trillion in debt—and Americans elected President Trump, who promised to empower Elon Musk and DOGE to cut wasteful spending.
[Musk]: The corrupt politicians “protesting” outside the USAID building are the ones getting money from USAID. 

That’s why they’re there – they want your stolen tax dollars!",quote,0.0186420426413709,0.2494935585738864,0.1074800683099644,19,0,True,True,positive,0.6,['doge'],"[""DOGE""]",regulatory,False,none,agrees,DOGE,0.2852,0.2636,0.2636,0.2636,0.2561,0.2531,239647602.08,0.0,-2.845220030349016,-3.9833080424886225
1886471738273247567,Another description for these types of payments is “money laundering”,22877.0,4447.0,121497.0,523.0,26545844.0,2025-02-03 17:48:06+00:00,False,1956.0,,False,True,False,"This morning, 20 consulting contracts, mostly focused on “strategic communication” and “executive coaching,” were terminated for immediate savings of $26mm.",DOGE,4255016.0,"[Quoting @DOGE]: This morning, 20 consulting contracts, mostly focused on “strategic communication” and “executive coaching,” were terminated for immediate savings of $26mm.
[Musk]: Another description for these types of payments is “money laundering”",quote,0.0056258900639964,0.188292715046462,0.036601726791608,17,0,True,True,neutral,0.0,['doge'],"[""DOGE""]",none,False,none,amplifying,DOGE,0.2852,0.2636,0.2636,0.2636,0.2561,0.2531,239647602.08,0.0,-2.845220030349016,-3.9833080424886225
1886458513771377099,"Time to confess: 

Media reports saying that @DOGE has some of world’s best software engineers are in fact true.",34131.0,10339.0,333383.0,1447.0,50300487.0,2025-02-03 16:55:33+00:00,False,5901.0,,False,False,False,,,,"Time to confess: 

Media reports saying that @DOGE has some of world’s best software engineers are in fact true.",original,0.0075406824589988,0.1023777457158883,0.0310123791555058,16,0,True,True,positive,0.7,['doge'],"[""DOGE""]",endorsement,True,buy,,DOGE,0.2852,0.2636,0.2636,0.2636,0.2561,0.2531,239647602.08,0.0,-2.845220030349016,-3.9833080424886225
1886457528856240570,Excellent action by @RepMTG!,14132.0,2468.0,65799.0,317.0,6043090.0,2025-02-03 16:51:38+00:00,False,1102.0,,False,True,False,"🚨NPR & PBS CALLED TO TESTIFY🚨
 
DOGE Subcommittee Chair Majorie Taylor Greene (@RepMTG) is calling on the Chief Executive Officers of NPR and PBS to testify at a hearing concerning the systemically biased news coverage produced on behalf of federally funded radio and TV stations.
 
NPR and PBS have repeatedly undermined public trust by ignoring stories that were damaging to the Biden Administration, dismissing genuine calls for balanced reporting, and pushing partisan coverage.
 
As stewards of tax dollars, NPR and PBS must provide objective and accurate coverage that serves all Americans.",GOPoversight,339801.0,"[Quoting @GOPoversight]: 🚨NPR & PBS CALLED TO TESTIFY🚨
 
DOGE Subcommittee Chair Majorie Taylor Greene (@RepMTG) is calling on the Chief Executive Officers of NPR and PBS to testify at a hearing concerning the systemically biased news coverage produced on behalf of federally funded radio and TV stations.
 
NPR and PBS have repeatedly undermined public trust by ignoring stories that were damaging to the Biden Administration, dismissing genuine calls for balanced reporting, and pushing partisan coverage.
 
As stewards of tax dollars, NPR and PBS must provide objective and accurate coverage that serves all Americans.
[Musk]: Excellent action by @RepMTG!",quote,0.0136876995047235,0.2147753005364823,0.0375081688171552,16,0,True,True,neutral,0.0,['doge'],[],none,False,none,agrees,DOGE,0.2852,0.2636,0.2636,0.2636,0.2561,0.2531,239647602.08,0.0,-2.845220030349016,-3.9833080424886225
1886457064438030687,"Thank you, receipt via 𝕏 acknowledged.",16313.0,2792.0,95413.0,560.0,9767610.0,2025-02-03 16:49:47+00:00,False,2752.0,,False,True,False,"Dear @elon, Please see this important letter.  We will not tolerate threats against DOGE workers or law-breaking by the disgruntled. All the best. Ed Martin https://t.co/jIgMPVbPT5",EagleEdMartin,78413.0,"[Quoting @EagleEdMartin]: Dear @elon, Please see this important letter.  We will not tolerate threats against DOGE workers or law-breaking by the disgruntled. All the best. Ed Martin https://t.co/jIgMPVbPT5
[Musk]: Thank you, receipt via 𝕏 acknowledged.",quote,0.011781592426397,0.1709725089872449,0.0292622598597675,16,0,True,True,neutral,0.0,['doge'],"[""DOGE""]",regulatory,False,none,neutral,DOGE,0.2852,0.2636,0.2636,0.2636,0.2561,0.2531,239647602.08,0.0,-2.845220030349016,-3.9833080424886225
1886448161201570111,"At this rate of achievement, not only should President @realDonaldTrump be on Mount Rushmore, I want to personally work the chisel!",27775.0,14456.0,211771.0,2778.0,40178044.0,2025-02-03 16:14:24+00:00,False,5428.0,,False,True,False,"2 weeks in:

Mexico caved
Panama caved
Colombia caved
Venezuela caved
Canada panicking
Mass deportations
Hostages are home
DEI programs ended
Bureaucracy slashed
FBI purges are underway
USAID funding cancelled
Gender ideology eliminated
DOGE already saved billions 
51 intel agents lost clearance
Border crossings drop by 93%
Reservoirs filled up in California
Just to name a few developments",EndWokeness,3589047.0,"[Quoting @EndWokeness]: 2 weeks in:

Mexico caved
Panama caved
Colombia caved
Venezuela caved
Canada panicking
Mass deportations
Hostages are home
DEI programs ended
Bureaucracy slashed
FBI purges are underway
USAID funding cancelled
Gender ideology eliminated
DOGE already saved billions 
51 intel agents lost clearance
Border crossings drop by 93%
Reservoirs filled up in California
Just to name a few developments
[Musk]: At this rate of achievement, not only should President @realDonaldTrump be on Mount Rushmore, I want to personally work the chisel!",quote,0.0063910527849489,0.1311558239796761,0.0682624155337605,16,0,True,True,positive,0.8,['doge'],"[""DOGE""]",endorsement,False,none,agrees,DOGE,0.2852,0.2636,0.2636,0.2636,0.2561,0.2531,239647602.08,0.0,-2.845220030349016,-3.9833080424886225
1886323575524601955,"Only with public support can @DOGE succeed. 

The bad guys will do anything they can, legal or otherwise, to stop us.",37354.0,14963.0,181083.0,1981.0,22129373.0,2025-02-03 07:59:21+00:00,False,1739.0,,False,True,False,"Elon said @DOGE has a great chance of success if the American people get behind the cause.

That means it’s up to you and me to spread the word on the treasonous spending already uncovered.

Every dollar that DOGE saves is YOUR dollar. YOUR taxes. DOGE is the people’s department.",imPenny2x,119763.0,"[Quoting @imPenny2x]: Elon said @DOGE has a great chance of success if the American people get behind the cause.

That means it’s up to you and me to spread the word on the treasonous spending already uncovered.

Every dollar that DOGE saves is YOUR dollar. YOUR taxes. DOGE is the people’s department.
[Musk]: Only with public support can @DOGE succeed. 

The bad guys will do anything they can, legal or otherwise, to stop us.",quote,0.0106365869471313,0.2062810976182192,0.0826306168994328,7,0,False,True,positive,0.7,['doge'],"[""DOGE""]",endorsement,False,none,agrees,DOGE,0.268,0.2852,0.2852,0.2852,0.2636,0.2554,570416005.1,0.0,-7.573632538569427,-10.448807854137444
1886322940230221961,Every hour of every day,17524.0,5659.0,82376.0,500.0,7083976.0,2025-02-03 07:56:49+00:00,False,1397.0,,False,True,False,"Today, Jen Psaki railed against @elonmusk and DOGE gaining access to the Treasury payment system as “scary.""

Shortly after, Elon posted that “Career Treasury officials are breaking the law every hour of every day.""

Legacy media serves to protect the corrupt bureaucracy. https://t.co/UKgxAvJ9XX",WesternLensman,321900.0,"[Quoting @WesternLensman]: Today, Jen Psaki railed against @elonmusk and DOGE gaining access to the Treasury payment system as “scary.""

Shortly after, Elon posted that “Career Treasury officials are breaking the law every hour of every day.""

Legacy media serves to protect the corrupt bureaucracy. https://t.co/UKgxAvJ9XX
[Musk]: Every hour of every day",quote,0.0149716769226773,0.2127318636496067,0.0686971933572885,7,0,False,True,positive,0.3,['doge'],"[""DOGE""]",regulatory,False,none,agrees,DOGE,0.268,0.2852,0.2852,0.2852,0.2636,0.2554,570416005.1,0.0,-7.573632538569427,-10.448807854137444
1886317363953279401,USAID is a criminal organization,33040.0,4590.0,115470.0,1145.0,10579266.0,2025-02-03 07:34:40+00:00,False,3091.0,,False,True,False,"🚨NEW: Federal Procument Data shows that USAID approved over $6 Million dollars in contracts on Friday. 

Including a $1.2M Payment to Deloitte for HR services, $600K for International Center for Language Studies, and over $100k for ""Miscellaneous Foreign Awardees.""

DOGE has work to do. 

Despite the order from President Trump freezing the payments, USAID continued to defy that order as late as the 31st. 

No wonder Elon is mad at them. They are unlawfully defying the orders of the President. 

There should never be a payment sent out with American Tax Dollars that is listed under ""Miscellaneous"" ever again. 

Let alone to a foreign nation.

h/t: @awsalebadi",WCdispatch_,51756.0,"[Quoting @WCdispatch_]: 🚨NEW: Federal Procument Data shows that USAID approved over $6 Million dollars in contracts on Friday. 

Including a $1.2M Payment to Deloitte for HR services, $600K for International Center for Language Studies, and over $100k for ""Miscellaneous Foreign Awardees.""

DOGE has work to do. 

Despite the order from President Trump freezing the payments, USAID continued to defy that order as late as the 31st. 

No wonder Elon is mad at them. They are unlawfully defying the orders of the President. 

There should never be a payment sent out with American Tax Dollars that is listed under ""Miscellaneous"" ever again. 

Let alone to a foreign nation.

h/t: @awsalebadi
[Musk]: USAID is a criminal organization",quote,0.0145799339954208,0.2861349268208192,0.0397505845674201,7,0,False,True,negative,-0.8,['doge'],"[""DOGE""]",criticism,False,none,agrees,DOGE,0.268,0.2852,0.2852,0.2852,0.2636,0.2554,570416005.1,0.0,-7.573632538569427,-10.448807854137444
1886315002455372053,@growing_daniel Some real aces in @DOGE,256.0,198.0,7932.0,19.0,95320.0,2025-02-03 07:25:17+00:00,True,113.0,growing_daniel,False,False,False,,,,@growing_daniel Some real aces in @DOGE,reply,0.0881766680654637,0.032274331820474,0.0249621785173978,7,0,False,True,positive,0.6,['doge'],"[""DOGE""]",endorsement,False,none,,DOGE,0.268,0.2852,0.2852,0.2852,0.2636,0.2554,570416005.1,0.0,-7.573632538569427,-10.448807854137444
1886303576382665183,"No highs, no lows, only @DOGE",8201.0,2591.0,73699.0,293.0,17347847.0,2025-02-03 06:39:53+00:00,False,992.0,,False,True,False,"Legacy Media Before: DOGE won’t have any actual power

Legacy Media Now: DOGE has too much power",TheRabbitHole84,1008596.0,"[Quoting @TheRabbitHole84]: Legacy Media Before: DOGE won’t have any actual power

Legacy Media Now: DOGE has too much power
[Musk]: No highs, no lows, only @DOGE",quote,0.0048872923539157,0.1112769508405812,0.0351565150137722,6,0,False,True,positive,0.6,['doge'],"[""DOGE""]",endorsement,True,buy,amplifying,DOGE,0.268,0.2852,0.2852,0.2852,0.2636,0.2554,570416005.1,0.0,-7.573632538569427,-10.448807854137444
1886302710342774979,Crazy waste of money,12969.0,2224.0,56416.0,290.0,5998938.0,2025-02-03 06:36:26+00:00,False,973.0,,False,True,False,"🚨🇺🇸 INSIDE USAID'S $40B TAXPAYER MONEY PIT

USAID spent $40B in 2023 across 100+ countries while maintaining expensive offices worldwide and 10,000 staff members - most stationed overseas. 

Trump and DOGE now target the agency Elon calls a ""viper's nest of radical-left marxists.""

The agency's spending has shifted from 80% of development capital flows in 1961 to just 10% today, yet bureaucracy grows. 

As DOGE officials investigate waste, they found restricted access and resistance - leading to removal of top security officials blocking transparency efforts.

Source: Washington Post, AFSA @MikeBenzCyber",MarioNawfal,2054219.0,"[Quoting @MarioNawfal]: 🚨🇺🇸 INSIDE USAID'S $40B TAXPAYER MONEY PIT

USAID spent $40B in 2023 across 100+ countries while maintaining expensive offices worldwide and 10,000 staff members - most stationed overseas. 

Trump and DOGE now target the agency Elon calls a ""viper's nest of radical-left marxists.""

The agency's spending has shifted from 80% of development capital flows in 1961 to just 10% today, yet bureaucracy grows. 

As DOGE officials investigate waste, they found restricted access and resistance - leading to removal of top security officials blocking transparency efforts.

Source: Washington Post, AFSA @MikeBenzCyber
[Musk]: Crazy waste of money",quote,0.0119852880626537,0.2298815938740782,0.0394214407260351,6,0,False,True,negative,-0.8,['doge'],"[""DOGE""]",criticism,False,none,agrees,DOGE,0.268,0.2852,0.2852,0.2852,0.2636,0.2554,570416005.1,0.0,-7.573632538569427,-10.448807854137444
1886264442565927049,The interns operating the social media accounts of these politicians are working overtime 😂,4363.0,1303.0,35196.0,92.0,7851052.0,2025-02-03 04:04:22+00:00,False,406.0,,False,True,False,The American people elected Donald Trump knowing he would appoint officials like Elon Musk to lead efforts in revitalizing America by increasing government transparency and efficiency through reforms like the Department of Government Efficiency (DOGE).,AdrianDittmann,256026.0,"[Quoting @AdrianDittmann]: The American people elected Donald Trump knowing he would appoint officials like Elon Musk to lead efforts in revitalizing America by increasing government transparency and efficiency through reforms like the Department of Government Efficiency (DOGE).
[Musk]: The interns operating the social media accounts of these politicians are working overtime 😂",quote,0.0052163710035292,0.1239629503352653,0.0370212524150471,4,0,False,True,neutral,0.0,['doge'],"[""DOGE""]",meme_joke,False,none,mocking,DOGE,0.268,0.2852,0.2852,0.2852,0.2636,0.2554,570416005.1,0.0,-7.573632538569427,-10.448807854137444
1886263702745219282,Not many Spartans are needed to win battles,18850.0,9795.0,165167.0,1154.0,19910720.0,2025-02-03 04:01:26+00:00,False,6994.0,,False,True,False,"Elon has six adderall-fueled autistic tech bro zoomers sleeping overnight at the DOGE offices and working 24/7 on maximizing government efficiency?!

This is extremely BULLISH https://t.co/0pCqcBLj2Q",TheJackForge,237263.0,"[Quoting @TheJackForge]: Elon has six adderall-fueled autistic tech bro zoomers sleeping overnight at the DOGE offices and working 24/7 on maximizing government efficiency?!

This is extremely BULLISH https://t.co/0pCqcBLj2Q
[Musk]: Not many Spartans are needed to win battles",quote,0.0097920115395123,0.1141269139719193,0.0593036139180344,4,0,False,True,positive,0.7,['doge'],"[""DOGE""]",endorsement,True,buy,agrees,DOGE,0.268,0.2852,0.2852,0.2852,0.2636,0.2554,570416005.1,0.0,-7.573632538569427,-10.448807854137444
1886263200779264028,Excitement guaranteed,18229.0,5428.0,120452.0,599.0,19506478.0,2025-02-03 03:59:26+00:00,False,1317.0,,False,True,False,"Prediction: @elonmusk’s @DOGE is going to uncover an unprecedented amount of fraud and corruption in numerous Government departments.

Everyone should buckle up, it’s going to be the best show on Earth.",chrispavlovski,329445.0,"[Quoting @chrispavlovski]: Prediction: @elonmusk’s @DOGE is going to uncover an unprecedented amount of fraud and corruption in numerous Government departments.

Everyone should buckle up, it’s going to be the best show on Earth.
[Musk]: Excitement guaranteed",quote,0.0074184586269238,0.15133829243184,0.0450635937966991,3,0,False,True,positive,0.7,['doge'],"[""DOGE""]",endorsement,False,none,agrees,DOGE,0.268,0.2852,0.2852,0.2852,0.2636,0.2554,570416005.1,0.0,-7.573632538569427,-10.448807854137444
1886138307249140085,@MarioNawfal The @DOGE software team might be able to help. Will reach out.,309.0,267.0,3155.0,29.0,183850.0,2025-02-02 19:43:09+00:00,True,77.0,MarioNawfal,False,False,False,,,,@MarioNawfal The @DOGE software team might be able to help. Will reach out.,reply,0.0204514549904813,0.0979397781299524,0.0846275752773375,19,6,False,True,positive,0.4,['doge'],"[""DOGE""]",partnership,False,none,,DOGE,0.268,0.2852,0.2852,0.2852,0.2636,0.2554,570416005.1,0.0,-7.573632538569427,-10.448807854137444
1886110050663485855,First @DOGE Spaces at midnight ET,9602.0,3351.0,54588.0,825.0,20985400.0,2025-02-02 17:50:52+00:00,False,2417.0,,False,True,False,"It would be real great to have a X Spaces in the next couple weeks to get an update on what DOGE has been seeing, cutting, experiencing — the things that they’re able to publicly share. It would be a massively listened to event. It seems like the right time for the first one.",AutismCapital,800097.0,"[Quoting @AutismCapital]: It would be real great to have a X Spaces in the next couple weeks to get an update on what DOGE has been seeing, cutting, experiencing — the things that they’re able to publicly share. It would be a massively listened to event. It seems like the right time for the first one.
[Musk]: First @DOGE Spaces at midnight ET",quote,0.0032577887483679,0.1758994650839012,0.0613871180479226,17,6,False,True,positive,0.6,['doge'],"[""DOGE""]",product_launch,False,none,agrees,DOGE,0.268,0.2852,0.2852,0.2852,0.2636,0.2554,570416005.1,0.0,-7.573632538569427,-10.448807854137444
1886102414194835755,"USAID is a criminal organization. 

Time for it to die.",55939.0,12368.0,261843.0,4025.0,33229400.0,2025-02-02 17:20:32+00:00,False,8002.0,,False,True,False,"🚨 BREAKING: USAID Senior Officials put on Leave after Physically Trying to stop DOGE from accessing Agency Systems

Two USAID officials, John Voorhees and his deputy, were put on leave late Saturday night after refusing to allow DOGE members access to USAID systems. The DOGE members threatened to physically call the police after being refused entry. They were trying to access the security and personnel files. 

Federal Officials are concerned that Trump is trying to fold USAID into the US State Department in an effort to cut Government corruption and bloat. 

USAID employs approx. 10,000 people, excluding contractors, with 2/3 of them overseas. 60 USAID members were already put on leave last week after trying to circumvent President Trump’s executive order on stopping foreign aid.",AutismCapital,800097.0,"[Quoting @AutismCapital]: 🚨 BREAKING: USAID Senior Officials put on Leave after Physically Trying to stop DOGE from accessing Agency Systems

Two USAID officials, John Voorhees and his deputy, were put on leave late Saturday night after refusing to allow DOGE members access to USAID systems. The DOGE members threatened to physically call the police after being refused entry. They were trying to access the security and personnel files. 

Federal Officials are concerned that Trump is trying to fold USAID into the US State Department in an effort to cut Government corruption and bloat. 

USAID employs approx. 10,000 people, excluding contractors, with 2/3 of them overseas. 60 USAID members were already put on leave last week after trying to circumvent President Trump’s executive order on stopping foreign aid.
[Musk]: USAID is a criminal organization. 

Time for it to die.",quote,0.010056606499064,0.2136356518982749,0.0472344114603025,17,6,False,True,negative,-0.8,['doge'],"[""DOGE""]",none,False,none,agrees,DOGE,0.268,0.2852,0.2852,0.2852,0.2636,0.2554,570416005.1,0.0,-7.573632538569427,-10.448807854137444
1886100950219182312,Absolutely. The federal government has squandered your hard-earned tax money. It’s an outrage.,32514.0,7741.0,186999.0,901.0,24835455.0,2025-02-02 17:14:43+00:00,False,2376.0,,False,True,False,"I love how in the span of 2 weeks DOGE confirmed to the American public how incredibly corrupt and wasteful our government has been.

Likely that &gt; 50% of our tax dollars are been flushed down the toilet FOR DECADES.",farzyness,310708.0,"[Quoting @farzyness]: I love how in the span of 2 weeks DOGE confirmed to the American public how incredibly corrupt and wasteful our government has been.

Likely that &gt; 50% of our tax dollars are been flushed down the toilet FOR DECADES.
[Musk]: Absolutely. The federal government has squandered your hard-earned tax money. It’s an outrage.",quote,0.0091866647903169,0.1738725875539441,0.0413959432938144,17,6,False,True,positive,0.6,['doge'],"[""DOGE""]",endorsement,False,none,agrees,DOGE,0.268,0.2852,0.2852,0.2852,0.2636,0.2554,570416005.1,0.0,-7.573632538569427,-10.448807854137444
1886095032479793443,@m_franceschetti @eightsleep @DOGE Thanks 🙏,57.0,80.0,2177.0,8.0,40228.0,2025-02-02 16:51:12+00:00,True,23.0,m_franceschetti,False,False,False,,,,@m_franceschetti @eightsleep @DOGE Thanks 🙏,reply,0.0577209903549766,0.026182820395039,0.0367478180983004,16,6,False,True,positive,0.3,['doge'],"[""DOGE""]",none,False,none,,DOGE,0.268,0.2852,0.2852,0.2852,0.2636,0.2554,570416005.1,0.0,-7.573632538569427,-10.448807854137444
1886092796307636445,@DOGE is on the warpath. https://t.co/HjrqteZ3mZ,23861.0,6662.0,168306.0,1593.0,5996727.0,2025-02-02 16:42:19+00:00,True,3562.0,DOGE,False,False,False,,,,@DOGE is on the warpath. https://t.co/HjrqteZ3mZ,reply,0.0334218983121959,0.1417715351799698,0.0395826649079652,16,6,False,True,positive,0.7,['doge'],"[""DOGE""]",endorsement,True,buy,,DOGE,0.268,0.2852,0.2852,0.2852,0.2636,0.2554,570416005.1,0.0,-7.573632538569427,-10.448807854137444
1885981196296876466,@typesfast @DOGE Noted,74.0,154.0,2964.0,14.0,63608.0,2025-02-02 09:18:51+00:00,True,48.0,typesfast,False,False,False,,,,@typesfast @DOGE Noted,reply,0.0504024650987297,0.024966261808367,0.0519568151147098,9,6,False,True,neutral,0.0,['doge'],"[""DOGE""]",none,False,none,,DOGE,0.3078,0.268,0.268,0.268,0.2852,0.249,302368605.99,0.0,6.417910447761191,-7.089552238805975
1885973321595928862,@libsoftiktok @NWS Doge will fix it,423.0,328.0,7176.0,33.0,2958212.0,2025-02-02 08:47:34+00:00,True,75.0,libsoftiktok,False,False,False,,,,@libsoftiktok @NWS Doge will fix it,reply,0.0026908145866489,0.0589464882943143,0.0457079152731326,8,6,False,True,positive,0.6,['doge'],"[""DOGE""]",endorsement,True,buy,,DOGE,0.3078,0.268,0.268,0.268,0.2852,0.249,302368605.99,0.0,6.417910447761191,-7.089552238805975
1885966827227861179,DOGE is working 120 hour a week. Our bureaucratic opponents optimistically work 40 hours a week. That is why they are losing so fast.,32551.0,10162.0,218237.0,1581.0,48018812.0,2025-02-02 08:21:45+00:00,False,4843.0,,False,True,False,"They’re finding massive waste, fraud and abuse of our tax dollars… in the first two weeks! 

Decades of grifting and stealing are coming to an end — finally! 

Thank you @DOGE",Jason,969459.0,"[Quoting @Jason]: They’re finding massive waste, fraud and abuse of our tax dollars… in the first two weeks! 

Decades of grifting and stealing are coming to an end — finally! 

Thank you @DOGE
[Musk]: DOGE is working 120 hour a week. Our bureaucratic opponents optimistically work 40 hours a week. That is why they are losing so fast.",quote,0.0054672531257124,0.1491543597098567,0.046564056507375,8,6,False,True,positive,0.7,['doge'],"[""DOGE""]",endorsement,True,buy,agrees,DOGE,0.3078,0.268,0.268,0.268,0.2852,0.249,302368605.99,0.0,6.417910447761191,-7.089552238805975
1885964969335808217,The @DOGE team is rapidly shutting down these illegal payments,36144.0,10508.0,158015.0,1965.0,20603381.0,2025-02-02 08:14:22+00:00,False,7712.0,,False,True,False,"Now it’s the “Lutheran” faith (this use of “religion” as a money laundering operation must end): 

Lutheran Family Services and affiliated organizations receive massive amounts of taxpayer dollars, and the numbers speak for themselves. These funds, total BILLIONS of American taxpayer dollars.

Here are just a few of the recent grants awarded (pre @RobertKennedyJr ) by the Department of Health and Human Services (HHS):

LUTHERAN IMMIGRATION AND REFUGEE SERVICE INC: $367,612,906
LUTHERAN SOCIAL SERVICES OF THE SOUTH, INC: $134,190,472.95
LUTHERAN SERVICES FLORIDA, INC.: $82,937,819.95

There are MANY more organizations cashing in on our hard-earned money. These entities are receiving huge sums, which raise serious questions about how taxpayer funds are being spent and who’s benefiting.

It’s time to hold these organizations accountable. American taxpayers deserve transparency. Enough is enough!

And there is much more where these screen shots below came from.",GenFlynn,1995143.0,"[Quoting @GenFlynn]: Now it’s the “Lutheran” faith (this use of “religion” as a money laundering operation must end): 

Lutheran Family Services and affiliated organizations receive massive amounts of taxpayer dollars, and the numbers speak for themselves. These funds, total BILLIONS of American taxpayer dollars.

Here are just a few of the recent grants awarded (pre @RobertKennedyJr ) by the Department of Health and Human Services (HHS):

LUTHERAN IMMIGRATION AND REFUGEE SERVICE INC: $367,612,906
LUTHERAN SOCIAL SERVICES OF THE SOUTH, INC: $134,190,472.95
LUTHERAN SERVICES FLORIDA, INC.: $82,937,819.95

There are MANY more organizations cashing in on our hard-earned money. These entities are receiving huge sums, which raise serious questions about how taxpayer funds are being spent and who’s benefiting.

It’s time to hold these organizations accountable. American taxpayers deserve transparency. Enough is enough!

And there is much more where these screen shots below came from.
[Musk]: The @DOGE team is rapidly shutting down these illegal payments",quote,0.0100290335843422,0.228737778059045,0.0665000158212827,8,6,False,True,positive,0.7,['doge'],"[""DOGE""]",regulatory,False,none,agrees,DOGE,0.3078,0.268,0.268,0.268,0.2852,0.249,302368605.99,0.0,6.417910447761191,-7.089552238805975
1885804731596988569,"Yay! Thanks for your support, Michael. 

This will be great for the American people.",7279.0,2873.0,71829.0,183.0,23852199.0,2025-02-01 21:37:39+00:00,False,800.0,,False,True,False,We need DOGE! 🇺🇸,MichaelDell,770047.0,"[Quoting @MichaelDell]: We need DOGE! 🇺🇸
[Musk]: Yay! Thanks for your support, Michael. 

This will be great for the American people.",quote,0.0034447138395918,0.1013378997340906,0.0399977724874354,21,5,False,True,positive,0.8,['doge'],"[""DOGE""]",endorsement,True,buy,agrees,DOGE,0.3078,0.268,0.268,0.268,0.2852,0.249,302368605.99,0.0,6.417910447761191,-7.089552238805975
1885791888755548464,Time for a massive decrease @DOGE,13030.0,4811.0,76812.0,427.0,12641121.0,2025-02-01 20:46:37+00:00,False,1487.0,,False,True,False,"Pages in the Code of Federal Regulations:
- 1950: 9745
- 2019: 186,000

Massive increase. https://t.co/XWoREh1F3t",TheRabbitHole84,1008609.0,"[Quoting @TheRabbitHole84]: Pages in the Code of Federal Regulations:
- 1950: 9745
- 2019: 186,000

Massive increase. https://t.co/XWoREh1F3t
[Musk]: Time for a massive decrease @DOGE",quote,0.0075214848429977,0.1696349528719471,0.0626334426912461,20,5,False,True,positive,0.6,['doge'],"[""DOGE""]",endorsement,True,buy,amplifying,DOGE,0.3078,0.268,0.268,0.268,0.2852,0.249,302368605.99,0.0,6.417910447761191,-7.089552238805975
1885789468713476492,"Very few in the bureaucracy actually work the weekend, so it’s like the opposing team just leaves the field for 2 days!

Working the weekend is a superpower 😂",21214.0,6887.0,140471.0,1098.0,33395541.0,2025-02-01 20:37:00+00:00,False,3696.0,,False,True,False,DOGE is speedrunning government reform—$4B/day cuts could start THIS weekend. Bureaucracy never saw it coming.,MarioNawfal,2054228.0,"[Quoting @MarioNawfal]: DOGE is speedrunning government reform—$4B/day cuts could start THIS weekend. Bureaucracy never saw it coming.
[Musk]: Very few in the bureaucracy actually work the weekend, so it’s like the opposing team just leaves the field for 2 days!

Working the weekend is a superpower 😂",quote,0.0050806183975279,0.1510204953335563,0.0490279132347602,20,5,False,True,positive,0.7,['doge'],"[""DOGE""]",endorsement,False,none,agrees,DOGE,0.3078,0.268,0.268,0.268,0.2852,0.249,302368605.99,0.0,6.417910447761191,-7.089552238805975
1885777021202034753,@JoshuaSteinman @DOGE Great idea,171.0,140.0,3074.0,32.0,185681.0,2025-02-01 19:47:32+00:00,True,46.0,JoshuaSteinman,False,False,False,,,,@JoshuaSteinman @DOGE Great idea,reply,0.0184025290686715,0.0556278464541314,0.0455432661027976,19,5,False,True,positive,0.7,['doge'],"[""DOGE""]",endorsement,False,none,,DOGE,0.3078,0.268,0.268,0.268,0.2852,0.249,302368605.99,0.0,6.417910447761191,-7.089552238805975
1885755690368573766,It is more insane than you could possibly imagine!,18322.0,4592.0,96276.0,426.0,20718866.0,2025-02-01 18:22:46+00:00,False,1681.0,,False,True,False,@elonmusk @DOGE That is absolutely insane. How many billions or trillions have they wasted in recent years? I bet the fraud is massive. If these officers knew *everything* was approved… Did any of their friends or family get paid fraudulently? Will likely need to be investigated!,robbystarbuck,787898.0,"[Quoting @robbystarbuck]: @elonmusk @DOGE That is absolutely insane. How many billions or trillions have they wasted in recent years? I bet the fraud is massive. If these officers knew *everything* was approved… Did any of their friends or family get paid fraudulently? Will likely need to be investigated!
[Musk]: It is more insane than you could possibly imagine!",quote,0.0057732889435165,0.1903070339440774,0.0476962067389588,18,5,False,True,negative,-0.8,['doge'],"[""DOGE""]",criticism,False,none,agrees,DOGE,0.3078,0.268,0.268,0.268,0.2852,0.249,302368605.99,0.0,6.417910447761191,-7.089552238805975
1885647508937851303,DOGE is inevitable,9486.0,5216.0,55654.0,423.0,9410527.0,2025-02-01 11:12:54+00:00,False,1187.0,,False,True,False,"PETER THIEL: MANY THINK DOGE IS GOING NOWHERE, BUT NEVER BET AGAINST ELON

“The strong consensus view in the D.C. establishment is that this is going to go nowhere.

That it's just absolutely impossible to fix things, and this is going to be a very frustrating dead end.

The alternate view, I would say, is you should never bet against Elon.

We all know there's an extraordinary amount of waste, and it is unsustainable.

The 6% GDP deficits the US has cannot be sustained.

They probably cannot even be sustained for even the rest of this decade. 

There are two ways to resolve them.

You can cut spending and cut waste, or you can raise taxes massively. 

I take this election in the US for standing for the proposition we're not going to go the European-style socialist route of having massive tax hikes.

That suggests you need to try something like the DOGE thing.

And that's actually what is going to happen.”

Source: Interview with @PiersUncensored, December 12, 2024, @elonmusk",MarioNawfal,2054222.0,"[Quoting @MarioNawfal]: PETER THIEL: MANY THINK DOGE IS GOING NOWHERE, BUT NEVER BET AGAINST ELON

“The strong consensus view in the D.C. establishment is that this is going to go nowhere.

That it's just absolutely impossible to fix things, and this is going to be a very frustrating dead end.

The alternate view, I would say, is you should never bet against Elon.

We all know there's an extraordinary amount of waste, and it is unsustainable.

The 6% GDP deficits the US has cannot be sustained.

They probably cannot even be sustained for even the rest of this decade. 

There are two ways to resolve them.

You can cut spending and cut waste, or you can raise taxes massively. 

I take this election in the US for standing for the proposition we're not going to go the European-style socialist route of having massive tax hikes.

That suggests you need to try something like the DOGE thing.

And that's actually what is going to happen.”

Source: Interview with @PiersUncensored, December 12, 2024, @elonmusk
[Musk]: DOGE is inevitable",quote,0.0075212578424141,0.1704459697416178,0.0937219247493441,11,5,False,True,positive,0.8,['doge'],"[""DOGE""]",endorsement,True,buy,amplifying,DOGE,0.3289,0.3078,0.3078,0.268,0.268,0.253,83317162.43,-12.930474333983105,-12.930474333983105,-17.803768680961667
1885582478594777348,@Kjjetfan @robbystarbuck @DOGE Crime on a scale that makes the mafia look like pre-schoolers stealing cookies,208.0,151.0,1729.0,19.0,35360.0,2025-02-01 06:54:29+00:00,True,81.0,Kjjetfan,False,False,False,,,,@Kjjetfan @robbystarbuck @DOGE Crime on a scale that makes the mafia look like pre-schoolers stealing cookies,reply,0.0595871040723981,0.1203007518796992,0.0873337189126662,6,5,False,True,neutral,0.0,['doge'],"[""DOGE""]",none,False,none,,DOGE,0.3289,0.3078,0.3078,0.3078,0.268,0.253,83317162.43,0.0,-12.930474333983105,-17.803768680961667
1885582076247712229,"The @DOGE team discovered, among other things, that payment approval officers at Treasury were instructed always to approve payments, even to known fraudulent or terrorist groups. 

They literally never denied a payment in their entire career. 

Not even once.",88008.0,20281.0,330328.0,6645.0,30266845.0,2025-02-01 06:52:54+00:00,False,19891.0,,False,True,False,"The highest ranking Treasury official, David A Lebryk, is resigning rather than complying with a request by @DOGE for access to audit where they’ve spent trillions of dollars a year. Why would career bureaucrats fear an audit by @elonmusk and @doge to see where we can save money? https://t.co/lccLXJOL6M",robbystarbuck,787885.0,"[Quoting @robbystarbuck]: The highest ranking Treasury official, David A Lebryk, is resigning rather than complying with a request by @DOGE for access to audit where they’ve spent trillions of dollars a year. Why would career bureaucrats fear an audit by @elonmusk and @doge to see where we can save money? https://t.co/lccLXJOL6M
[Musk]: The @DOGE team discovered, among other things, that payment approval officers at Treasury were instructed always to approve payments, even to known fraudulent or terrorist groups. 

They literally never denied a payment in their entire career. 

Not even once.",quote,0.0147112128799681,0.2664260976968347,0.0613965513065801,6,5,False,True,neutral,0.0,['doge'],"[""DOGE""]",regulatory,False,none,amplifying,DOGE,0.3289,0.3078,0.3078,0.3078,0.268,0.253,83317162.43,0.0,-12.930474333983105,-17.803768680961667
1885191383926858060,Can you believe it? 🤷‍♂️🤣,7433.0,5082.0,92511.0,341.0,31914795.0,2025-01-31 05:00:25+00:00,False,2071.0,,False,True,False,"Trust me, this man is the head of DOGE. https://t.co/9u04NWpGOP",cb_doge,1284892.0,"[Quoting @cb_doge]: Trust me, this man is the head of DOGE. https://t.co/9u04NWpGOP
[Musk]: Can you believe it? 🤷‍♂️🤣",quote,0.0033015095349977,0.0803472019543621,0.0549340078477154,5,4,False,True,positive,0.6,['doge'],"[""DOGE""]",endorsement,False,none,amplifying,DOGE,0.3315,0.3289,0.3289,0.3289,0.3078,0.2466,98005746.43,0.0,-6.415323806628156,-25.02280328367285
1885175189438070841,DOGE has now saved taxpayers over $1 billion in crazy DEI contracts,35969.0,13697.0,269112.0,1812.0,53809227.0,2025-01-31 03:56:04+00:00,False,4286.0,,False,True,False,"Through 1/29/2025, 85 DEIA related contracts totaling ~$1B have been terminated within the Dept. of Ed, GSA, OPM, EPA, DoL, Treasury, DoD, USDA, Commerce, DHS, VA, HHS, State, NSF, NRC, NLRB, PBGC, USAID, RRB, SSA, SBA, BLM, CFPB, NPS, and NOAA.",DOGE,4255056.0,"[Quoting @DOGE]: Through 1/29/2025, 85 DEIA related contracts totaling ~$1B have been terminated within the Dept. of Ed, GSA, OPM, EPA, DoL, Treasury, DoD, USDA, Commerce, DHS, VA, HHS, State, NSF, NRC, NLRB, PBGC, USAID, RRB, SSA, SBA, BLM, CFPB, NPS, and NOAA.
[Musk]: DOGE has now saved taxpayers over $1 billion in crazy DEI contracts",quote,0.0059579001199924,0.1336581051755403,0.0508970242872855,3,4,False,True,positive,0.6,['doge'],"[""DOGE""]",endorsement,False,none,amplifying,DOGE,0.3315,0.3289,0.3289,0.3289,0.3078,0.2466,98005746.43,0.0,-6.415323806628156,-25.02280328367285
1884601571347943773,"Clarification of what can be done while receiving full government pay &amp; benefits for 8 months: whatever you like, including obtaining a new job.",7242.0,3303.0,37513.0,330.0,11531997.0,2025-01-29 13:56:43+00:00,False,1119.0,,False,True,False,"Answering the most common question about the Deferred Resignation offer. 

Can take the vacation you always wanted, or just watch movies and chill, while receiving your full government pay and benefits. 

https://t.co/Dsgt81oPPh
https://t.co/LReG2GQCmz https://t.co/0eRPUHP8hI",DOGE,4255094.0,"[Quoting @DOGE]: Answering the most common question about the Deferred Resignation offer. 

Can take the vacation you always wanted, or just watch movies and chill, while receiving your full government pay and benefits. 

https://t.co/Dsgt81oPPh
https://t.co/LReG2GQCmz https://t.co/0eRPUHP8hI
[Musk]: Clarification of what can be done while receiving full government pay &amp; benefits for 8 months: whatever you like, including obtaining a new job.",quote,0.0041959775050236,0.1930530749340228,0.0880494761815903,13,2,False,True,neutral,0.0,['doge'],"[""DOGE""]",none,False,none,neutral,DOGE,0.324,0.3315,0.3315,0.3315,0.3289,0.2479,83521267.99,0.0,-0.7843137254901935,-25.21870286576169
1884591330019389872,Checks out,13622.0,3060.0,53424.0,284.0,8546902.0,2025-01-29 13:16:01+00:00,False,1284.0,,False,True,False,"DOGE: Many federal civil service workers spend most of their workdays complaining about their jobs on Reddit. Interestingly much of the activity violates federal law… 

h/t @fentasyl https://t.co/x2VmPu1R0O",amuse,555084.0,"[Quoting @amuse]: DOGE: Many federal civil service workers spend most of their workdays complaining about their jobs on Reddit. Interestingly much of the activity violates federal law… 

h/t @fentasyl https://t.co/x2VmPu1R0O
[Musk]: Checks out",quote,0.0082357326666434,0.254979035639413,0.057277628032345,13,2,False,True,positive,0.4,['doge'],"[""DOGE""]",endorsement,False,none,agrees,DOGE,0.324,0.3315,0.3315,0.3315,0.3289,0.2479,83521267.99,0.0,-0.7843137254901935,-25.21870286576169
1884453033771184276,Progress,17056.0,4430.0,131630.0,475.0,31235761.0,2025-01-29 04:06:29+00:00,False,1471.0,,False,True,False,"DOGE is saving the Federal Government approx. $1 billion/day, mostly from stopping the hiring of people into unnecessary positions, deletion of DEI and stopping improper payments to foreign organizations, all consistent with the President’s Executive Orders. 

A good start, though this number needs to increase to > $3 billion/day.",DOGE,4255080.0,"[Quoting @DOGE]: DOGE is saving the Federal Government approx. $1 billion/day, mostly from stopping the hiring of people into unnecessary positions, deletion of DEI and stopping improper payments to foreign organizations, all consistent with the President’s Executive Orders. 

A good start, though this number needs to increase to > $3 billion/day.
[Musk]: Progress",quote,0.004917152490698,0.1295753247739877,0.0336549418825495,4,2,False,True,positive,0.6,['doge'],"[""DOGE""]",endorsement,False,none,agrees,DOGE,0.3185,0.324,0.324,0.324,0.3315,0.2561,114215705.9,0.0,2.3148148148148167,-20.956790123456795
1884326482161590294,Tip of iceberg,63597.0,15428.0,300185.0,2068.0,46901616.0,2025-01-28 19:43:37+00:00,False,9029.0,,False,True,False,🚨BREAKING: DOGE and OMB (Office of Management and Budget) found that the Biden admin was about to send $37M to the World Health Organization and $50M to fund condoms for Gaza. https://t.co/u0gtiLQbwX,AutismCapital,800080.0,"[Quoting @AutismCapital]: 🚨BREAKING: DOGE and OMB (Office of Management and Budget) found that the Biden admin was about to send $37M to the World Health Organization and $50M to fund condoms for Gaza. https://t.co/u0gtiLQbwX
[Musk]: Tip of iceberg",quote,0.0081293147767019,0.2118593533987374,0.0513949730999217,19,1,True,True,neutral,0.0,['doge'],"[""DOGE""]",none,False,none,amplifying,DOGE,0.3185,0.324,0.324,0.324,0.3315,0.2561,114215705.9,0.0,2.3148148148148167,-20.956790123456795
1884299573365203107,@kurtgx @spacesudoer @DOGE @Interior @usbr Yeah,42.0,98.0,726.0,6.0,73672.0,2025-01-28 17:56:41+00:00,True,10.0,kurtgx,False,False,False,,,,@kurtgx @spacesudoer @DOGE @Interior @usbr Yeah,reply,0.0118362471495276,0.0578512396694214,0.1349862258953168,17,1,True,True,positive,0.6,['doge'],"[""DOGE""]",endorsement,False,none,,DOGE,0.3185,0.324,0.324,0.324,0.3315,0.2561,114215705.9,0.0,2.3148148148148167,-20.956790123456795
1884297534535065616,@DOGE @Interior @usbr Nice work by the @DOGE engineering team helping get the pumps turned on!,773.0,702.0,9399.0,75.0,273402.0,2025-01-28 17:48:35+00:00,True,128.0,DOGE,False,False,False,,,,@DOGE @Interior @usbr Nice work by the @DOGE engineering team helping get the pumps turned on!,reply,0.0400472564209479,0.0822427917863602,0.0746887966804979,17,1,True,True,positive,0.6,['doge'],"[""DOGE""]",none,False,none,,DOGE,0.3185,0.324,0.324,0.324,0.3315,0.2561,114215705.9,0.0,2.3148148148148167,-20.956790123456795
1884083569150288082,"@BillyM2k Wanna work at @DOGE?

Would be kinda perfect.",377.0,1059.0,4638.0,94.0,344271.0,2025-01-28 03:38:22+00:00,True,146.0,BillyM2k,False,False,False,,,,"@BillyM2k Wanna work at @DOGE?

Would be kinda perfect.",reply,0.0179161184067202,0.08128503665373,0.2283311772315653,3,1,False,True,positive,0.6,['doge'],"[""DOGE""]",partnership,False,none,,DOGE,0.3339,0.3185,0.3185,0.3185,0.324,0.2636,113037832.75,0.0,1.7268445839874427,-17.237048665620094
1883413306653986924,Bureaucracy is killing America,26243.0,10376.0,139753.0,1214.0,37842429.0,2025-01-26 07:14:59+00:00,False,1964.0,,False,True,False,"🇺🇸DROWNING IN RED TAPE: AMERICA’S BUREAUCRACY IS OUT OF CONTROL

Unelected bureaucrats hold a lot of power in America, strangling personal and business ventures in endless rules and paperwork. 

Congress writes the laws, but it’s the administrative state that decides how they’re enforced—and it’s a nightmare.

Federal agencies have ballooned to 438 departments employing 4 million people, most untouchable by elections or firings.

Meanwhile, Americans can’t make a move without a permit, form, or a bureaucrat’s stamp of approval.

Reforms won’t come easy, but letting this bloat continue risks a future where even breathing might require government permission. 

Time to break free!

Can Trump and @DOGE fix this mess?

Source: fairobserver",MarioNawfal,2054223.0,"[Quoting @MarioNawfal]: 🇺🇸DROWNING IN RED TAPE: AMERICA’S BUREAUCRACY IS OUT OF CONTROL

Unelected bureaucrats hold a lot of power in America, strangling personal and business ventures in endless rules and paperwork. 

Congress writes the laws, but it’s the administrative state that decides how they’re enforced—and it’s a nightmare.

Federal agencies have ballooned to 438 departments employing 4 million people, most untouchable by elections or firings.

Meanwhile, Americans can’t make a move without a permit, form, or a bureaucrat’s stamp of approval.

Reforms won’t come easy, but letting this bloat continue risks a future where even breathing might require government permission. 

Time to break free!

Can Trump and @DOGE fix this mess?

Source: fairobserver
[Musk]: Bureaucracy is killing America",quote,0.0046927748744669,0.1877812998647614,0.0742452755933683,7,6,False,True,negative,-0.7,['doge'],"[""DOGE""]",regulatory,False,none,agrees,DOGE,0.3535,0.3359,0.3359,0.3359,0.3339,0.268,72178460.95,0.0,-0.5954153021732664,-20.214349508782366
1883411251692539978,"They sure did and still are. 

@DOGE will stop it.",62313.0,18551.0,268882.0,1983.0,52359362.0,2025-01-26 07:06:49+00:00,False,6345.0,,False,True,False,"🇺🇸NGOs FUNNELED BILLIONS OF TAX DOLLARS INTO ILLEGAL IMMIGRATION UNDER BIDEN

Turns out nonprofits weren’t just helping migrants—they were funding the crisis! 

These groups took billions in taxpayer money, often without oversight, to transport and house illegal immigrants.

Data shows migrants processed by NGOs ended up in nearly every congressional district. 

Sanctuary cities were hit hardest, with taxpayers footing the bill.

Under Biden, NGOs became the middlemen of illegal immigration. 

Trump’s ICE is now digging into the mess he left behind.

Source: theamericanconservative, heritage, newsnationow",MarioNawfal,2054223.0,"[Quoting @MarioNawfal]: 🇺🇸NGOs FUNNELED BILLIONS OF TAX DOLLARS INTO ILLEGAL IMMIGRATION UNDER BIDEN

Turns out nonprofits weren’t just helping migrants—they were funding the crisis! 

These groups took billions in taxpayer money, often without oversight, to transport and house illegal immigrants.

Data shows migrants processed by NGOs ended up in nearly every congressional district. 

Sanctuary cities were hit hardest, with taxpayers footing the bill.

Under Biden, NGOs became the middlemen of illegal immigration. 

Trump’s ICE is now digging into the mess he left behind.

Source: theamericanconservative, heritage, newsnationow
[Musk]: They sure did and still are. 

@DOGE will stop it.",quote,0.0067175952220349,0.2317484993417186,0.0689930899056091,7,6,False,True,neutral,0.0,['doge'],"[""DOGE""]",regulatory,False,none,agrees,DOGE,0.3535,0.3359,0.3359,0.3359,0.3339,0.268,72178460.95,0.0,-0.5954153021732664,-20.214349508782366
1883407424171958761,"I have no idea if this is real, but there certainly is massive fraud in the entitlements programs",10322.0,8380.0,82600.0,538.0,48122628.0,2025-01-26 06:51:36+00:00,False,3051.0,,False,True,False,We need @DOGE to fix this. https://t.co/H2fDQ1mbGe,tunguz,237796.0,"[Quoting @tunguz]: We need @DOGE to fix this. https://t.co/H2fDQ1mbGe
[Musk]: I have no idea if this is real, but there certainly is massive fraud in the entitlements programs",quote,0.0021162601510457,0.1249636803874092,0.1014527845036319,6,6,False,True,positive,0.6,['doge'],"[""DOGE""]",endorsement,True,buy,agrees,DOGE,0.3535,0.3359,0.3359,0.3359,0.3339,0.268,72178460.95,0.0,-0.5954153021732664,-20.214349508782366
1883363289603940818,@TexasLindsay_ @DOGE Noted,750.0,330.0,14879.0,24.0,218694.0,2025-01-26 03:56:14+00:00,True,132.0,TexasLindsay_,False,False,False,,,,@TexasLindsay_ @DOGE Noted,reply,0.0730838523233376,0.0504066133476712,0.0221789098729753,3,6,False,True,positive,0.3,['doge'],"[""DOGE""]",endorsement,False,none,,DOGE,0.3535,0.3359,0.3359,0.3359,0.3339,0.268,72178460.95,0.0,-0.5954153021732664,-20.214349508782366
1882401664147042351,Messed up,10849.0,4923.0,64490.0,233.0,12521255.0,2025-01-23 12:15:04+00:00,False,776.0,,False,True,False,"You can't hate legacy media enough...

Elon is influencing politics by defending free speech, spreading the truth, and standing up for what's right.

But when George Soros or Bill Gates pump billions for literally influencing election outcomes AROUND THE WORLD, then it's not called election interference according to the media's playbook...It's spreading ""Democracyyyy.""",MarioNawfal,2054222.0,"[Quoting @MarioNawfal]: You can't hate legacy media enough...

Elon is influencing politics by defending free speech, spreading the truth, and standing up for what's right.

But when George Soros or Bill Gates pump billions for literally influencing election outcomes AROUND THE WORLD, then it's not called election interference according to the media's playbook...It's spreading ""Democracyyyy.""
[Musk]: Messed up",quote,0.0064286686917565,0.1682276321910373,0.0763374166537447,12,3,False,True,neutral,0.0,['pump'],[],none,False,none,agrees,DOGE,0.3522,0.3522,0.3508,0.3508,0.3535,0.3289,97425765.13,0.0,0.7696693272519898,-6.242873432155067
1881938152501531065,@DataRepublican @DOGE Noted,296.0,128.0,8577.0,19.0,180395.0,2025-01-22 05:33:14+00:00,True,58.0,DataRepublican,False,False,False,,,,@DataRepublican @DOGE Noted,reply,0.050001385847723,0.0345109012475224,0.0149236329719015,5,2,False,True,positive,0.3,['doge'],"[""DOGE""]",endorsement,False,none,,DOGE,0.372,0.3625,0.3625,0.3625,0.3522,0.324,159423517.86,0.0,-2.8413793103448213,-10.620689655172407
1881767465560219908,Good trend,3523.0,3231.0,34810.0,111.0,16945789.0,2025-01-21 18:14:59+00:00,False,524.0,,False,True,False,"@elonmusk 🚀 SpaceX launches by year:

2006: 1
2007: 1
2008: 2
2009: 1
2010: 2
2011: 0
2012: 2
2013: 3
2014: 6
2015: 7
2016: 9
2017: 18
2018: 21
2019: 13
2020: 27
2021: 33
2022: 61
2023: 98
2024: 133
2025: 9 as of January 21",stats_feed,3948503.0,"[Quoting @stats_feed]: @elonmusk 🚀 SpaceX launches by year:

2006: 1
2007: 1
2008: 2
2009: 1
2010: 2
2011: 0
2012: 2
2013: 3
2014: 6
2015: 7
2016: 9
2017: 18
2018: 21
2019: 13
2020: 27
2021: 33
2022: 61
2023: 98
2024: 133
2025: 9 as of January 21
[Musk]: Good trend",quote,0.0024593130482151,0.1012065498419994,0.0928181557023843,18,1,True,True,positive,0.7,['🚀'],[],none,False,none,agrees,DOGE,0.372,0.3625,0.3625,0.3625,0.3522,0.324,159423517.86,0.0,-2.8413793103448213,-10.620689655172407
1881562371392749654,Legit,10361.0,4220.0,104741.0,318.0,39702616.0,2025-01-21 04:40:01+00:00,False,1433.0,,False,True,False,"The Executive Order establishing DOGE

https://t.co/OoZwcOBPXa",DOGE,4255112.0,"[Quoting @DOGE]: The Executive Order establishing DOGE

https://t.co/OoZwcOBPXa
[Musk]: Legit",quote,0.003013403449284,0.0989201936204542,0.0402898578398144,4,1,False,True,positive,0.7,['doge'],"[""DOGE""]",endorsement,False,none,agrees,DOGE,0.3542,0.372,0.372,0.372,0.3625,0.3185,541573813.06,0.0,-2.5537634408602172,-14.381720430107524
1881555411662442699,There will be meaningful progress every week,17127.0,5260.0,113931.0,468.0,16574866.0,2025-01-21 04:12:22+00:00,False,2173.0,,False,True,False,"TRUMP EXECUTIVE ORDER OFFICIALLY ESTABLISHES DOGE

• As of today, DOGE is established as a Temporary Organization in accordance with section 3161 of title 5, United States Code

• The Organization will report to WH Chief of Staff Susie Wiles

• Each Federal agency is tasked with setting up a ""DOGE Team of at least four employees"" within 30 days of today; each team ""will typically include one DOGE Team Lead, one engineer, one human resources specialist, and one attorney""

• DOGE will immediately establish a government-wide ""Software Modernization Initiative""

• DOGE will terminate on July 4, 2026",PirateWires,123953.0,"[Quoting @PirateWires]: TRUMP EXECUTIVE ORDER OFFICIALLY ESTABLISHES DOGE

• As of today, DOGE is established as a Temporary Organization in accordance with section 3161 of title 5, United States Code

• The Organization will report to WH Chief of Staff Susie Wiles

• Each Federal agency is tasked with setting up a ""DOGE Team of at least four employees"" within 30 days of today; each team ""will typically include one DOGE Team Lead, one engineer, one human resources specialist, and one attorney""

• DOGE will immediately establish a government-wide ""Software Modernization Initiative""

• DOGE will terminate on July 4, 2026
[Musk]: There will be meaningful progress every week",quote,0.0082526157375872,0.1503278300023698,0.0461682948451255,4,1,False,True,positive,0.7,['doge'],"[""DOGE""]",endorsement,True,buy,amplifying,DOGE,0.3542,0.372,0.372,0.372,0.3625,0.3185,541573813.06,0.0,-2.5537634408602172,-14.381720430107524
1881542052946858031,"@DOGE will greatly improve government efficiency, saving your tax dollars and ending rampant inflation",4755.0,1717.0,40622.0,164.0,2603986.0,2025-01-21 03:19:17+00:00,True,847.0,DOGE,False,True,False,DOGE is kicking off right out of the gate. It’s setup to deploy SWAT teams to help government agencies get more efficient and modernize their operations. Great to see. https://t.co/Jf91bs1kls,levie,2531992.0,"[Quoting @levie]: DOGE is kicking off right out of the gate. It’s setup to deploy SWAT teams to help government agencies get more efficient and modernize their operations. Great to see. https://t.co/Jf91bs1kls
[Musk]: @DOGE will greatly improve government efficiency, saving your tax dollars and ending rampant inflation",quote,0.0181483310586155,0.1170547978927674,0.042267736694402,3,1,False,True,positive,0.8,['doge'],"[""DOGE""]",endorsement,True,buy,agrees,DOGE,0.3542,0.372,0.372,0.372,0.3625,0.3185,541573813.06,0.0,-2.5537634408602172,-14.381720430107524
1881535931678921151,@teslaownersSV @DOGE Amazing 🤩,90.0,209.0,1307.0,4.0,63762.0,2025-01-21 02:54:58+00:00,True,28.0,teslaownersSV,False,False,False,,,,@teslaownersSV @DOGE Amazing 🤩,reply,0.0252501489915623,0.0688599846977811,0.1599081866870696,2,1,False,True,positive,0.8,['doge'],"[""DOGE""]",endorsement,False,none,,DOGE,0.3542,0.372,0.372,0.372,0.3625,0.3185,541573813.06,0.0,-2.5537634408602172,-14.381720430107524
1881506481847390408,It begins,40507.0,10616.0,369583.0,1808.0,66801387.0,2025-01-21 00:57:56+00:00,False,9667.0,,False,True,False,Progress https://t.co/iNAgAtPPCV,DOGE,4255137.0,"[Quoting @DOGE]: Progress https://t.co/iNAgAtPPCV
[Musk]: It begins",quote,0.0063249285527559,0.1096019026849178,0.0287242649147823,0,1,False,True,positive,0.6,['doge'],"[""DOGE""]",endorsement,True,buy,amplifying,DOGE,0.3542,0.372,0.372,0.372,0.3625,0.3185,541573813.06,0.0,-2.5537634408602172,-14.381720430107524
908163652661927936,Current approx. value of 1M DOGE in USD: $1248.7744 values from vircurex + coinbase at 09/13/17 22:55 #dogecoin,0.0,0.0,1.0,0.0,,2017-09-14 03:01:02+00:00,False,0.0,,False,False,False,,,,Current approx. value of 1M DOGE in USD: $1248.7744 values from vircurex + coinbase at 09/13/17 22:55 #dogecoin,original,,0.0,0.0,3,3,False,True,neutral,0.0,"['doge', 'dogecoin']","[""DOGE""]",market_commentary,False,none,,DOGE,0.001404,0.000953,0.000953,0.000953,0.000965,0.000776,638397.99,0.0,1.259181532004205,-18.572927597061906
1363601164344823810,Dojo 4 Doge,27480.0,16486.0,280793.0,3309.0,,2021-02-21 21:27:06+00:00,False,315.0,,False,False,False,,,,Dojo 4 Doge,original,,0.0978656875349456,0.058712289836285,21,6,False,True,positive,0.6,['doge'],"[""DOGE""]",endorsement,True,buy,,DOGE,0.05613,0.0536,0.0536,0.0536,0.04769,0.05064,42094653.95,0.0,-11.02611940298507,-5.5223880597015
1357244295091208193,"No highs, no lows, only Doge",92843.0,18862.0,663134.0,10150.0,,2021-02-04 08:27:10+00:00,False,850.0,,False,False,False,,,,"No highs, no lows, only Doge",original,,0.1400063938811763,0.0284437232897121,8,3,False,True,positive,0.7,['doge'],"[""DOGE""]",endorsement,True,buy,,DOGE,0.03735,0.05309,0.05309,0.05309,0.04682,0.06975,256386286.76,0.0,-11.810133735166694,31.3806743266152
1328771222822400001,@ReflexFunds @nickidk4 @pcgamer Dojo/Doge,170.0,118.0,1193.0,63.0,,2020-11-17 18:45:21+00:00,True,17.0,_LouiePeters,False,False,False,,,,@ReflexFunds @nickidk4 @pcgamer Dojo/Doge,reply,,0.1424979044425817,0.0989103101424979,18,1,True,True,positive,0.6,['doge'],"[""DOGE""]",endorsement,True,buy,,DOGE,0.002945,0.002907,0.002907,0.002907,0.003055,0.003708,33622.31,0.0,5.091159270725839,27.55417956656347
1264612508536410112,@NASA @SpaceX 🚀♥️,500.0,257.0,9143.0,16.0,,2020-05-24 17:41:32+00:00,True,8.0,NASA,False,False,False,,,,@NASA @SpaceX 🚀♥️,reply,,0.0546866455211637,0.0281089357978781,17,6,False,True,positive,0.8,['🚀'],[],none,False,none,,DOGE,0.002522,0.002539,0.002539,0.002539,0.00255,0.00264,28390.43,0.0,0.4332414336352957,3.977944072469475
1256351293007736832,@Bitcoin 🤣🤣,148.0,146.0,4498.0,22.0,,2020-05-01 22:34:24+00:00,True,9.0,Bitcoin,False,False,False,,,,@Bitcoin 🤣🤣,reply,,0.0329035126722988,0.0324588706091596,22,4,False,True,positive,0.6,['bitcoin'],"[""BTC""]",meme_joke,False,none,,BTC,8829.12,8981.11,8981.11,8981.11,8907.19,9541.13,321429140.42,0.0,-0.8230608465991406,6.235532133555859
1900854398428791230,Good idea 😂,16486.0,3868.0,65368.0,502.0,8210028.0,2025-03-15 10:19:39+00:00,False,2779.0,,False,True,False,"Top Democrats all indirectly share their support for Elon Musk’s DOGE

Nancy Pelosi “We must make the cuts of waste, fraud, and abuse in Medicare. We owe it to our country”

Bernie Sanders “There is an enormous amount of waste and fraud and abuse in this government. When there is waste and fraud, you have an administration who should also by on top of that situation.”

Chuck Schumer “If we're going to eliminate the waste, fraud, and abuse in Medicare, it does mean we're gonna cut some of that out. We wanna cut the bad stuff and keep the good stuff.”",WallStreetApes,886313.0,"[Quoting @WallStreetApes]: Top Democrats all indirectly share their support for Elon Musk’s DOGE

Nancy Pelosi “We must make the cuts of waste, fraud, and abuse in Medicare. We owe it to our country”

Bernie Sanders “There is an enormous amount of waste and fraud and abuse in this government. When there is waste and fraud, you have an administration who should also by on top of that situation.”

Chuck Schumer “If we're going to eliminate the waste, fraud, and abuse in Medicare, it does mean we're gonna cut some of that out. We wanna cut the bad stuff and keep the good stuff.”
[Musk]: Good idea 😂",quote,0.0105022784331551,0.2522029127401787,0.0591726838820217,10,5,False,True,positive,0.6,['doge'],"[""DOGE""]",endorsement,False,none,agrees,DOGE,0.1719,0.176,0.176,0.176,0.1682,0.1674,27162543.51,0.0,-4.4318181818181825,-4.886363636363635
1900783094916890847,An exponential curve,2834.0,2068.0,21307.0,90.0,18124680.0,2025-03-15 05:36:19+00:00,False,342.0,,False,True,False,"@SpaceX @Space_Station @NASA Happy birthday SpaceX!

🚀 SpaceX launches by year:

2006: 1
2007: 1
2008: 2
2009: 1
2010: 2
2011: 0
2012: 2
2013: 3
2014: 6
2015: 7
2016: 9
2017: 18
2018: 21
2019: 13
2020: 27
2021: 33
2022: 61
2023: 98
2024: 133
2025: 29 as of March 14",stats_feed,3961910.0,"[Quoting @stats_feed]: @SpaceX @Space_Station @NASA Happy birthday SpaceX!

🚀 SpaceX launches by year:

2006: 1
2007: 1
2008: 2
2009: 1
2010: 2
2011: 0
2012: 2
2013: 3
2014: 6
2015: 7
2016: 9
2017: 18
2018: 21
2019: 13
2020: 27
2021: 33
2022: 61
2023: 98
2024: 133
2025: 29 as of March 14
[Musk]: An exponential curve",quote,0.001451004928087,0.1330079316656497,0.0970573051109963,5,5,False,True,neutral,0.0,['🚀'],[],none,False,none,amplifying,DOGE,0.1719,0.176,0.176,0.176,0.1682,0.1674,27162543.51,0.0,-4.4318181818181825,-4.886363636363635
1900394600394875330,Obama sounds exactly like @DOGE!!,50555.0,12012.0,236883.0,2373.0,57593912.0,2025-03-14 03:52:35+00:00,False,28400.0,,False,True,False,"OMG this is not AI, it's real. It's a must watch.

2011. Obama announces a DOGE department and puts Joe Biden in charge of it! 😂

""Nobody messes with Joe."" 🤣 https://t.co/obGsYHzmMr",mazemoore,472871.0,"[Quoting @mazemoore]: OMG this is not AI, it's real. It's a must watch.

2011. Obama announces a DOGE department and puts Joe Biden in charge of it! 😂

""Nobody messes with Joe."" 🤣 https://t.co/obGsYHzmMr
[Musk]: Obama sounds exactly like @DOGE!!",quote,0.0052405365344864,0.2134175943398217,0.0507085776522587,3,4,False,True,positive,0.7,['doge'],"[""DOGE""]",meme_joke,False,none,amplifying,DOGE,0.1651,0.1719,0.1719,0.1719,0.176,0.1672,48803533.46,0.0,2.3851076207097104,-2.7341477603257767
1900214429217939561,It must be now,21028.0,7363.0,156043.0,528.0,43917184.0,2025-03-13 15:56:38+00:00,False,1188.0,,False,True,False,"I pray every morning that DOGE succeeds in cutting waste and fraud from our government. 

It's the ONLY chance we have.

If we don't fix it this time around, there will be no stopping it peacefully.",GuntherEagleman,1378949.0,"[Quoting @GuntherEagleman]: I pray every morning that DOGE succeeds in cutting waste and fraud from our government. 

It's the ONLY chance we have.

If we don't fix it this time around, there will be no stopping it peacefully.
[Musk]: It must be now",quote,0.0042116088317502,0.1347577270367783,0.0471857116307684,15,3,True,True,positive,0.8,['doge'],"[""DOGE""]",endorsement,True,buy,agrees,DOGE,0.1651,0.1719,0.1719,0.1719,0.176,0.1672,48803533.46,0.0,2.3851076207097104,-2.7341477603257767
1825713908067479735,Perfect name,12774.0,4194.0,136161.0,556.0,40455707.0,2024-08-20 01:58:10+00:00,False,1533.0,,False,True,False,Department Of Government Efficiency (DOGE) 😂,dogeofficialceo,400964.0,"[Quoting @dogeofficialceo]: Department Of Government Efficiency (DOGE) 😂
[Musk]: Perfect name",quote,0.003798845982348,0.0938154096988124,0.0308017714323484,1,1,False,True,positive,0.7,['doge'],"[""DOGE""]",meme_joke,False,none,agrees,DOGE,0.1014,0.1029,0.1029,0.1029,0.1062,0.09892,43045787.34,0.0,3.206997084548102,-3.8678328474246952
1823600291096502279,Rate of progress of Grok is 🚀 🚀🚀,2381.0,1609.0,19403.0,109.0,5391491.0,2024-08-14 05:59:24+00:00,False,462.0,,False,True,False,"Woah, another exciting update from Chatbot Arena❤️‍🔥

The results for @xAI’s sus-column-r (Grok 2 early version) are now public**!

With over 12,000 community votes, sus-column-r has secured the #3 spot on the overall leaderboard, even matching GPT-4o! It excels in Coding (#2), Hard Prompts (#4), and Math (#2).

Congratulations to @xAI on this impressive debut for Grok 2!

More plots below👇

**Note: We post its early result on twitter. The official update for Grok 2 coming soon..!",lmarena_ai,66773.0,"[Quoting @lmarena_ai]: Woah, another exciting update from Chatbot Arena❤️‍🔥

The results for @xAI’s sus-column-r (Grok 2 early version) are now public**!

With over 12,000 community votes, sus-column-r has secured the #3 spot on the overall leaderboard, even matching GPT-4o! It excels in Coding (#2), Hard Prompts (#4), and Math (#2).

Congratulations to @xAI on this impressive debut for Grok 2!

More plots below👇

**Note: We post its early result on twitter. The official update for Grok 2 coming soon..!
[Musk]: Rate of progress of Grok is 🚀 🚀🚀",quote,0.0043590910195342,0.1227129825284749,0.0829253208266763,5,2,False,True,positive,0.8,['🚀'],[],endorsement,False,none,amplifying,DOGE,0.1064,0.1024,0.1024,0.1024,0.1002,0.1062,18923496.57,0.0,-2.148437500000007,3.710937499999998
1820468901500629277,@rookisaacman Soon to the Moon and then Mars!,257.0,362.0,3697.0,67.0,227151.0,2024-08-05 14:36:23+00:00,True,70.0,rookisaacman,False,False,False,,,,@rookisaacman Soon to the Moon and then Mars!,reply,0.019295534688379,0.0695158236407898,0.0979172301866378,14,0,True,True,positive,0.7,['to the moon'],[],none,False,none,,DOGE,0.09435,0.09652,0.09652,0.09652,0.09557,0.1064,45153729.73,0.0,-0.9842519685039294,10.236220472440944
1818845968890019936,"I’m coming for you Maduro! 🚀💣 

I will carry you to Gitmo on a donkey 🫏",109868.0,32912.0,684668.0,8788.0,92915148.0,2024-08-01 03:07:26+00:00,False,20625.0,,False,True,False,"Maduro gives direct orders to his security forces, instructing them to keep Elon Musk out at all costs. The donkey dictator is delusional enough to think that Elon is going to personally show up and give him a thrashing. 

He is afraid. How are these goons going to stop space lasers?",stillgray,1224158.0,"[Quoting @stillgray]: Maduro gives direct orders to his security forces, instructing them to keep Elon Musk out at all costs. The donkey dictator is delusional enough to think that Elon is going to personally show up and give him a thrashing. 

He is afraid. How are these goons going to stop space lasers?
[Musk]: I’m coming for you Maduro! 🚀💣 

I will carry you to Gitmo on a donkey 🫏",quote,0.0089999964268474,0.1604690156396969,0.048070013495592,3,3,False,True,negative,-0.7,['🚀'],[],none,False,none,mocking,DOGE,0.1219,0.119,0.119,0.119,0.1114,0.1075,37279609.15,0.0,-6.386554621848736,-9.663865546218485
1818742982910320676,Interesting,18425.0,4210.0,120792.0,448.0,38601940.0,2024-07-31 20:18:12+00:00,False,3386.0,,False,True,False,"I am crossing the Rubicon and backing the Republican Party and President Trump.

Many — including a former version of myself — get trapped in a mental framework that becomes their identity and prevents them from radically evolving their thinking with new facts and information. I finally broke free from it.

My journey has been a gradual political 180 from where I stood in every previous election. It has been an eye-opening process of disenchantment, zero-basing lifelong beliefs, and rebuilding from there.

In 2017, a good friend enlisted me to pitch the DNC to raise $100M from Silicon Valley founders and executives. The aim was to use these funds and know-how to build a CRM and tech platform to prevent a repeat of Hillary Clinton’s inadequate, outdated 2016 campaign. We met with DNC leadership, who told us we could raise that money, but it would have to go to the general fund; a single-digit percentage would then be allocated to tech. In the wake of one of their most shocking failures, they didn’t want the help.

The next series of realizations began in 2019 while I was at Meta, right after we announced the Libra white paper. I testified before the Senate and the House and subsequently spent significant time in DC, engaging with lawmakers, cabinet members, regulators, and two White House administrations. At the time, I still believed the mainstream idea that Democrats were all about serving the People. However, I was shocked to learn that, for the most part, Republicans cared more deeply about their constituents, while Democrats, in my experience, cared more about government power and control. This is my observation on balance, with many stories to back it up. I also found that more Republicans wanted to understand our project’s goals and took the time to learn about the risks of censoring payments and controlling the network. I found myself remarkably aligned with them.

Then COVID came, revealing more. While I don’t subscribe to the most malicious vaccine conspiracy theories, I do take offense at the censorship machine put in place to hide the origin of the virus from the NIH-funded Wuhan lab and all dissenting voices on vaccinations and lockdowns. At that time, I fully appreciated why Republicans value freedom of speech and preventing censorship.

This trend of spinning and manufacturing a parallel reality to serve the Dem agenda, solidified by complicit mainstream media, hit home with the Hunter Biden laptop story, the coordinated vilification of President Trump and his followers, and President Biden’s cognitive decline — depriving voters of a voice in a proper primary. These examples displayed the hubris of the current Dem leadership. You must think the American people are fools to believe the spin on these issues. I despise this elite vs. general population ideology viscerally.

This version of the Democratic Party is sidelining moderates and centrists and has adopted an increasingly leftist ideology. This drift to the left has dictated policies from which I’ve found myself estranged.

On the domestic front, there has been a total departure from the core American value system of meritocracy, an extreme and weaponized DEI agenda, an open door to massive illegal immigration, and a once-fringe narrative, now mainstream within the party, of vilifying success. This shift is also causing us to fall behind due to an anti-innovation regulatory climate, notably on crypto and soon AI — two non-linear technological breakthroughs that will likely determine tomorrow’s leading countries.

On foreign policy, the administration is exacerbating tensions with Russia through an aggressive NATO expansion narrative focused on Ukraine and prolonging an unwinnable war. This is costing American taxpayers hundreds of billions of dollars, the world hundreds of thousands of lives, depleting the U.S. military arsenal and risking World War III. On Iran, this administration is continuing a misguided Obama-era plan to bring Iran closer to the West by unfreezing Trump-era sanctions, thus giving the Mollahs’ regime the ability to fund terrorism and pursue its anti-America, anti-Israel, and anti-Jewish agenda. The withdrawal from Afghanistan was also handled disastrously. We’re leaving a door open for China to invade Taiwan by coming across as weak. Most importantly to me, concerning Israel, the administration is enabling Iran to fund Hamas and Hezbollah, restraining Israel in its fight against its enemies, thus prolonging another conflict, which is costing more lives on both sides and allowing unprecedented levels of antisemitism to rise at home.

I believe we need a President who is unequivocally pro: America, the Constitution, business, Bitcoin/crypto, innovation, Israel, small government, legal immigration, free speech, meritocracy, and common sense — and anti: regulatory proliferation, illegal immigration, unjust wars, Iran’s current regime, and domestic groups that oppose American values. These issues are central to President Trump’s platform.

Naturally, I disagree with President Trump and the GOP on some issues, particularly women’s reproductive rights. While I’ve come to learn that extreme views exist in both parties, I firmly believe that women should have the unalienable right to make their own decisions on this polarizing topic. President Trump confirmed he was against a national abortion ban and supported the Supreme Court’s decision on maintaining access to mifepristone, which was reassuring and a sign that the party was moving closer to the center.

It’s impossible to close this post without mentioning President Trump’s recent assassination attempt. The courage and resolve he displayed seconds after being hit by a bullet was awe-inspiring for his followers and detractors alike. This was a man, however imperfect, who, at that moment, incarnated the American spirit in the most vivid way, starting to bring a split nation together.

Some claim that reelecting President Trump will bring our democracy to its knees. However, the alternative — having unelected individuals with this much power and no accountability run our government coupled with four more years of bad policies at home and abroad — might present a more significant threat. Neither will likely change in a Harris administration and could potentially worsen.

In this pivotal moment, confronted with the choices we have, I am endorsing and supporting a return to a Republican administration in 2025.",davidmarcus,186260.0,"[Quoting @davidmarcus]: I am crossing the Rubicon and backing the Republican Party and President Trump.

Many — including a former version of myself — get trapped in a mental framework that becomes their identity and prevents them from radically evolving their thinking with new facts and information. I finally broke free from it.

My journey has been a gradual political 180 from where I stood in every previous election. It has been an eye-opening process of disenchantment, zero-basing lifelong beliefs, and rebuilding from there.

In 2017, a good friend enlisted me to pitch the DNC to raise $100M from Silicon Valley founders and executives. The aim was to use these funds and know-how to build a CRM and tech platform to prevent a repeat of Hillary Clinton’s inadequate, outdated 2016 campaign. We met with DNC leadership, who told us we could raise that money, but it would have to go to the general fund; a single-digit percentage would then be allocated to tech. In the wake of one of their most shocking failures, they didn’t want the help.

The next series of realizations began in 2019 while I was at Meta, right after we announced the Libra white paper. I testified before the Senate and the House and subsequently spent significant time in DC, engaging with lawmakers, cabinet members, regulators, and two White House administrations. At the time, I still believed the mainstream idea that Democrats were all about serving the People. However, I was shocked to learn that, for the most part, Republicans cared more deeply about their constituents, while Democrats, in my experience, cared more about government power and control. This is my observation on balance, with many stories to back it up. I also found that more Republicans wanted to understand our project’s goals and took the time to learn about the risks of censoring payments and controlling the network. I found myself remarkably aligned with them.

Then COVID came, revealing more. While I don’t subscribe to the most malicious vaccine conspiracy theories, I do take offense at the censorship machine put in place to hide the origin of the virus from the NIH-funded Wuhan lab and all dissenting voices on vaccinations and lockdowns. At that time, I fully appreciated why Republicans value freedom of speech and preventing censorship.

This trend of spinning and manufacturing a parallel reality to serve the Dem agenda, solidified by complicit mainstream media, hit home with the Hunter Biden laptop story, the coordinated vilification of President Trump and his followers, and President Biden’s cognitive decline — depriving voters of a voice in a proper primary. These examples displayed the hubris of the current Dem leadership. You must think the American people are fools to believe the spin on these issues. I despise this elite vs. general population ideology viscerally.

This version of the Democratic Party is sidelining moderates and centrists and has adopted an increasingly leftist ideology. This drift to the left has dictated policies from which I’ve found myself estranged.

On the domestic front, there has been a total departure from the core American value system of meritocracy, an extreme and weaponized DEI agenda, an open door to massive illegal immigration, and a once-fringe narrative, now mainstream within the party, of vilifying success. This shift is also causing us to fall behind due to an anti-innovation regulatory climate, notably on crypto and soon AI — two non-linear technological breakthroughs that will likely determine tomorrow’s leading countries.

On foreign policy, the administration is exacerbating tensions with Russia through an aggressive NATO expansion narrative focused on Ukraine and prolonging an unwinnable war. This is costing American taxpayers hundreds of billions of dollars, the world hundreds of thousands of lives, depleting the U.S. military arsenal and risking World War III. On Iran, this administration is continuing a misguided Obama-era plan to bring Iran closer to the West by unfreezing Trump-era sanctions, thus giving the Mollahs’ regime the ability to fund terrorism and pursue its anti-America, anti-Israel, and anti-Jewish agenda. The withdrawal from Afghanistan was also handled disastrously. We’re leaving a door open for China to invade Taiwan by coming across as weak. Most importantly to me, concerning Israel, the administration is enabling Iran to fund Hamas and Hezbollah, restraining Israel in its fight against its enemies, thus prolonging another conflict, which is costing more lives on both sides and allowing unprecedented levels of antisemitism to rise at home.

I believe we need a President who is unequivocally pro: America, the Constitution, business, Bitcoin/crypto, innovation, Israel, small government, legal immigration, free speech, meritocracy, and common sense — and anti: regulatory proliferation, illegal immigration, unjust wars, Iran’s current regime, and domestic groups that oppose American values. These issues are central to President Trump’s platform.

Naturally, I disagree with President Trump and the GOP on some issues, particularly women’s reproductive rights. While I’ve come to learn that extreme views exist in both parties, I firmly believe that women should have the unalienable right to make their own decisions on this polarizing topic. President Trump confirmed he was against a national abortion ban and supported the Supreme Court’s decision on maintaining access to mifepristone, which was reassuring and a sign that the party was moving closer to the center.

It’s impossible to close this post without mentioning President Trump’s recent assassination attempt. The courage and resolve he displayed seconds after being hit by a bullet was awe-inspiring for his followers and detractors alike. This was a man, however imperfect, who, at that moment, incarnated the American spirit in the most vivid way, starting to bring a split nation together.

Some claim that reelecting President Trump will bring our democracy to its knees. However, the alternative — having unelected individuals with this much power and no accountability run our government coupled with four more years of bad policies at home and abroad — might present a more significant threat. Neither will likely change in a Harris administration and could potentially worsen.

In this pivotal moment, confronted with the choices we have, I am endorsing and supporting a return to a Republican administration in 2025.
[Musk]: Interesting",quote,0.003727144283422,0.1525349360884826,0.0348533015431485,20,2,True,True,neutral,0.0,"['crypto', 'bitcoin']","[""BTC""]",endorsement,False,none,neutral,BTC,64617.83,65300.21,65300.21,65300.21,61422.3,61708.53,2364449721.14,0.0,-5.9385873337926425,-5.500257962416967
1813086628430422214,"@shane64631 @X If Sauron was posting on 4chan: 

&gt; my red eye hurts so bad 
&gt; i need a dump truck of visine
&gt; then crazy midgets steal my fav bling 
&gt; to throw it in a volcano 
&gt; mfw",89.0,135.0,1121.0,37.0,73526.0,2024-07-16 05:41:52+00:00,True,49.0,MycoMagee,False,False,False,,,,"@shane64631 @X If Sauron was posting on 4chan: 

&gt; my red eye hurts so bad 
&gt; i need a dump truck of visine
&gt; then crazy midgets steal my fav bling 
&gt; to throw it in a volcano 
&gt; mfw",reply,0.0187960721377471,0.079393398751115,0.1204281891168599,5,1,False,True,neutral,0.0,['dump'],[],none,False,none,,DOGE,0.125,0.1248,0.1248,0.1248,0.1218,0.1303,46279459.02,0.0,-2.403846153846145,4.4070512820512855
1881450440883421320,@kimbal Thanks ❤️🇺🇸🚀,145.0,292.0,2947.0,8.0,78518.0,2025-01-20 21:15:15+00:00,True,66.0,kimbal,False,False,False,,,,@kimbal Thanks ❤️🇺🇸🚀,reply,0.0432002852849028,0.0492025788937902,0.0990838140481846,21,0,False,True,positive,0.6,['🚀'],[],none,False,none,,DOGE,0.3542,0.372,0.372,0.372,0.3625,0.3185,541573813.06,0.0,-2.5537634408602172,-14.381720430107524
1881439156385226965,The future is so exciting!!,47261.0,18300.0,386794.0,2118.0,47911009.0,2025-01-20 20:30:24+00:00,False,10279.0,,False,True,False,"Elon Musk is fired up about America's future! 🔥🇺🇸

""This is what victory feels like!""

""This was no ordinary victory. This was a fork in the road of human civilization.""

""This one really mattered. Thank you for making it happen! My heart goes out to you. It is thanks to you that the future of civilization is assured.""

""We're going to finally have safe cities. Secure borders. Sensible spending. Basic stuff. And we're going to take DOGE to Mars!""

""Can you imagine how awesome it will be to have American astronauts plant the flag on another planet for the first time?!""

""There need to be things that inspire you. There need to be things that make you glad to wake up in the morning and say I'm looking forward to the future.""

""And let me tell you, I'm going to work my ass off for you guys. I really will. I'm super fired up for the future. It's going to be very exciting. As the President said, we're going to have a Golden Age.""",KanekoaTheGreat,1060612.0,"[Quoting @KanekoaTheGreat]: Elon Musk is fired up about America's future! 🔥🇺🇸

""This is what victory feels like!""

""This was no ordinary victory. This was a fork in the road of human civilization.""

""This one really mattered. Thank you for making it happen! My heart goes out to you. It is thanks to you that the future of civilization is assured.""

""We're going to finally have safe cities. Secure borders. Sensible spending. Basic stuff. And we're going to take DOGE to Mars!""

""Can you imagine how awesome it will be to have American astronauts plant the flag on another planet for the first time?!""

""There need to be things that inspire you. There need to be things that make you glad to wake up in the morning and say I'm looking forward to the future.""

""And let me tell you, I'm going to work my ass off for you guys. I really will. I'm super fired up for the future. It's going to be very exciting. As the President said, we're going to have a Golden Age.""
[Musk]: The future is so exciting!!",quote,0.0094857739272408,0.1221864868638086,0.0473120058739277,20,0,True,True,positive,0.8,['doge'],"[""DOGE""]",endorsement,True,buy,amplifying,DOGE,0.3542,0.372,0.372,0.372,0.3625,0.3185,541573813.06,0.0,-2.5537634408602172,-14.381720430107524
1757152501395018152,US national debt growth is unsustainable,13859.0,5943.0,67420.0,755.0,16231694.0,2024-02-12 21:19:37+00:00,False,768.0,,False,True,False,"The interest on the debt alone is exploding, up 37% from a year ago. It already costs over $1 trillion a year and will cost $3 trillion annually in less than a decade. 

It's already bigger than military spending and will soon be the largest item in the whole budget. The Fed will be forced to print money to pay for it, and inflation will go to the moon.",WallStreetMav,1603671.0,"[Quoting @WallStreetMav]: The interest on the debt alone is exploding, up 37% from a year ago. It already costs over $1 trillion a year and will cost $3 trillion annually in less than a decade. 

It's already bigger than military spending and will soon be the largest item in the whole budget. The Fed will be forced to print money to pay for it, and inflation will go to the moon.
[Musk]: US national debt growth is unsustainable",quote,0.0054200750704147,0.2055621477306437,0.0881489172352417,21,0,False,True,positive,0.6,['to the moon'],"[""BTC""]",market_commentary,True,buy,agrees,BTC,49942.97,49733.11,49733.11,49733.11,51844.19,52269.59,2075339722.8,0.0,4.244817989464165,5.10018376087881
1756012785236869221,@krassenstein @SpaceX Starship should be able to make it to the moon in less than 5 years,459.0,784.0,6873.0,158.0,409916.0,2024-02-09 17:50:47+00:00,True,145.0,krassenstein,False,False,False,,,,@krassenstein @SpaceX Starship should be able to make it to the moon in less than 5 years,reply,0.0201846231910928,0.0667830641641204,0.1140695475047286,17,4,True,True,positive,0.7,['to the moon'],[],none,False,none,,DOGE,0.0816,0.08145,0.08145,0.08145,0.08125,0.08359,12586206.01,0.0,-0.24554941682012504,2.627378759975449
1749161830449111085,"@ESYudkowsky Our meat computers are feeble (sigh).

We did get manage to get a few monkeys to the moon using rockets designed with slide rules, which is pretty impressive.",88.0,165.0,1387.0,17.0,99672.0,2024-01-21 20:07:32+00:00,True,55.0,ESYudkowsky,False,False,False,,,,"@ESYudkowsky Our meat computers are feeble (sigh).

We did get manage to get a few monkeys to the moon using rockets designed with slide rules, which is pretty impressive.",reply,0.0166245284533269,0.0634462869502523,0.1189617880317231,20,6,False,True,neutral,0.0,['to the moon'],[],none,False,none,,DOGE,0.08537,0.08045,0.08045,0.08045,0.07816,0.08135,60367615.91,0.0,-2.846488502175265,1.1187072715972803
1747352736167776634,SpaceX is focused on making Starlink great for gaming &amp; streaming!,8655.0,5914.0,71288.0,467.0,19513869.0,2024-01-16 20:18:51+00:00,False,732.0,,False,True,False,"Been streaming via @Starlink here on X &amp; Twitch for a few days now. Living in a small village in Germany without fiber connection, so this is a top option for me as a gamer &amp; content creator! Casually just 6x my internet speed🚀 https://t.co/yETfkHnlrD",Rob_2628,37922.0,"[Quoting @Rob_2628]: Been streaming via @Starlink here on X &amp; Twitch for a few days now. Living in a small village in Germany without fiber connection, so this is a top option for me as a gamer &amp; content creator! Casually just 6x my internet speed🚀 https://t.co/yETfkHnlrD
[Musk]: SpaceX is focused on making Starlink great for gaming &amp; streaming!",quote,0.0044237255051778,0.1214089327797104,0.0829592638312198,20,1,True,True,positive,0.7,['🚀'],[],product_launch,False,none,agrees,DOGE,0.08131,0.08053,0.08053,0.08053,0.07802,0.07901,11274429.09,0.0,-3.116850863032408,-1.8874953433503132
1616575625325867013,"RT @Tesla: Heat Pump allows us to move heat around to whatever system needs it most, giving Tesla vehicles unmatched efficiency in cold wea…",1285.0,0.0,0.0,0.0,87.0,2023-01-20 23:17:18+00:00,False,0.0,,True,False,False,,,,"RT @Tesla: Heat Pump allows us to move heat around to whatever system needs it most, giving Tesla vehicles unmatched efficiency in cold wea…",retweet,14.770114942528735,,,23,4,False,True,neutral,0.0,['pump'],[],none,False,none,,DOGE,0.08621,0.08463,0.08463,0.08463,0.08823,0.08777,59763935.75,0.0,4.253810705423615,3.7102682263972633
1070388894875545600,"@DJSnM Pump is single string. Some landing systems are not redundant, as landing is considered ground safety critical, but not mission critical. Given this event, we will likely add a backup pump &amp; lines.",256.0,112.0,3426.0,33.0,,2018-12-05 18:46:14+00:00,True,6.0,DJSnM,False,False,False,,,,"@DJSnM Pump is single string. Some landing systems are not redundant, as landing is considered ground safety critical, but not mission critical. Given this event, we will likely add a backup pump &amp; lines.",reply,,0.0747227086981903,0.0326911850554582,18,2,True,True,neutral,0.0,['pump'],[],none,False,none,,DOGE,0.002224,0.002107,0.002107,0.002107,0.002138,0.002006,29161.08,0.0,1.4712861888941724,-4.793545325106785
1070386062164283392,"Grid fin hydraulic pump stalled, so Falcon landed just out to sea. Appears to be undamaged &amp; is transmitting data. Recovery ship dispatched.",2895.0,1188.0,31580.0,368.0,,2018-12-05 18:34:58+00:00,False,32.0,,False,False,False,,,,"Grid fin hydraulic pump stalled, so Falcon landed just out to sea. Appears to be undamaged &amp; is transmitting data. Recovery ship dispatched.",original,,0.0916719442685243,0.0376187460417986,18,2,True,True,neutral,0.0,['pump'],[],none,False,none,,DOGE,0.002224,0.002107,0.002107,0.002107,0.002138,0.002006,29161.08,0.0,1.4712861888941724,-4.793545325106785
1065386743526879232,"🚀 Starships were meant to fly 🚀
https://t.co/6yclRVZZFQ",4622.0,1026.0,24210.0,1232.0,,2018-11-21 23:29:28+00:00,False,322.0,,False,False,False,,,,"🚀 Starships were meant to fly 🚀
https://t.co/6yclRVZZFQ",original,,0.1909128459314333,0.0423791821561338,23,2,False,True,neutral,0.0,['🚀'],[],none,False,none,,DOGE,0.002484,0.002408,0.002408,0.002408,0.002304,0.00224,44433.23,0.0,-4.318936877076409,-6.97674418604652
1063175331484319744,Looking back at the sun from upper stage &amp; Falcon 9 🚀 landed on drone ship Of Course I Still Love You https://t.co/sg3FXIDQJL,1414.0,493.0,19308.0,85.0,,2018-11-15 21:02:06+00:00,False,15.0,,False,False,False,,,,Looking back at the sun from upper stage &amp; Falcon 9 🚀 landed on drone ship Of Course I Still Love You https://t.co/sg3FXIDQJL,original,,0.0732338926869691,0.0255334576341412,21,3,False,True,neutral,0.0,['🚀'],[],none,False,none,,DOGE,0.003023,0.002915,0.002915,0.002915,0.002708,0.002304,46800.54,0.0,-7.101200686106352,-20.960548885077188
1054520588734058496,@vicentes @Grimezsz Wanna buy some Bitcoin? 😉😉 https://t.co/9ZbBJ5fuVq,6542.0,1020.0,21702.0,1329.0,,2018-10-22 23:51:15+00:00,True,215.0,vicentes,False,False,False,,,,@vicentes @Grimezsz Wanna buy some Bitcoin? 😉😉 https://t.co/9ZbBJ5fuVq,reply,,0.3014468712561054,0.0470002764722145,23,0,False,True,positive,0.6,['bitcoin'],"[""BTC""]",payment_adoption,True,buy,,BTC,6483.23,6470.22,6470.22,6470.22,6476.25,6309.11,220913293.6,0.0,0.09319621280265192,-2.4900235231568724
1041482806600204294,"@johnkoetsier Design has been changed so the 🚀 lands on legs that extend from the tips of the three fins, two of which actuate (mostly for pitch control)",264.0,139.0,4120.0,24.0,,2018-09-17 00:23:45+00:00,True,3.0,johnkoetsier,False,False,False,,,,"@johnkoetsier Design has been changed so the 🚀 lands on legs that extend from the tips of the three fins, two of which actuate (mostly for pitch control)",reply,,0.0640776699029126,0.0337378640776699,0,0,False,True,neutral,0.0,['🚀'],[],none,False,none,,DOGE,0.006516,0.006272,0.006272,0.006272,0.005967,0.005755,81016.57,0.0,-4.86288265306122,-8.242984693877553
1034483462235975681,"@McMurchie @alexmd2 @Techmeme @CatherineShu At this point, I want ETH even if it is a scam",1504.0,819.0,4883.0,538.0,,2018-08-28 16:50:51+00:00,False,33.0,,False,False,False,,,,"@McMurchie @alexmd2 @Techmeme @CatherineShu At this point, I want ETH even if it is a scam",original,,0.3080073725168953,0.1677247593692402,16,1,True,True,positive,0.6,['eth'],"[""ETH""]",endorsement,True,buy,,ETH,296.21,289.2,289.2,289.2,284.57,228.27,330652824.01,0.0,-1.600968188105116,-21.06846473029045
1033203405223735297,"@isco__ Yes 😀🖤🚀, looks brutal otherwise",24.0,44.0,938.0,20.0,,2018-08-25 04:04:22+00:00,True,2.0,isco__,False,False,False,,,,"@isco__ Yes 😀🖤🚀, looks brutal otherwise",reply,,0.0255863539445629,0.0469083155650319,4,5,False,True,positive,0.8,['🚀'],[],none,False,none,,DOGE,0.002468,0.002441,0.002441,0.002441,0.002479,0.006061,16597.42,0.0,1.5567390413764786,148.29987709954938
1024434827158638592,@DiscoverMag Oh yeah? I’ll see ur expert &amp; raise you a Chris McKay @NASA 🌏🚀👨‍🔬 😀https://t.co/LEXPf93ryT,46.0,57.0,787.0,15.0,,2018-07-31 23:21:10+00:00,True,2.0,DiscoverMag,False,False,False,,,,@DiscoverMag Oh yeah? I’ll see ur expert &amp; raise you a Chris McKay @NASA 🌏🚀👨‍🔬 😀https://t.co/LEXPf93ryT,reply,,0.0584498094027954,0.0724269377382465,23,1,False,True,neutral,0.0,['🚀'],[],none,False,none,,DOGE,0.002973,0.003023,0.003023,0.003023,0.002983,0.002511,56316.8,0.0,-1.3231888852133677,-16.936817730731057
1016967753771577344,"@Katheri93719178 @dtemkin Yes. Caves are now filled with water again. Difficulty of passage is massively dependent on water level. Little kids can walk/swim in when low, but it can be deadly to pro divers when high. Pump &amp; generator engineering team deserves some credit for the rescue.",76.0,54.0,1494.0,8.0,,2018-07-11 08:49:41+00:00,True,2.0,Katheri93719178,False,False,False,,,,"@Katheri93719178 @dtemkin Yes. Caves are now filled with water again. Difficulty of passage is massively dependent on water level. Little kids can walk/swim in when low, but it can be deadly to pro divers when high. Pump &amp; generator engineering team deserves some credit for the rescue.",reply,,0.0508701472556894,0.036144578313253,8,2,False,True,neutral,0.0,['pump'],[],none,False,none,,DOGE,0.00247,0.002519,0.002519,0.002519,0.002379,0.003631,23130.21,0.0,-5.557761016276298,44.14450178642319
1014754638950645760,"@MabzMagz Boring Co has advanced ground penetrating radar &amp; is pretty good at digging holes. Don’t know if pump rate is limited by electric power or pumps are too smal. If so, could dropship fully charged Powerpacks and pumps.",1141.0,153.0,5453.0,135.0,,2018-07-05 06:15:33+00:00,True,9.0,MabzMagz,False,False,False,,,,"@MabzMagz Boring Co has advanced ground penetrating radar &amp; is pretty good at digging holes. Don’t know if pump rate is limited by electric power or pumps are too smal. If so, could dropship fully charged Powerpacks and pumps.",reply,,0.2092426187419769,0.0280579497524298,6,3,False,True,neutral,0.0,['pump'],[],none,False,none,,DOGE,0.0027,0.002638,0.002638,0.002638,0.002685,0.002379,35601.36,0.0,1.781652767247905,-9.8180439727066
1010727396046135297,"@kerra_henke @Kennnaughty 🚀 Road, Hawthorne",11.0,12.0,372.0,8.0,,2018-06-24 03:32:44+00:00,True,2.0,heykerra,False,False,False,,,,"@kerra_henke @Kennnaughty 🚀 Road, Hawthorne",reply,,0.0295698924731182,0.032258064516129,3,6,False,True,neutral,0.0,['🚀'],[],none,False,none,,DOGE,0.002732,0.002601,0.002601,0.002601,0.002593,0.002538,51324.0,0.0,-0.3075740099961628,-2.422145328719728
1005879678895177729,@DeeLex_MCEM @VHollywood21 Add an R for Roadster 👽💕🚀,19.0,34.0,513.0,9.0,,2018-06-10 18:29:38+00:00,True,3.0,SpaceRangerDash,False,False,False,,,,@DeeLex_MCEM @VHollywood21 Add an R for Roadster 👽💕🚀,reply,,0.037037037037037,0.0662768031189083,18,6,False,True,positive,0.7,['🚀'],[],none,False,none,,DOGE,0.003133,0.003367,0.003367,0.003367,0.003227,0.003078,125036.08,0.0,-4.158004158004169,-8.583308583308588
1005785859558273024,"@LanceUlanoff Note, gas contained would be ultra high pressure air in a SpaceX rocket COPV bottle. The air exiting the thrusters would immediately be replenished whenever vehicle pack power draw allowed operation of the air pump, which is most of the time.",167.0,99.0,2772.0,29.0,,2018-06-10 12:16:50+00:00,True,5.0,LanceUlanoff,False,False,False,,,,"@LanceUlanoff Note, gas contained would be ultra high pressure air in a SpaceX rocket COPV bottle. The air exiting the thrusters would immediately be replenished whenever vehicle pack power draw allowed operation of the air pump, which is most of the time.",reply,,0.0602453102453102,0.0357142857142857,12,6,False,True,neutral,0.0,['pump'],[],none,False,none,,DOGE,0.003133,0.003133,0.003367,0.003367,0.003227,0.003078,125036.08,0.0,-4.158004158004169,-8.583308583308588
1005585154373386240,"@djenkins6 Using the config you describe, plus an electric pump to replenish air in COPV, when car power draw drops below max pack power output, makes sense. But we are going to go a lot further.",103.0,73.0,2282.0,22.0,,2018-06-09 22:59:18+00:00,True,17.0,djenkins6,False,False,False,,,,"@djenkins6 Using the config you describe, plus an electric pump to replenish air in COPV, when car power draw drops below max pack power output, makes sense. But we are going to go a lot further.",reply,,0.0451358457493426,0.0319894829097283,22,5,False,True,positive,0.7,['pump'],[],none,False,none,,DOGE,0.003542,0.003133,0.003133,0.003133,0.003367,0.003034,308488.11,0.0,7.468879668049801,-3.1599106287903007
1002245552002641920,Finders keepers 🚀🚀🚀 https://t.co/zyV71zRIFQ,3001.0,338.0,36546.0,239.0,,2018-05-31 17:48:55+00:00,False,33.0,,False,True,False,@elonmusk I’m keeping the car btw! 😉🚘,Malala,1891211.0,"[Quoting @Malala]: @elonmusk I’m keeping the car btw! 😉🚘
[Musk]: Finders keepers 🚀🚀🚀 https://t.co/zyV71zRIFQ",quote,,0.0821156898155748,0.0092486181798281,17,3,True,True,positive,0.6,['🚀'],[],none,False,none,agrees,DOGE,0.003421,0.003431,0.003431,0.003431,0.003582,0.003662,450697.32,0.0,4.401049256776453,6.732730982220923
1000444616536031232,"@ninoles @medickinson @thephysicsgirl Using “rocket science” non-ironically in a bio is never a good sign, especially if you work on 🚀🔬",12.0,6.0,382.0,7.0,,2018-05-26 18:32:38+00:00,True,1.0,ninoles,False,False,False,,,,"@ninoles @medickinson @thephysicsgirl Using “rocket science” non-ironically in a bio is never a good sign, especially if you work on 🚀🔬",reply,,0.031413612565445,0.0157068062827225,18,5,False,True,neutral,0.0,['🚀'],[],none,False,none,,DOGE,0.003428,0.003395,0.003395,0.003395,0.003218,0.003661,444617.08,0.0,-5.213549337260679,7.8350515463917585
999450636075778049,"For some reason, this is the best I’ve felt in a while. Hope you’re feeling good too 🚀♥️🌏",11808.0,2844.0,111625.0,1538.0,,2018-05-24 00:42:55+00:00,False,104.0,,False,False,False,,,,"For some reason, this is the best I’ve felt in a while. Hope you’re feeling good too 🚀♥️🌏",original,,0.1057827547592385,0.0254781634938409,0,3,False,True,positive,0.7,['🚀'],[],none,False,none,,DOGE,0.003465,0.00356,0.00356,0.00356,0.00348,0.003421,537590.83,0.0,-2.2471910112359486,-3.9044943820224667
998372206588538880,@MacTechGenius @marshall5912 @buckycovington Exactly 🚀💫🎉! That will be really fun &amp; shed light on what’s happening. Hoping to start that later this year after we become profitable. Difficult to justify before then.,20.0,21.0,410.0,9.0,,2018-05-21 01:17:37+00:00,True,0.0,MacTechGenius,False,False,False,,,,@MacTechGenius @marshall5912 @buckycovington Exactly 🚀💫🎉! That will be really fun &amp; shed light on what’s happening. Hoping to start that later this year after we become profitable. Difficult to justify before then.,reply,,0.048780487804878,0.0512195121951219,1,0,False,True,positive,0.7,['🚀'],[],none,False,none,,DOGE,0.004366,0.004218,0.004218,0.004218,0.003823,0.003218,533708.2,0.0,-9.364627785680426,-23.70791844476056
967728299282595840,"@cheresh @andrestaltz End-to-end encryption encoded at firmware level. Unlikely to be hacked w current computing tech. If it is (and we learn about it), a crypto fix will go out immediately via network-wide firmware update.",147.0,91.0,1382.0,44.0,,2018-02-25 11:49:40+00:00,True,9.0,cheresh,False,False,False,,,,"@cheresh @andrestaltz End-to-end encryption encoded at firmware level. Unlikely to be hacked w current computing tech. If it is (and we learn about it), a crypto fix will go out immediately via network-wide firmware update.",reply,,0.1063675832127351,0.0658465991316932,11,6,False,True,positive,0.7,['crypto'],[],product_launch,False,none,,DOGE,0.006399,0.006188,0.006188,0.006372,0.006372,0.005464,409835.35,2.9734970911441523,2.9734970911441523,-11.70006464124111
966602470431473664,"@DeadlyBananas @MichaelAVaughn Not sure. I let @jack know, but it’s still going. I literally own zero cryptocurrency, apart from .25 BTC that a friend sent me many years ago.",122.0,156.0,1047.0,76.0,,2018-02-22 09:16:02+00:00,True,14.0,DeadlyBananas,False,False,False,,,,"@DeadlyBananas @MichaelAVaughn Not sure. I let @jack know, but it’s still going. I literally own zero cryptocurrency, apart from .25 BTC that a friend sent me many years ago.",reply,,0.1165234001910219,0.1489971346704871,9,3,False,True,neutral,0.0,"['btc', 'cryptocurrency']","[""BTC""]",none,False,none,,BTC,10481.66,9847.96,9847.96,9847.96,10175.51,10929.37,1795951829.82,0.0,3.326069561614803,10.981055975044596
957787361630236672,"But wait, there’s more: the flamethrower is sentient, its safe word is “cryptocurrency” and it comes with a free blockchain",13473.0,2047.0,89463.0,1398.0,,2018-01-29 01:27:56+00:00,False,13.0,,False,False,False,,,,"But wait, there’s more: the flamethrower is sentient, its safe word is “cryptocurrency” and it comes with a free blockchain",original,,0.1505985714764763,0.022880967550831,1,0,False,True,neutral,0.0,"['blockchain', 'cryptocurrency']",[],meme_joke,False,none,,DOGE,0.00761,0.006945,0.006945,0.006945,0.006006,0.003506,940553.65,0.0,-13.520518358531314,-49.51763858891289
1183813898748563456,"@NASASpaceflight @IanPineapple Yeah, will be Raptor vertical test stand. Hopefully allows simplification of Raptor design, as pump shaft wear &amp; drainage is better in vertical config. Also, more representive of flight. Test as you fly …",110.0,39.0,1641.0,4.0,,2019-10-14 18:36:42+00:00,True,7.0,NASASpaceflight,False,False,False,,,,"@NASASpaceflight @IanPineapple Yeah, will be Raptor vertical test stand. Hopefully allows simplification of Raptor design, as pump shaft wear &amp; drainage is better in vertical config. Also, more representive of flight. Test as you fly …",reply,,0.0670322973796465,0.0237659963436928,18,0,True,True,neutral,0.0,['pump'],[],none,False,none,,DOGE,0.002577,0.00257,0.00257,0.00257,0.002751,0.002662,19649.77,0.0,7.04280155642024,3.579766536964984
1173325133882306560,@flcnhvy @austinbarnard45 🚀♥️ Starship Team ♥️🚀,59.0,36.0,1239.0,5.0,,2019-09-15 19:58:05+00:00,False,2.0,,False,False,False,,,,@flcnhvy @austinbarnard45 🚀♥️ Starship Team ♥️🚀,original,,0.0476190476190476,0.0290556900726392,19,6,False,True,neutral,0.0,['🚀'],[],none,False,none,,DOGE,0.002522,0.00244,0.00244,0.00244,0.002578,0.002537,24247.74,0.0,5.655737704918037,3.975409836065586
1159968409947234304,"@Erdayastronaut @SpaceX Thanks. Starship, which aspires to be fully &amp; immediately reusable in super heavy class, is a truly 🥜🚀. Even though I’m immersed in Starship/Raptor design &amp; build 7 days/week, it still doesn’t feel real.",126.0,88.0,2241.0,11.0,,2019-08-09 23:23:14+00:00,True,8.0,Erdayastronaut,False,False,False,,,,"@Erdayastronaut @SpaceX Thanks. Starship, which aspires to be fully &amp; immediately reusable in super heavy class, is a truly 🥜🚀. Even though I’m immersed in Starship/Raptor design &amp; build 7 days/week, it still doesn’t feel real.",reply,,0.0562248995983935,0.0392681838464971,23,4,False,True,neutral,0.0,['🚀'],[],none,False,none,,DOGE,0.002916,0.002912,0.002912,0.002912,0.002883,0.002648,34722.92,0.0,-0.9958791208791191,-9.065934065934062
1158584208236793857,"@cleantechnica So much drama &amp; good times too! Maybe worth a book one day, but would come at expense of 🚀 &amp; 🚘 &amp; 🧠.",481.0,412.0,13569.0,42.0,,2019-08-06 03:42:55+00:00,True,35.0,cleantechnica,False,False,False,,,,"@cleantechnica So much drama &amp; good times too! Maybe worth a book one day, but would come at expense of 🚀 &amp; 🚘 &amp; 🧠.",reply,,0.0354484486697619,0.0303633281745154,3,1,False,True,neutral,0.0,['🚀'],[],none,False,none,,DOGE,0.003077,0.002925,0.002925,0.002925,0.002979,0.002827,40400.82,0.0,1.8461538461538392,-3.35042735042735
1136816168419844096,Upcoming Falcon Heavy 🚀 &amp; 🛰 details,1180.0,562.0,16799.0,67.0,,2019-06-07 02:04:30+00:00,False,25.0,,False,True,False,"SpaceX's Falcon Heavy center core, powering SMC's STP-2 mission, arrived near Launch Complex-39A in Florida over the weekend! This hardware will return to SpaceX's Autonomous Spaceport Drone Ship, ""Of Course I Still Love You"" in the Atlantic. Visit: https://t.co/pE8W7mo1Xa https://t.co/oBGuMRRB9u",USSF_SSC,32686.0,"[Quoting @USSF_SSC]: SpaceX's Falcon Heavy center core, powering SMC's STP-2 mission, arrived near Launch Complex-39A in Florida over the weekend! This hardware will return to SpaceX's Autonomous Spaceport Drone Ship, ""Of Course I Still Love You"" in the Atlantic. Visit: https://t.co/pE8W7mo1Xa https://t.co/oBGuMRRB9u
[Musk]: Upcoming Falcon Heavy 🚀 &amp; 🛰 details",quote,,0.0702422763259717,0.0334543722840645,2,4,False,True,neutral,0.0,['🚀'],[],none,False,none,amplifying,DOGE,0.003131,0.003114,0.003114,0.003114,0.003073,0.003062,23239.6,0.0,-1.316634553628767,-1.6698779704560038
1640307063866753027,@catturd2 It will be glorious 🚀 💫 💗,1057.0,703.0,21446.0,60.0,1110191.0,2023-03-27 10:57:34+00:00,True,25.0,catturd2,False,False,False,,,,@catturd2 It will be glorious 🚀 💫 💗,reply,0.020956754288226,0.0492865802480649,0.032780005595449,10,0,False,True,positive,0.8,['🚀'],[],none,False,none,,DOGE,0.07442,0.07291,0.07291,0.07291,0.07384,0.09608,22472384.92,0.0,1.2755451927033332,31.778905499931415
1638832976166531073,"@cb_doge Ok, but it will cost 3 Doge",2333.0,2242.0,44839.0,301.0,9315789.0,2023-03-23 09:20:04+00:00,True,130.0,cb_doge,False,False,False,,,,"@cb_doge Ok, but it will cost 3 Doge",reply,0.0053366386894336,0.0520305983630321,0.0500011151006935,9,3,False,True,positive,0.4,['doge'],"[""DOGE""]",meme_joke,False,none,,DOGE,0.07406,0.07747,0.07747,0.07747,0.07465,0.07422,36913487.87,0.0,-3.6401187556473515,-4.1951723247708825
1631720134636367872,"“I used to be in crypto, but now I got interested in AI""",20558.0,31528.0,249929.0,8879.0,50807710.0,2023-03-03 18:16:10+00:00,False,1568.0,,False,False,False,,,,"“I used to be in crypto, but now I got interested in AI""",original,0.0061190319343265,0.0822553605223883,0.126147825982579,18,4,True,True,negative,-0.4,['crypto'],[],market_commentary,False,none,,DOGE,0.07683,0.07463,0.07463,0.07463,0.07477,0.06659,11138231.02,0.0,0.18759212113091414,-10.77314752780384
1628328918964109313,High time I confessed I let the Doge out https://t.co/TAi4p1khAd,14618.0,11908.0,206824.0,2059.0,50382050.0,2023-02-22 09:40:41+00:00,False,982.0,,False,False,False,,,,High time I confessed I let the Doge out https://t.co/TAi4p1khAd,original,0.0046724775986685,0.0706784512435694,0.0575755231501179,9,2,False,True,positive,0.7,['doge'],"[""DOGE""]",meme_joke,False,none,,DOGE,0.08544,0.08548,0.08548,0.08548,0.08422,0.08193,53007221.86,0.0,-1.4740290126345312,-4.153018249883011
1624986889391407106,@GRDecter Dogecoin,7014.0,7336.0,172566.0,1021.0,19954192.0,2023-02-13 04:20:39+00:00,True,311.0,GRDecter,False,False,False,,,,@GRDecter Dogecoin,reply,0.0094184219536426,0.0406453183129932,0.0425112710499171,4,0,False,True,positive,0.6,['dogecoin'],"[""DOGE""]",endorsement,True,buy,,DOGE,0.08218,0.08213,0.08213,0.08213,0.0836,0.0883,50018445.5,0.0,1.7898453671009364,7.512480214294423
1618307596288679936,"@dogeofficialceo Thank you, Sir Doge!",505.0,815.0,11568.0,56.0,2378761.0,2023-01-25 17:59:32+00:00,True,22.0,dogeofficialceo,False,False,False,,,,"@dogeofficialceo Thank you, Sir Doge!",reply,0.0054414882369435,0.0436549100968188,0.0704529737206085,17,2,True,True,positive,0.7,['doge'],"[""DOGE""]",endorsement,False,none,,DOGE,0.08653,0.08637,0.08637,0.08637,0.08723,0.09093,34222036.2,0.0,0.9957161051290954,5.2796109760333385
1616950415735808001,"@WallStreetSilv @CommunityNotes We are going to great lengths to avoid the Wikipedia left wing editorial control problem. By the same token, Community Notes cannot be biased towards the right either. Maximizing for truth is the goal.",880.0,609.0,10791.0,91.0,367408.0,2023-01-22 00:06:35+00:00,True,81.0,WallStreetMav,False,False,False,,,,"@WallStreetSilv @CommunityNotes We are going to great lengths to avoid the Wikipedia left wing editorial control problem. By the same token, Community Notes cannot be biased towards the right either. Maximizing for truth is the goal.",reply,0.0336710142402996,0.0815494393476044,0.0564359188212399,0,6,False,True,neutral,0.0,['token'],[],none,False,none,,DOGE,0.08463,0.08823,0.08823,0.08823,0.08848,0.09012,73510675.01,0.0,0.28335033435339474,2.142128527711666
1615406697849442304,"The party is on!! 🚀 💫 ♥️
https://t.co/zoa3qmcXqC",13109.0,9344.0,136250.0,1349.0,16366262.0,2023-01-17 17:52:24+00:00,False,574.0,,False,False,False,,,,"The party is on!! 🚀 💫 ♥️
https://t.co/zoa3qmcXqC",original,0.0097793863986779,0.0962128440366972,0.0685798165137614,17,1,True,True,positive,0.8,['🚀'],"[""DOGE""]",meme_joke,True,buy,,DOGE,0.08285,0.08004,0.08004,0.08004,0.08159,0.08653,84781021.28,0.0,1.9365317341329285,8.10844577711144
1852380223846633978,Vote for @realDonaldTrump if you want humanity to make it to Mars!,25328.0,17281.0,201170.0,2217.0,25781593.0,2024-11-01 16:00:35+00:00,False,2003.0,,False,True,False,"A vote for Trump ensures that we make it to Mars 🚀

Get out to the polls and help save humanity! https://t.co/xOj2N76wYR",BigImpactHumans,176305.0,"[Quoting @BigImpactHumans]: A vote for Trump ensures that we make it to Mars 🚀

Get out to the polls and help save humanity! https://t.co/xOj2N76wYR
[Musk]: Vote for @realDonaldTrump if you want humanity to make it to Mars!",quote,0.0095415360873938,0.1259034647313217,0.0859024705472983,16,4,True,True,neutral,0.0,['🚀'],[],none,False,none,agrees,DOGE,0.1591,0.1595,0.1595,0.1595,0.1513,0.2191,59223047.02,0.0,-5.141065830721011,37.3667711598746
1851984603679948802,@fermatslibrary That’s basically how rocket control theory works 🚀,48.0,42.0,610.0,6.0,54662.0,2024-10-31 13:48:32+00:00,True,61.0,fermatslibrary,False,False,False,,,,@fermatslibrary That’s basically how rocket control theory works 🚀,reply,0.0129157367092312,0.0786885245901639,0.0688524590163934,13,3,False,True,neutral,0.0,['🚀'],[],none,False,none,,DOGE,0.1614,0.1591,0.1591,0.1591,0.1595,0.2021,124792132.56,0.0,0.2514142049025842,27.027027027027035
1851970548714139679,"We have an upside down system that makes it hard for highly talented people to come to America legally, but trivial for criminals to come here illegally.

Why is easier to get in illegally as a murderer than legally as a Nobel Laureate?

@realDonaldTrump &amp; DOGE will fix this.",36136.0,7732.0,178059.0,1453.0,25211757.0,2024-10-31 12:52:41+00:00,False,4669.0,,False,True,False,Yep. I have been waiting for my green card for like the last 3 years. Still haven’t gotten it. People mostly have no idea when they talk about immigration.,AravSrinivas,227042.0,"[Quoting @AravSrinivas]: Yep. I have been waiting for my green card for like the last 3 years. Still haven’t gotten it. People mostly have no idea when they talk about immigration.
[Musk]: We have an upside down system that makes it hard for highly talented people to come to America legally, but trivial for criminals to come here illegally.

Why is easier to get in illegally as a murderer than legally as a Nobel Laureate?

@realDonaldTrump &amp; DOGE will fix this.",quote,0.008860152031451,0.2029439680106032,0.0434238089621979,12,3,False,True,neutral,0.0,['doge'],"[""DOGE""]",regulatory,False,none,agrees,DOGE,0.1614,0.1614,0.1591,0.1591,0.1595,0.2021,124792132.56,0.0,0.2514142049025842,27.027027027027035
1123126001171517440,@VitalikButerin What should be developed on Ethereum?,1121.0,1197.0,6157.0,263.0,,2019-04-30 07:24:40+00:00,True,109.0,VitalikButerin,False,False,False,,,,@VitalikButerin What should be developed on Ethereum?,reply,,0.1820691895403605,0.1944128634075036,7,1,False,True,positive,0.3,['ethereum'],"[""ETH""]",product_launch,False,none,,ETH,155.1,162.66,162.66,162.66,160.45,168.36,628938767.92,0.0,-1.358662240255753,3.5042419771302207
1123040406344568832,@VitalikButerin Stop giving away free ETH! 🤣🤣,452.0,267.0,9662.0,66.0,,2019-04-30 01:44:32+00:00,True,9.0,VitalikButerin,False,False,False,,,,@VitalikButerin Stop giving away free ETH! 🤣🤣,reply,,0.0467812047195197,0.0276340302214862,1,1,False,True,positive,0.4,['eth'],"[""ETH""]",meme_joke,False,none,,ETH,155.1,162.66,162.66,162.66,160.45,168.36,628938767.92,0.0,-1.358662240255753,3.5042419771302207
1123033196642201600,Ethereum,10513.0,4999.0,98608.0,2316.0,,2019-04-30 01:15:53+00:00,False,503.0,,False,False,False,,,,Ethereum,original,,0.1066140678241116,0.0506956839201687,1,1,False,True,neutral,0.0,['ethereum'],"[""ETH""]",none,False,none,,ETH,155.1,162.66,162.66,162.66,160.45,168.36,628938767.92,0.0,-1.358662240255753,3.5042419771302207
1119106811343204352,"@Erdayastronaut @DJSnM @torybruno @lrocket 🚀 propellant grade kerosene (basically, jet fuel) &amp; liquid oxygen are close, but H2 &amp; O2 are not",23.0,37.0,735.0,7.0,,2019-04-19 05:13:50+00:00,True,0.0,elonmusk,False,False,False,,,,"@Erdayastronaut @DJSnM @torybruno @lrocket 🚀 propellant grade kerosene (basically, jet fuel) &amp; liquid oxygen are close, but H2 &amp; O2 are not",reply,,0.0312925170068027,0.0503401360544217,5,4,False,True,neutral,0.0,['🚀'],[],none,False,none,,DOGE,0.002963,0.002901,0.002901,0.002901,0.002887,0.002541,35913.73,0.0,-0.48259220958290666,-12.409513960703208
1117100699798478849,@CryptoCobain Cryptocurrency is my safe word,1542.0,293.0,7571.0,199.0,,2019-04-13 16:22:16+00:00,True,23.0,cobie,False,False,False,,,,@CryptoCobain Cryptocurrency is my safe word,reply,,0.2036719059569409,0.0387003037907806,16,5,False,True,positive,0.6,['cryptocurrency'],[],meme_joke,False,none,,DOGE,0.002902,0.002891,0.002891,0.002891,0.002821,0.002782,50321.28,0.0,-2.42130750605326,-3.7703216879972232
1116535104497602560,♥️🚀💫 SpaceX team 💫🚀♥️,2433.0,583.0,44724.0,123.0,,2019-04-12 02:54:47+00:00,True,18.0,elonmusk,False,False,False,,,,♥️🚀💫 SpaceX team 💫🚀♥️,reply,,0.0544003219747786,0.0130355066630891,2,4,False,True,positive,0.7,['🚀'],[],none,False,none,,DOGE,0.002796,0.002827,0.002827,0.002827,0.002902,0.002901,42537.94,0.0,2.652989034311991,2.617615847187826
1116486389321719808,Thanks on behalf of @SpaceX team! We ♥️♥️♥️ @NASA!,3094.0,469.0,44766.0,112.0,,2019-04-11 23:41:13+00:00,False,35.0,,False,True,False,"Congratulations to @SpaceX on today’s successful launch and landing of the Falcon Heavy rocket! 🚀 From our iconic launch pads at @NASAKennedy, we will continue to support the growing commercial space economy: https://t.co/VXNiSA7gpu",NASA,85830813.0,"[Quoting @NASA]: Congratulations to @SpaceX on today’s successful launch and landing of the Falcon Heavy rocket! 🚀 From our iconic launch pads at @NASAKennedy, we will continue to support the growing commercial space economy: https://t.co/VXNiSA7gpu
[Musk]: Thanks on behalf of @SpaceX team! We ♥️♥️♥️ @NASA!",quote,,0.069114953312782,0.0104767010677746,23,3,False,True,neutral,0.0,['🚀'],[],none,False,none,agrees,DOGE,0.002796,0.002827,0.002827,0.002827,0.002902,0.002901,42537.94,0.0,2.652989034311991,2.617615847187826
1113178951403180032,Dogecoin value may vary https://t.co/UWerAhPv63,1714.0,945.0,17627.0,212.0,,2019-04-02 20:38:38+00:00,False,81.0,,False,False,False,,,,Dogecoin value may vary https://t.co/UWerAhPv63,original,,0.0972371929426448,0.0536109377659272,20,1,True,True,neutral,0.0,['dogecoin'],"[""DOGE""]",market_commentary,False,none,,DOGE,0.002814,0.00319,0.00319,0.00319,0.003584,0.003078,173369.43,0.0,12.351097178683379,-3.5109717868338595
1113164389929160706,@dogecoin Uh oh,422.0,200.0,13514.0,41.0,,2019-04-02 19:40:46+00:00,True,17.0,dogecoin,False,False,False,,,,@dogecoin Uh oh,reply,,0.03122687583247,0.0147994672191801,19,1,True,True,neutral,0.0,['dogecoin'],"[""DOGE""]",meme_joke,False,none,,DOGE,0.002814,0.00319,0.00319,0.00319,0.003584,0.003078,173369.43,0.0,12.351097178683379,-3.5109717868338595
1113009339743100929,@Tom_Heats Dogecoin might be my fav cryptocurrency. It’s pretty cool.,3345.0,771.0,11852.0,827.0,,2019-04-02 09:24:39+00:00,True,186.0,hansruscha,False,False,False,,,,@Tom_Heats Dogecoin might be my fav cryptocurrency. It’s pretty cool.,reply,,0.282230847114411,0.0650523118461019,9,1,False,True,positive,0.7,"['dogecoin', 'cryptocurrency']","[""DOGE""]",endorsement,True,buy,,DOGE,0.002449,0.002814,0.002814,0.002814,0.00319,0.002908,130764.99,0.0,13.36176261549396,3.340440653873486
1110601886330052608,@NASA @VP It would be so inspiring for humanity to see humanity return to the moon!,2309.0,900.0,29923.0,159.0,,2019-03-26 17:58:18+00:00,True,20.0,NASA,False,False,False,,,,@NASA @VP It would be so inspiring for humanity to see humanity return to the moon!,reply,,0.0771647227884904,0.0300771981418975,17,1,True,True,positive,0.7,['to the moon'],[],none,False,none,,DOGE,0.002057,0.002106,0.002106,0.002106,0.002082,0.00319,90121.68,0.0,-1.1396011396011263,51.47198480531816
1107372556145688576,"@Erdayastronaut @flcnhvy @austinbarnard45 You can deep throttle on single shaft system by choking flow of fuel or oxygen between pump &amp; combustion chamber. Problem is more with the tiny rocket engine that powers the pump, called a gas generator. That has to throttle *way* deeper than the main chamber.",47.0,48.0,1264.0,11.0,,2019-03-17 20:06:06+00:00,True,6.0,Erdayastronaut,False,False,False,,,,"@Erdayastronaut @flcnhvy @austinbarnard45 You can deep throttle on single shaft system by choking flow of fuel or oxygen between pump &amp; combustion chamber. Problem is more with the tiny rocket engine that powers the pump, called a gas generator. That has to throttle *way* deeper than the main chamber.",reply,,0.0371835443037974,0.0379746835443038,20,6,False,True,neutral,0.0,['pump'],[],none,False,none,,DOGE,0.002092,0.002111,0.002111,0.002111,0.002088,0.002064,90704.99,0.0,-1.0895310279488402,-2.2264329701563317
1851657313515659488,"Buzz Aldrin endorses @realDonaldTrump 

He gets it",18995.0,2722.0,149290.0,362.0,29322538.0,2024-10-30 16:08:00+00:00,False,2276.0,,False,True,False,"https://t.co/P1ywzyGEHk 

A half-Century ago, it was an honor to serve my country in the effort to put a human being on the Moon. I am proud of what we accomplished then and I have dedicated my life to the pursuit of an enduring human presence in space – it is a calling that runs through every fiber of my being.  
 
Over time, I have seen our government’s approach to space wax and wane. But under the first Trump Administration, I was impressed to see how human space exploration was elevated as a policy of high importance again. Under President Trump’s first term, America saw a revitalized interest in Space, and his Administration reignited national efforts to get back to the Moon, and push on to Mars. The Trump Administration also reinstituted the National Space Council, and our Nation’s defense was enhanced with the creation of the U.S. Space Force – increasingly important as space becomes a contested domain. At the same time, I have been enthused and excited by the great advancements in the private sector space economy, led by visionaries like @elonmusk.  These are concrete accomplishments that align with my concerns and America’s policy priorities.    
 
America is facing serious and difficult challenges both at home and abroad.  The Presidency requires clarity in judgement, decisiveness, and calm under pressure that few have a natural ability to manage, or the life experience to successfully undertake. It is a job where decisions are made that routinely involve American lives – some urgently but not without thought. The job requires sober analysis of frightening scenarios, and the instinct to lead with resolve. From the skies over Korea in air-to-air combat to navigating, landing, and walking on the Moon, I appreciate this kind of pressure. I know what it is like to have to make these kinds of decisions, with firmness and follow-through.
 
In this election, we have a choice and we all have one vote. For some, the choice may not be easy – but in times of uncertainty real leaders are most needed – to guide and inspire a people, to push through the noise, recognize what really matters, and accomplish missions critical to all citizens. Most Americans rightly consider it an honor to cast their vote for a leader they believe will best serve the nation. For me, for the future of our country, to meet enormous challenges, and for the proven policy accomplishments above, I believe we are best served by voting for @realDonaldTrump. I wholeheartedly endorse him for President of the United States. Godspeed President Trump, and God Bless the United States of America.",TheRealBuzz,1556112.0,"[Quoting @TheRealBuzz]: https://t.co/P1ywzyGEHk 

A half-Century ago, it was an honor to serve my country in the effort to put a human being on the Moon. I am proud of what we accomplished then and I have dedicated my life to the pursuit of an enduring human presence in space – it is a calling that runs through every fiber of my being.  
 
Over time, I have seen our government’s approach to space wax and wane. But under the first Trump Administration, I was impressed to see how human space exploration was elevated as a policy of high importance again. Under President Trump’s first term, America saw a revitalized interest in Space, and his Administration reignited national efforts to get back to the Moon, and push on to Mars. The Trump Administration also reinstituted the National Space Council, and our Nation’s defense was enhanced with the creation of the U.S. Space Force – increasingly important as space becomes a contested domain. At the same time, I have been enthused and excited by the great advancements in the private sector space economy, led by visionaries like @elonmusk.  These are concrete accomplishments that align with my concerns and America’s policy priorities.    
 
America is facing serious and difficult challenges both at home and abroad.  The Presidency requires clarity in judgement, decisiveness, and calm under pressure that few have a natural ability to manage, or the life experience to successfully undertake. It is a job where decisions are made that routinely involve American lives – some urgently but not without thought. The job requires sober analysis of frightening scenarios, and the instinct to lead with resolve. From the skies over Korea in air-to-air combat to navigating, landing, and walking on the Moon, I appreciate this kind of pressure. I know what it is like to have to make these kinds of decisions, with firmness and follow-through.
 
In this election, we have a choice and we all have one vote. For some, the choice may not be easy – but in times of uncertainty real leaders are most needed – to guide and inspire a people, to push through the noise, recognize what really matters, and accomplish missions critical to all citizens. Most Americans rightly consider it an honor to cast their vote for a leader they believe will best serve the nation. For me, for the future of our country, to meet enormous challenges, and for the proven policy accomplishments above, I believe we are best served by voting for @realDonaldTrump. I wholeheartedly endorse him for President of the United States. Godspeed President Trump, and God Bless the United States of America.
[Musk]: Buzz Aldrin endorses @realDonaldTrump 

He gets it",quote,0.0058442758263285,0.1272355817536338,0.0182329693884386,16,2,True,True,neutral,0.0,['to the moon'],[],none,False,none,agrees,DOGE,0.1683,0.1614,0.1614,0.1614,0.1591,0.1934,119882500.28,0.0,-1.4250309789343225,19.82651796778191
1851214775277273483,China’s space program is very impressive,4166.0,2688.0,40408.0,221.0,17022407.0,2024-10-29 10:49:30+00:00,False,3030.0,,False,True,False,"🚨12 HOUR NEWS RECAP

1.⁠ Russia pushed back against accusations they interfered in the recent Georgian elections, saying, ""There are attempts to interfere, but not from Russia's side.""

2.⁠ The U.S is running out of air-defense missiles as conflicts intensify in the Middle East and Ukraine, raising concerns about its readiness for a potential Pacific conflict.

3.⁠ A man died after a Hezbollah rocket struck the northern Israeli town of Ma'alot-Tarshiha.

4.⁠ Steve Bannon was released from prison one week before the U.S election.

5.⁠ The Houthis claimed responsibility for a drone that exploded in an open area in the southern coastal city of Ashkelon. There were no injuries in the attack.  

6.⁠ Following the assassination of Hassan Nasrallah in September, Hezbollah has appointed his deputy, Naim Qassem, as their new leader.  

7.⁠ The China Manned Space Agency (CMSA) released the latest design for the spacesuit their astronauts will wear on a mission to the Moon, scheduled to take place by 2030.

8.⁠ After it appeared that YouTube was shadow-banning Joe Rogan's interview with Trump, making it difficult for people to search for it, Joe uploaded it to X. Within a few hours, it racked up millions of views.  

9.⁠ As Kim Jong Un's relationship with Putin strengthens, North Korea is preparing to launch another military satellite with technological help from Russia.  

10.⁠ Biden cast his ballot early, showing his ID before voting, which led people to question why the Dems are so against voter ID checks.",MarioNawfal,2054226.0,"[Quoting @MarioNawfal]: 🚨12 HOUR NEWS RECAP

1.⁠ Russia pushed back against accusations they interfered in the recent Georgian elections, saying, ""There are attempts to interfere, but not from Russia's side.""

2.⁠ The U.S is running out of air-defense missiles as conflicts intensify in the Middle East and Ukraine, raising concerns about its readiness for a potential Pacific conflict.

3.⁠ A man died after a Hezbollah rocket struck the northern Israeli town of Ma'alot-Tarshiha.

4.⁠ Steve Bannon was released from prison one week before the U.S election.

5.⁠ The Houthis claimed responsibility for a drone that exploded in an open area in the southern coastal city of Ashkelon. There were no injuries in the attack.  

6.⁠ Following the assassination of Hassan Nasrallah in September, Hezbollah has appointed his deputy, Naim Qassem, as their new leader.  

7.⁠ The China Manned Space Agency (CMSA) released the latest design for the spacesuit their astronauts will wear on a mission to the Moon, scheduled to take place by 2030.

8.⁠ After it appeared that YouTube was shadow-banning Joe Rogan's interview with Trump, making it difficult for people to search for it, Joe uploaded it to X. Within a few hours, it racked up millions of views.  

9.⁠ As Kim Jong Un's relationship with Putin strengthens, North Korea is preparing to launch another military satellite with technological help from Russia.  

10.⁠ Biden cast his ballot early, showing his ID before voting, which led people to question why the Dems are so against voter ID checks.
[Musk]: China’s space program is very impressive",quote,0.0027894409997364,0.103098396357157,0.0665214808948723,10,1,False,True,neutral,0.0,['to the moon'],[],none,False,none,neutral,DOGE,0.1614,0.1758,0.1758,0.1758,0.1683,0.17,229652737.34,0.0,-4.266211604095567,-3.2992036405005685
1851106791486378064,"We will add a parenthetical “Not” right before Department, so that way it is:

“Not-a-Department of Government Efficiency”

Problem solved! 🤣🤣",2239.0,1244.0,17717.0,101.0,5892050.0,2024-10-29 03:40:25+00:00,False,288.0,,False,True,False,"Love Larry and Rohan but I disagree

I expect this to be like Twitter

Elon will go in heavy at DOGE for a few months to get the ball rolling and build a DOGE team

He will continue leading his other companies with a bit less time

After a few months he will step back to 10 hours a week offering insight

Any time DOGE addresses a subject that affects an Elon company, Elon will recuse himself from the process",WR4NYGov,92543.0,"[Quoting @WR4NYGov]: Love Larry and Rohan but I disagree

I expect this to be like Twitter

Elon will go in heavy at DOGE for a few months to get the ball rolling and build a DOGE team

He will continue leading his other companies with a bit less time

After a few months he will step back to 10 hours a week offering insight

Any time DOGE addresses a subject that affects an Elon company, Elon will recuse himself from the process
[Musk]: We will add a parenthetical “Not” right before Department, so that way it is:

“Not-a-Department of Government Efficiency”

Problem solved! 🤣🤣",quote,0.0036152103257779,0.1263757972568719,0.0702150476943049,3,1,False,True,positive,0.6,['doge'],"[""DOGE""]",meme_joke,False,none,mocking,DOGE,0.1614,0.1758,0.1758,0.1758,0.1683,0.17,229652737.34,0.0,-4.266211604095567,-3.2992036405005685
1850742668495638933,@charliekirk11 Indeed it will 🚀🚀,210.0,183.0,3203.0,8.0,105689.0,2024-10-28 03:33:31+00:00,True,41.0,charliekirk11,False,False,False,,,,@charliekirk11 Indeed it will 🚀🚀,reply,0.0341000482547852,0.0655635341866999,0.0571339369341242,3,0,False,True,positive,0.6,['🚀'],[],none,False,none,,DOGE,0.1441,0.1614,0.1614,0.1614,0.1758,0.1582,190028546.82,0.0,8.921933085501873,-1.9826517967781792
1850410433707946124,"Many Starships will go to Mars in 2 years, when the transit window opens again. 

The first wave will be without people and the second wave, 26 months later, with people, provided the first wave does not increment the crater count on Mars.",16067.0,7773.0,127149.0,1372.0,26493279.0,2024-10-27 05:33:21+00:00,False,4706.0,,False,True,False,Elon Musk: We're sending Starship to Mars in roughly 2 years! 🚀 https://t.co/vFoRww2QE7,ajtourville,172038.0,"[Quoting @ajtourville]: Elon Musk: We're sending Starship to Mars in roughly 2 years! 🚀 https://t.co/vFoRww2QE7
[Musk]: Many Starships will go to Mars in 2 years, when the transit window opens again. 

The first wave will be without people and the second wave, 26 months later, with people, provided the first wave does not increment the crater count on Mars.",quote,0.0057509302642379,0.1263635577157508,0.0611330014392563,5,6,False,True,positive,0.7,['🚀'],[],none,False,none,agrees,DOGE,0.1373,0.1441,0.1441,0.1441,0.1614,0.1513,64652440.68,0.0,12.005551700208175,4.996530187369871
1849118173209182441,"A common story. 

So many people I know have been assaulted on the street or had their homes or cars robbed. Out of dozens of stories, there was not one where the criminals were sent to prison. Not one. Zero.

Enough is enough.",25315.0,4348.0,113523.0,577.0,24193066.0,2024-10-23 15:58:22+00:00,False,1849.0,,False,True,False,"You want to know why nobody cares about the Left-wing media's latest oppo dump? The answer is obvious: people care about the quality of their lives. And life is getting worse under Democratic governance.

Here's just a quick story.

We're in LA this week. So we decided to go out with some friends, a husband and wife. Nice area of the city, well lit, not too late at night. 

We finish dinner at around 10:30 and head back to our car. Since my wife and I have 24/7 security, we're safe. Not so for our friends. They get to their car...

And as soon as they do, a Hyundai without plates speeds up and stops. Three young black guys jump out of the car (suspect description relevant because they're still at large!) and rush up to my friend, yank him out of his car, and grab his watch, phone and wallet. They then sprint around the car and grab his wife, start trying to pull off her jewelry. She screams and kicks, and presumably losing time, they take off in top gear down the street.

As stated, they're still at large. It took about 15 minutes for the cops to arrive. Not their fault -- LA is wildly understaffed, and the LAPD has been treated horribly by the city government, such that officers have been targeted for simply doing their jobs. I know and am friends with many of them. My friend and his wife weren't armed up, either, because it's nearly impossible to carry a gun in LA legally, and also because if you shoot a criminal in LA, there's a solid shot YOU end up in jail.

Now, here's the thing. My friend and his wife have lived in LA for decades. In the last several years, they've been assaulted more than once on the street. Zero arrests. Zero prosecutions.

This is just one of the reasons we left LA, where I had lived my entire life. And it's getting worse, not better.

This is why people increasingly don't give a shit about the media's latest horror story about Trump Saying Bad Things™. The same people who maintain that street crime is no big deal, or a reflection of institutional racism, or that inflation is hunky dory, or that biggest issue in American life is whether or not Billy has the right to be called Susan...these are not serious people. But people's lives are serious business. And bad governance means worse lives for people.",benshapiro,7723271.0,"[Quoting @benshapiro]: You want to know why nobody cares about the Left-wing media's latest oppo dump? The answer is obvious: people care about the quality of their lives. And life is getting worse under Democratic governance.

Here's just a quick story.

We're in LA this week. So we decided to go out with some friends, a husband and wife. Nice area of the city, well lit, not too late at night. 

We finish dinner at around 10:30 and head back to our car. Since my wife and I have 24/7 security, we're safe. Not so for our friends. They get to their car...

And as soon as they do, a Hyundai without plates speeds up and stops. Three young black guys jump out of the car (suspect description relevant because they're still at large!) and rush up to my friend, yank him out of his car, and grab his watch, phone and wallet. They then sprint around the car and grab his wife, start trying to pull off her jewelry. She screams and kicks, and presumably losing time, they take off in top gear down the street.

As stated, they're still at large. It took about 15 minutes for the cops to arrive. Not their fault -- LA is wildly understaffed, and the LAPD has been treated horribly by the city government, such that officers have been targeted for simply doing their jobs. I know and am friends with many of them. My friend and his wife weren't armed up, either, because it's nearly impossible to carry a gun in LA legally, and also because if you shoot a criminal in LA, there's a solid shot YOU end up in jail.

Now, here's the thing. My friend and his wife have lived in LA for decades. In the last several years, they've been assaulted more than once on the street. Zero arrests. Zero prosecutions.

This is just one of the reasons we left LA, where I had lived my entire life. And it's getting worse, not better.

This is why people increasingly don't give a shit about the media's latest horror story about Trump Saying Bad Things™. The same people who maintain that street crime is no big deal, or a reflection of institutional racism, or that inflation is hunky dory, or that biggest issue in American life is whether or not Billy has the right to be called Susan...these are not serious people. But people's lives are serious business. And bad governance means worse lives for people.
[Musk]: A common story. 

So many people I know have been assaulted on the street or had their homes or cars robbed. Out of dozens of stories, there was not one where the criminals were sent to prison. Not one. Zero.

Enough is enough.",quote,0.0059423224819871,0.2229944592725703,0.0383006086872263,15,2,True,True,neutral,0.0,['dump'],[],none,False,none,agrees,DOGE,0.1399,0.1418,0.1418,0.1418,0.1314,0.1614,64523716.73,0.0,-7.334273624823709,13.822284908321564
1848240376676536822,The various topics discussed today with the people of Pennsylvania,7162.0,2501.0,39169.0,207.0,6158513.0,2024-10-21 05:50:19+00:00,False,1523.0,,False,True,False,"Timestamps of the 47 topics addressed by Elon Musk a few hours ago in Pittsburgh.

1:49 Special guest: Senator James McCormick
7:22 Winner of the $1 million prize
10:43 Importance of registration
11:58 Risk of assassination attempts
13:55 The left is against free speech
17:06 It's illegal to show voter ID
19:24 We want to do exciting things
21:40 Key reasons to reelect Trump
27:14 No wish to do politics but stakes are high
33:02 How to support business opportunities
35:01 Is Elon considering running in 2028?
39:10 Abortion and education around having kids
44:25 Nuclear power is safe
48:42 Be wary of AI
49:37 There will be an increase in robots
53:01  Elon's son will go to college in Pittsburgh
55:01 Protecting children
57:38 Stopping propaganda for children
58:53 Every expenditure should serve people
59:55 Subscribe to X Premium
1:02:14 Optimism grounded in realism
1:04:30 Approving drugs faster
1:08:26 Medical tech should be approved faster
1:10:06 AI and medicine
1:13:02 Solve back pain
1:13:24 Children sex-trafficking
1:15:07 How to handle puppet masters
1:17:16 The more government, the less freedom
1:19:53 Taxes are getting out of hand
1:21:02 Big pharma
1:22:34 New technologies should help people
1:24:50 Ban voting machines
1:28:04 No incentive for nothing
1:30:16 Crypto is good against central control
1:31:09 Many expenditures should be 0
1:33:23 Respect for those who are useful
1:34:23 Aliens must be subtle
1:36:03 Don't damage art
1:37:58 Dogecoin is the most fun crypto
1:41:06 People should worry less and have kids
1:41:53 There will be opposition to reducing spending
1:42:57 The risk is an oppressive totalitarian state
1:46:36 Doing things that are important
1:50:06 We should allow teachers to protect students
1:52:27 Why are some voted not counted
1:56:22 AI will be help people understand
1:57:47 Be loud about your concerns",ElonClipsX,146657.0,"[Quoting @ElonClipsX]: Timestamps of the 47 topics addressed by Elon Musk a few hours ago in Pittsburgh.

1:49 Special guest: Senator James McCormick
7:22 Winner of the $1 million prize
10:43 Importance of registration
11:58 Risk of assassination attempts
13:55 The left is against free speech
17:06 It's illegal to show voter ID
19:24 We want to do exciting things
21:40 Key reasons to reelect Trump
27:14 No wish to do politics but stakes are high
33:02 How to support business opportunities
35:01 Is Elon considering running in 2028?
39:10 Abortion and education around having kids
44:25 Nuclear power is safe
48:42 Be wary of AI
49:37 There will be an increase in robots
53:01  Elon's son will go to college in Pittsburgh
55:01 Protecting children
57:38 Stopping propaganda for children
58:53 Every expenditure should serve people
59:55 Subscribe to X Premium
1:02:14 Optimism grounded in realism
1:04:30 Approving drugs faster
1:08:26 Medical tech should be approved faster
1:10:06 AI and medicine
1:13:02 Solve back pain
1:13:24 Children sex-trafficking
1:15:07 How to handle puppet masters
1:17:16 The more government, the less freedom
1:19:53 Taxes are getting out of hand
1:21:02 Big pharma
1:22:34 New technologies should help people
1:24:50 Ban voting machines
1:28:04 No incentive for nothing
1:30:16 Crypto is good against central control
1:31:09 Many expenditures should be 0
1:33:23 Respect for those who are useful
1:34:23 Aliens must be subtle
1:36:03 Don't damage art
1:37:58 Dogecoin is the most fun crypto
1:41:06 People should worry less and have kids
1:41:53 There will be opposition to reducing spending
1:42:57 The risk is an oppressive totalitarian state
1:46:36 Doing things that are important
1:50:06 We should allow teachers to protect students
1:52:27 Why are some voted not counted
1:56:22 AI will be help people understand
1:57:47 Be loud about your concerns
[Musk]: The various topics discussed today with the people of Pennsylvania",quote,0.0079627988119859,0.1828486813551533,0.0638515152288799,5,0,False,True,positive,0.6,"['dogecoin', 'crypto']","[""DOGE""]",endorsement,True,buy,amplifying,DOGE,0.1421,0.1436,0.1436,0.1436,0.1396,0.1614,114311427.61,0.0,-2.785515320334264,12.395543175487452
1848065877587141084,@pmarca All’s well that ends well 🚀,67.0,77.0,1264.0,9.0,50673.0,2024-10-20 18:16:55+00:00,True,42.0,pmarca,False,False,False,,,,@pmarca All’s well that ends well 🚀,reply,0.0279636098119314,0.053006329113924,0.0609177215189873,18,6,False,True,positive,0.6,['🚀'],[],none,False,none,,DOGE,0.1421,0.1436,0.1436,0.1436,0.1396,0.1614,114311427.61,0.0,-2.785515320334264,12.395543175487452
1847903365113491760,🚀 💫 💰 woohoo!!!,6015.0,4126.0,43703.0,381.0,13263163.0,2024-10-20 07:31:09+00:00,False,796.0,,False,True,False,"BREAKING: Elon Musk awards $1M to a random person at his town hall event.

The moment came as Musk announced how his @america PAC would be awarding $1M every day to people who sign his petition in PA.

“I have a surprise for you, which is that we are going to be awarding a million dollars to randomly to people who have signed the petition… every day from now until the election.”",CollinRugg,1757810.0,"[Quoting @CollinRugg]: BREAKING: Elon Musk awards $1M to a random person at his town hall event.

The moment came as Musk announced how his @america PAC would be awarding $1M every day to people who sign his petition in PA.

“I have a surprise for you, which is that we are going to be awarding a million dollars to randomly to people who have signed the petition… every day from now until the election.”
[Musk]: 🚀 💫 💰 woohoo!!!",quote,0.0040883912834366,0.1376335720659909,0.0944099947372033,7,6,False,True,positive,0.7,['🚀'],[],none,False,none,amplifying,DOGE,0.1441,0.1421,0.1421,0.1421,0.1436,0.1441,65690285.87,0.0,1.0555946516537658,1.4074595355383543
1846773355707306162,Good arguments,11077.0,2783.0,90205.0,346.0,42071927.0,2024-10-17 04:40:54+00:00,False,3248.0,,False,True,False,"I can't stand Donald Trump. He is braggy, he insults people for no reason, and he is just a brutal personality. But my mind is made up. I'm voting for him and here's why:

* He puts Americans and their well-being first. Kamala will not. 

* He will bring @elonmusk into his cabinet to be the efficiency czar and get rid of waste. This alone may be the best single reason to vote for him. 

* He will bring @RobertKennedyJr into his cabinet to Make American Healthy Again. He will finally get to the bottom of why our food companies are destroying the health of our children.

* I'm sick of the way the media lies continuously about @realDonaldTrump, starting with the incessant racism claims. They are just nonsense. The latest thing I learned? He sent his plane to fly Nelson Mandela home after he was in jail with the U.S. wouldn't do it. Racist? No.

* I'm sick of the U.S. being embroiled in foreign wars. Trump will keep us out of them again. He's just crazy enough that foreign nations will stand down. They have no fear of Kamala. They will fear him.

* Trump sees this country as fundamentally good. Kamala sees it as inherently evil.

* Trump will end the nonsense of the open border which makes our country less secure, less financially stable, and brings in millions of people illegally who compete for Americans' jobs.

* This government has to print billions to care for the illegals. That makes all of our dollars less valuable and makes prices zoom upward.

* He will stockpile Bitcoin.

* He will keep men out of women's bathrooms and women's sports.

* He is a heavyweight personality and negotiator. Kamala is a phony personality and a lightweight negotiator.

* The people who want Kamala Harris to win are the most annoying people in the country. They have pushed for pronouns, masks, endless vaccines, cancel culture, riots, blatant racism towards whites, gender confusion, undermining the U.S. constitution.

* He will upset the current political system. He was nearly the victim of assassination 3x. And he keeps going. He's not the best in interviews, but he at least puts himself out there. Over and over and over. Kamala hasn't done a single press conference.

* Harris and the media trying to prop her up hid Biden's cognitive decline. They accuse @realDonaldTrump of being a threat to democracy. Yet she was installed as the nominee with no votes. She wants to pack the Supreme Court. She wants to eliminate the filibuster. She sued @RobertKennedyJr to keep him off the ballot. And the threat to democracy is Trump? Nonsense.

* Those who support Harris look at Trump supports as vile, stupid, ignorant, and fascists. They disown family members or disinvite them from Thanksgiving dinner of they support Trump. This is disgraceful.

* Every time she talks, I try to give her a chance. But she is the most phony and condescending politician I have ever seen. Ever. I can't do it. I won't do it.

* She and those who support her are resistant to Voter ID and believe requiring an ID is racist. Her Department of Justice is suing the state of Virginia for trying to purge the voter rolls of illegals. Why would we not want 1 vote per 1 U.S. citizen? Is it more racist to believe people from the inner city are perfectly capable of securing a government issued ID? Or to believe they are incapable?

That's it. I'm done. Thanks for hearing me out.",Bitcoin4Freedom,40397.0,"[Quoting @Bitcoin4Freedom]: I can't stand Donald Trump. He is braggy, he insults people for no reason, and he is just a brutal personality. But my mind is made up. I'm voting for him and here's why:

* He puts Americans and their well-being first. Kamala will not. 

* He will bring @elonmusk into his cabinet to be the efficiency czar and get rid of waste. This alone may be the best single reason to vote for him. 

* He will bring @RobertKennedyJr into his cabinet to Make American Healthy Again. He will finally get to the bottom of why our food companies are destroying the health of our children.

* I'm sick of the way the media lies continuously about @realDonaldTrump, starting with the incessant racism claims. They are just nonsense. The latest thing I learned? He sent his plane to fly Nelson Mandela home after he was in jail with the U.S. wouldn't do it. Racist? No.

* I'm sick of the U.S. being embroiled in foreign wars. Trump will keep us out of them again. He's just crazy enough that foreign nations will stand down. They have no fear of Kamala. They will fear him.

* Trump sees this country as fundamentally good. Kamala sees it as inherently evil.

* Trump will end the nonsense of the open border which makes our country less secure, less financially stable, and brings in millions of people illegally who compete for Americans' jobs.

* This government has to print billions to care for the illegals. That makes all of our dollars less valuable and makes prices zoom upward.

* He will stockpile Bitcoin.

* He will keep men out of women's bathrooms and women's sports.

* He is a heavyweight personality and negotiator. Kamala is a phony personality and a lightweight negotiator.

* The people who want Kamala Harris to win are the most annoying people in the country. They have pushed for pronouns, masks, endless vaccines, cancel culture, riots, blatant racism towards whites, gender confusion, undermining the U.S. constitution.

* He will upset the current political system. He was nearly the victim of assassination 3x. And he keeps going. He's not the best in interviews, but he at least puts himself out there. Over and over and over. Kamala hasn't done a single press conference.

* Harris and the media trying to prop her up hid Biden's cognitive decline. They accuse @realDonaldTrump of being a threat to democracy. Yet she was installed as the nominee with no votes. She wants to pack the Supreme Court. She wants to eliminate the filibuster. She sued @RobertKennedyJr to keep him off the ballot. And the threat to democracy is Trump? Nonsense.

* Those who support Harris look at Trump supports as vile, stupid, ignorant, and fascists. They disown family members or disinvite them from Thanksgiving dinner of they support Trump. This is disgraceful.

* Every time she talks, I try to give her a chance. But she is the most phony and condescending politician I have ever seen. Ever. I can't do it. I won't do it.

* She and those who support her are resistant to Voter ID and believe requiring an ID is racist. Her Department of Justice is suing the state of Virginia for trying to purge the voter rolls of illegals. Why would we not want 1 vote per 1 U.S. citizen? Is it more racist to believe people from the inner city are perfectly capable of securing a government issued ID? Or to believe they are incapable?

That's it. I'm done. Thanks for hearing me out.
[Musk]: Good arguments",quote,0.0024817261163245,0.1227980710603625,0.0308519483398924,4,3,False,True,neutral,0.0,['bitcoin'],"[""BTC""]",endorsement,False,none,agrees,BTC,67614.71,67408.87,67408.87,67408.87,68425.63,68163.56,2154293295.5,0.0,1.5083474919547077,1.1195707627201024
1845881675462349197,"We gotta win, but, once we do, we can cut the millions of strings that, like Gulliver, hold back the giant that is America!",49025.0,13665.0,301053.0,1850.0,43909891.0,2024-10-14 17:37:40+00:00,False,3829.0,,False,True,False,Welcome to DOGE. We will rip the waste out of our $6.5 Trillion budget. Our goal: Balance the Budget of the USA. We must elect Donald Trump President. @elonmusk @realDonaldTrump https://t.co/jTKBhr07m5,howardlutnick,120020.0,"[Quoting @howardlutnick]: Welcome to DOGE. We will rip the waste out of our $6.5 Trillion budget. Our goal: Balance the Budget of the USA. We must elect Donald Trump President. @elonmusk @realDonaldTrump https://t.co/jTKBhr07m5
[Musk]: We gotta win, but, once we do, we can cut the millions of strings that, like Gulliver, hold back the giant that is America!",quote,0.0083259828634054,0.1628450804343421,0.0453906787177008,17,0,True,True,positive,0.7,['doge'],"[""DOGE""]",endorsement,False,none,agrees,DOGE,0.1166,0.1174,0.1174,0.1174,0.1257,0.1396,56106759.2,0.0,7.069846678023851,18.909710391822827
1845462545844535629,"@SenBillNelson @SpaceX Thank you, sir!

Looking forward to serving NASA in returning humanity to the Moon.",476.0,167.0,9742.0,23.0,136275.0,2024-10-13 13:52:12+00:00,True,151.0,SenBillNelson,False,False,False,,,,"@SenBillNelson @SpaceX Thank you, sir!

Looking forward to serving NASA in returning humanity to the Moon.",reply,0.0763749770684278,0.0488606035721617,0.0171422705809895,13,6,False,True,positive,0.7,['to the moon'],[],none,False,none,,DOGE,0.1113,0.1166,0.1166,0.1166,0.1174,0.1436,49203580.83,0.0,0.6861063464837127,23.156089193825053
1842679008791581140,Let’s go!! 🚀,44122.0,9155.0,430546.0,1164.0,52008320.0,2024-10-05 21:31:25+00:00,False,4425.0,,False,True,False,"Elon Musk brought his Dark MAGA Hat to Butler, Pennsylvania 🇺🇸 https://t.co/oj9PtBUGZb",alx,969977.0,"[Quoting @alx]: Elon Musk brought his Dark MAGA Hat to Butler, Pennsylvania 🇺🇸 https://t.co/oj9PtBUGZb
[Musk]: Let’s go!! 🚀",quote,0.0093251810479554,0.1024791776023932,0.0212636977233559,21,5,False,True,positive,0.7,['🚀'],[],none,False,none,amplifying,DOGE,0.1094,0.1115,0.1115,0.1115,0.1084,0.1113,18979792.18,0.0,-2.780269058295969,-0.1793721973094222
1841387204846981524,Good progress,5239.0,2878.0,55554.0,173.0,9142272.0,2024-10-02 07:58:15+00:00,False,602.0,,False,True,False,750K Powerwalls installed worldwide 🚀 https://t.co/Kb27NylAK4,teslaenergy,193277.0,"[Quoting @teslaenergy]: 750K Powerwalls installed worldwide 🚀 https://t.co/Kb27NylAK4
[Musk]: Good progress",quote,0.0069833844366039,0.0943046405299348,0.0518054505526154,7,2,False,True,positive,0.6,['🚀'],[],none,False,none,agrees,DOGE,0.1069,0.1046,0.1046,0.1046,0.1051,0.1079,44667998.39,0.0,0.478011472275335,3.154875717017206
1508540042817376256,SpaceX Falcon 🚀 team is making excellent progress – aiming for 60 launches this year!,7433.0,8524.0,125437.0,917.0,,2022-03-28 20:22:28+00:00,False,147.0,,False,False,False,,,,SpaceX Falcon 🚀 team is making excellent progress – aiming for 60 launches this year!,original,,0.0592568380940232,0.0679544313081467,20,0,True,True,neutral,0.0,['🚀'],[],none,False,none,,DOGE,0.1424,0.1444,0.1444,0.1444,0.143,0.1724,74856380.69,0.0,-0.9695290858725848,19.39058171745152
1507484098822131717,@lexfridman 🤣🤣 especially crypto spam!!,287.0,581.0,11458.0,34.0,,2022-03-25 22:26:31+00:00,True,20.0,lexfridman,False,False,False,,,,@lexfridman 🤣🤣 especially crypto spam!!,reply,,0.0250480013964042,0.0507069296561354,22,4,False,True,negative,-0.6,['crypto'],[],criticism,False,none,,DOGE,0.1309,0.1361,0.1361,0.1361,0.1448,0.1388,51323091.34,0.0,6.3923585598824495,1.9838354151359354
1503222294277197829,"@saylor As a general principle, for those looking for advice from this thread, it is generally better to own physical things like a home or stock in companies you think make good products, than dollars when inflation is high.

I still own &amp; won’t sell my Bitcoin, Ethereum or Doge fwiw.",11461.0,3548.0,53305.0,1824.0,,2022-03-14 04:11:38+00:00,True,787.0,elonmusk,False,False,False,,,,"@saylor As a general principle, for those looking for advice from this thread, it is generally better to own physical things like a home or stock in companies you think make good products, than dollars when inflation is high.

I still own &amp; won’t sell my Bitcoin, Ethereum or Doge fwiw.",reply,,0.2150079729856486,0.0665603601913516,4,0,False,True,positive,0.4,"['ethereum', 'doge', 'bitcoin']","[""BTC"", ""ETH"", ""DOGE""]",market_commentary,True,hold,,DOGE,0.1116,0.114,0.114,0.114,0.1126,0.1193,58959443.9,0.0,-1.2280701754385952,4.649122807017543
1485953263040188416,I will eat a happy meal on tv if @McDonalds accepts Dogecoin,50325.0,26936.0,375081.0,7917.0,,2022-01-25 12:30:40+00:00,False,906.0,,False,False,False,,,,I will eat a happy meal on tv if @McDonalds accepts Dogecoin,original,,0.134171019059883,0.0718138215478789,12,1,False,True,positive,0.7,['dogecoin'],"[""DOGE""]",payment_adoption,False,none,,DOGE,0.1429,0.1429,0.1431,0.1431,0.1415,0.1371,120050414.09,0.0,-1.118099231306791,-4.192872117400423
1484456594775678976,Twitter is spending engineering resources on this bs while crypto scammers are throwing a spambot block party in every thread!?,8346.0,6532.0,132284.0,1344.0,,2022-01-21 09:23:26+00:00,True,378.0,elonmusk,False,False,False,,,,Twitter is spending engineering resources on this bs while crypto scammers are throwing a spambot block party in every thread!?,reply,,0.0630915303438057,0.0493786096580085,9,4,False,True,negative,-0.7,['crypto'],[],criticism,False,none,,DOGE,0.1555,0.1421,0.1421,0.1421,0.1332,0.1415,146348293.88,0.0,-6.263194933145666,-0.422237860661518
1483632730298621954,Back to the moon soon,7030.0,7386.0,98646.0,958.0,,2022-01-19 02:49:42+00:00,True,80.0,elonmusk,False,False,False,,,,Back to the moon soon,reply,,0.0712649271131115,0.0748737911319262,2,2,False,True,positive,0.7,['to the moon'],[],market_commentary,True,buy,,DOGE,0.1651,0.1616,0.1616,0.1616,0.1555,0.1431,92799464.24,0.0,-3.774752475247521,-11.448019801980191
1482513670777102340,@DriveTeslaca @Tesla Firmware fix to recalibrate heat pump expansion valve is rolling out now,300.0,265.0,4513.0,87.0,,2022-01-16 00:42:57+00:00,True,14.0,elonmusk,False,False,False,,,,@DriveTeslaca @Tesla Firmware fix to recalibrate heat pump expansion valve is rolling out now,reply,,0.0664746288499889,0.0587192554841568,0,6,False,True,neutral,0.0,['pump'],[],none,False,none,,DOGE,0.1846,0.1767,0.1767,0.1767,0.171,0.1418,110108904.04,0.0,-3.2258064516128933,-19.750990379173732
1481873421390680065,Tesla merch buyable with Dogecoin,43612.0,31973.0,294804.0,7118.0,,2022-01-14 06:18:50+00:00,False,509.0,,False,False,False,,,,Tesla merch buyable with Dogecoin,original,,0.1479355775362613,0.1084551091572706,6,4,False,True,positive,0.6,['dogecoin'],"[""DOGE""]",payment_adoption,True,buy,,DOGE,0.1717,0.1834,0.1834,0.1834,0.1846,0.1421,582173884.73,0.0,0.6543075245365206,-22.51908396946565
1899585110036676742,Good,20177.0,2976.0,106736.0,356.0,11913931.0,2025-03-11 22:15:57+00:00,False,1439.0,,False,True,False,"🚨 #BREAKING: The US House just EXTENDED the statute of limitations for people who committed COVID fraud, allowing those who stole COVID relief funds to continue to be prosecuted.

DOGE is coming for these criminals.

Democrats are apparently VERY afraid of this, considering 127 of them voted against it.",nicksortor,906784.0,"[Quoting @nicksortor]: 🚨 #BREAKING: The US House just EXTENDED the statute of limitations for people who committed COVID fraud, allowing those who stole COVID relief funds to continue to be prosecuted.

DOGE is coming for these criminals.

Democrats are apparently VERY afraid of this, considering 127 of them voted against it.
[Musk]: Good",quote,0.0109321600066342,0.1890365012741718,0.0278818767800929,22,1,False,True,positive,0.7,['doge'],"[""DOGE""]",endorsement,False,none,agrees,DOGE,0.1645,0.1724,0.1724,0.1724,0.1651,0.1781,89315760.19,0.0,-4.234338747099769,3.3062645011600993
1899511057552384305,Thank you 🇺🇸🇺🇸,19214.0,6382.0,165660.0,436.0,37160471.0,2025-03-11 17:21:41+00:00,False,1015.0,,False,True,False,DOGE’s work has been breathtakingly beneficial for the American people.,SenJohnKennedy,1461010.0,"[Quoting @SenJohnKennedy]: DOGE’s work has been breathtakingly beneficial for the American people.
[Musk]: Thank you 🇺🇸🇺🇸",quote,0.0051584922053329,0.1159845466618375,0.0385246891222986,17,1,True,True,positive,0.7,['doge'],"[""DOGE""]",endorsement,False,none,agrees,DOGE,0.1645,0.1724,0.1724,0.1724,0.1651,0.1781,89315760.19,0.0,-4.234338747099769,3.3062645011600993
1899319396037726369,Actual public support for @DOGE is super high!,17739.0,12673.0,170667.0,1128.0,50744577.0,2025-03-11 04:40:06+00:00,False,1008.0,,False,True,False,Do you support @DOGE reducing government waste &amp; fraud?,elonmusk,219662180.0,"[Quoting @elonmusk]: Do you support @DOGE reducing government waste &amp; fraud?
[Musk]: Actual public support for @DOGE is super high!",quote,0.0039848001885994,0.1039392501186521,0.0742557143443079,4,1,False,True,positive,0.7,['doge'],"[""DOGE""]",endorsement,True,buy,agrees,DOGE,0.1539,0.1645,0.1645,0.1645,0.1724,0.168,141106574.47,0.0,4.802431610942244,2.127659574468087
1899317131302379907,"@BasedMikeLee They’re just mad that @Doge will expose the fraudulent use of taxpayer money to attract and retain illegals, who will be future Dem voters",446.0,213.0,3092.0,11.0,43000.0,2025-03-11 04:31:06+00:00,True,48.0,BasedMikeLee,False,False,False,,,,"@BasedMikeLee They’re just mad that @Doge will expose the fraudulent use of taxpayer money to attract and retain illegals, who will be future Dem voters",reply,0.0874883720930232,0.1442432082794308,0.0688874514877102,4,1,False,True,positive,0.6,['doge'],"[""DOGE""]",endorsement,False,none,,DOGE,0.1539,0.1645,0.1645,0.1645,0.1724,0.168,141106574.47,0.0,4.802431610942244,2.127659574468087
1899315529891840104,"Even after canceling 200k, there are still twice as many government credit cards as there are government employees!",36490.0,6012.0,139846.0,967.0,10684885.0,2025-03-11 04:24:44+00:00,False,3653.0,,False,True,False,"Weekly Credit Card Update!

Pilot program with 16 agencies to audit unused/unneeded credit cards. After 3 weeks, >200,000 cards have been de-activated.  Great progress this past week by @HHSGov @Interior 

As a reminder, at the start of the audit, there were ~4.6M active cards/accounts, so still more work to do.",DOGE,4728708.0,"[Quoting @DOGE]: Weekly Credit Card Update!

Pilot program with 16 agencies to audit unused/unneeded credit cards. After 3 weeks, >200,000 cards have been de-activated.  Great progress this past week by @HHSGov @Interior 

As a reminder, at the start of the audit, there were ~4.6M active cards/accounts, so still more work to do.
[Musk]: Even after canceling 200k, there are still twice as many government credit cards as there are government employees!",quote,0.0171564785208263,0.2609298800108691,0.0429901463037913,4,1,False,True,neutral,0.0,['doge'],"[""DOGE""]",none,False,none,amplifying,DOGE,0.1539,0.1645,0.1645,0.1645,0.1724,0.168,141106574.47,0.0,4.802431610942244,2.127659574468087
1899212036438897112,So traumatic to answer an email 🤷‍♂️ 😂,31521.0,33103.0,237637.0,2235.0,37590769.0,2025-03-10 21:33:29+00:00,False,5271.0,,False,True,False,"“How frightening is it that the owner of X speaks to you directly to say ‘what did you do last week at work’… How do you think that makes federal workers feel?”

This @DOGE protester is basically making @ElonMusk's case for him 🤣
https://t.co/UGX1zTuJYu",kylenabecker,668666.0,"[Quoting @kylenabecker]: “How frightening is it that the owner of X speaks to you directly to say ‘what did you do last week at work’… How do you think that makes federal workers feel?”

This @DOGE protester is basically making @ElonMusk's case for him 🤣
https://t.co/UGX1zTuJYu
[Musk]: So traumatic to answer an email 🤷‍♂️ 😂",quote,0.0081002865357715,0.1326434856524867,0.1393006981236087,21,0,False,True,positive,0.4,['doge'],"[""DOGE""]",meme_joke,False,none,mocking,DOGE,0.1539,0.1645,0.1645,0.1645,0.1724,0.168,141106574.47,0.0,4.802431610942244,2.127659574468087
1899149509407473825,"There was (still is) a massive cyberattack against 𝕏. 

We get attacked every day, but this was done with a lot of resources. Either a large, coordinated group and/or a country is involved. 

Tracing …",64078.0,39158.0,311147.0,10207.0,60460775.0,2025-03-10 17:25:02+00:00,False,10478.0,,False,True,False,"First, protests against DOGE.

Then, Tesla stores were attacked.

Now, 𝕏 is down.

I wouldn’t rule out the possibility that this downtime is the result of an attack on 𝕏.",cb_doge,1345373.0,"[Quoting @cb_doge]: First, protests against DOGE.

Then, Tesla stores were attacked.

Now, 𝕏 is down.

I wouldn’t rule out the possibility that this downtime is the result of an attack on 𝕏.
[Musk]: There was (still is) a massive cyberattack against 𝕏. 

We get attacked every day, but this was done with a lot of resources. Either a large, coordinated group and/or a country is involved. 

Tracing …",quote,0.0070225695916071,0.2059412432065872,0.1258504822479406,17,0,True,True,negative,-0.7,['doge'],"[""DOGE""]",criticism,False,none,agrees,DOGE,0.1539,0.1645,0.1645,0.1645,0.1724,0.168,141106574.47,0.0,4.802431610942244,2.127659574468087
1899085511655907523,The fraudsters weren’t even trying hard!,13720.0,3505.0,57732.0,229.0,9197683.0,2025-03-10 13:10:43+00:00,False,841.0,,False,True,False,"DOGE Says Children Received $312M In Loans Meant For Small Businesses During COVID Pandemic | Abril Elfi, One America News

The Department of Government (DOGE) revealed that over $300 million in COVID-19 relief loans were granted to children.

On Sunday, as DOGE continues to root out waste, fraud, and corruption in the federal government, they found thousands of cases where more than $300 million in loans were granted to children.

DOGE reported that the Small Business Administration (SBA) made roughly 5,600 loans totaling $312 million to debtors whose only listed owner was 11 years old or younger at the time of the loan. The loans were made in 2020 and 2021, while the world was dealing with the COVID-19 pandemic, and it is unclear what they were for.

“While it is possible to have business arrangements where this is legal, that is highly unlikely for these 5,593 loans, as they all also used an SSN with the incorrect name,” the agency wrote.

“@DOGE and @SBAgov are working together to solve this problem this week,” they added.

DOGE made the reveal in a post on X on Tuesday, where it also revealed that in 2020 and 2021, the SBA awarded 3,095 loans totaling $333 million to borrowers beyond the age of 115.

The borrowers were still listed as alive in the Social Security database.  The bureau reported that in one example, a 157-year-old person acquired $36,000 in loans.  The loans consisted of PPP (Paycheck Protection Program) and EIDL (Economic Injury Disaster Loan) loans.

Read more:

https://t.co/URl1DCPBBF",OwenGregorian,98414.0,"[Quoting @OwenGregorian]: DOGE Says Children Received $312M In Loans Meant For Small Businesses During COVID Pandemic | Abril Elfi, One America News

The Department of Government (DOGE) revealed that over $300 million in COVID-19 relief loans were granted to children.

On Sunday, as DOGE continues to root out waste, fraud, and corruption in the federal government, they found thousands of cases where more than $300 million in loans were granted to children.

DOGE reported that the Small Business Administration (SBA) made roughly 5,600 loans totaling $312 million to debtors whose only listed owner was 11 years old or younger at the time of the loan. The loans were made in 2020 and 2021, while the world was dealing with the COVID-19 pandemic, and it is unclear what they were for.

“While it is possible to have business arrangements where this is legal, that is highly unlikely for these 5,593 loans, as they all also used an SSN with the incorrect name,” the agency wrote.

“@DOGE and @SBAgov are working together to solve this problem this week,” they added.

DOGE made the reveal in a post on X on Tuesday, where it also revealed that in 2020 and 2021, the SBA awarded 3,095 loans totaling $333 million to borrowers beyond the age of 115.

The borrowers were still listed as alive in the Social Security database.  The bureau reported that in one example, a 157-year-old person acquired $36,000 in loans.  The loans consisted of PPP (Paycheck Protection Program) and EIDL (Economic Injury Disaster Loan) loans.

Read more:

https://t.co/URl1DCPBBF
[Musk]: The fraudsters weren’t even trying hard!",quote,0.0081744500218152,0.2376498302501212,0.0607115637774544,13,0,False,True,neutral,0.0,['doge'],"[""DOGE""]",none,False,none,agrees,DOGE,0.1539,0.1645,0.1645,0.1645,0.1724,0.168,141106574.47,0.0,4.802431610942244,2.127659574468087
1899072285941625002,"There’s a chance to restore democracy from the bureaucracy, but just a chance. 

Long way to go.",17541.0,6522.0,89678.0,600.0,11088258.0,2025-03-10 12:18:10+00:00,False,1420.0,,False,True,False,"ELON: DOGE IS THE FIRST REAL THREAT AGAINST BUREAUCRACY

“The reality is that our elected officials have very little power relative to the bureaucracy until DOGE. 

DOGE is a threat to the bureaucracy—it's the first threat to the bureaucracy.

Normally, the bureaucracy eats revolutions for breakfast. 

This is the first time that they're not, that the revolution might actually succeed, that we could restore power to the people instead of power to the bureaucracy.”

Source: The Joe Rogan Experience, February 28, 2025",MarioNawfal,2166042.0,"[Quoting @MarioNawfal]: ELON: DOGE IS THE FIRST REAL THREAT AGAINST BUREAUCRACY

“The reality is that our elected officials have very little power relative to the bureaucracy until DOGE. 

DOGE is a threat to the bureaucracy—it's the first threat to the bureaucracy.

Normally, the bureaucracy eats revolutions for breakfast. 

This is the first time that they're not, that the revolution might actually succeed, that we could restore power to the people instead of power to the bureaucracy.”

Source: The Joe Rogan Experience, February 28, 2025
[Musk]: There’s a chance to restore democracy from the bureaucracy, but just a chance. 

Long way to go.",quote,0.0103118993082592,0.1955998126630835,0.0727268672361114,12,0,False,True,positive,0.6,['doge'],"[""DOGE""]",endorsement,False,none,agrees,DOGE,0.1539,0.1539,0.1645,0.1645,0.1724,0.168,141106574.47,0.0,4.802431610942244,2.127659574468087
1898946923014304107,@MarioNawfal @DOGE There is a lot of shady stuff happening!,440.0,392.0,3350.0,23.0,536549.0,2025-03-10 04:00:01+00:00,True,63.0,MarioNawfal,False,False,False,,,,@MarioNawfal @DOGE There is a lot of shady stuff happening!,reply,0.0078371220522263,0.1313432835820895,0.1170149253731343,4,0,False,True,negative,-0.7,['doge'],"[""DOGE""]",criticism,False,none,,DOGE,0.168,0.1539,0.1539,0.1539,0.1645,0.1734,120717140.52,0.0,6.887589343729693,12.670565302144244
1898803819535819146,Costa is committing crimes,32020.0,14354.0,110119.0,1408.0,17444162.0,2025-03-09 18:31:23+00:00,False,2783.0,,False,True,False,"Valerie Costa, the far-left activist behind the so-called ""Tesla Takedown"" fueling a spree of vandalism nationwide, proudly admits her campaign draws inspiration from Luigi Mangione.

She labels Elon Musk's DOGE initiative as ""criminal,"" even though Trump won both the popular vote and presidency, specifically while championing Musk and DOGE's vision to balance the budget.

Clearly, Costa has no genuine respect for democracy, elections, or the people's choice.

Ironically, Costa's ""TroublemakersCommunity"" and ""Oil & Gas Action Network"" previously targeted fossil fuel companies to fight climate change.

Now, in a stunning twist of hypocrisy, she's attacking Tesla—the very company that's arguably done more than any other to combat climate change.

Did she ever honestly care about climate change, or was she always just virtue-signaling the DNC's latest talking points?

Digging deeper reveals Costa’s career specialty: advising left-wing NGOs and nonprofits on fundraising and securing government-funded grants.

Precisely the kind of waste and abuse that Musk and the Department of Government Efficiency are courageously battling to eliminate.",KanekoaTheGreat,1073638.0,"[Quoting @KanekoaTheGreat]: Valerie Costa, the far-left activist behind the so-called ""Tesla Takedown"" fueling a spree of vandalism nationwide, proudly admits her campaign draws inspiration from Luigi Mangione.

She labels Elon Musk's DOGE initiative as ""criminal,"" even though Trump won both the popular vote and presidency, specifically while championing Musk and DOGE's vision to balance the budget.

Clearly, Costa has no genuine respect for democracy, elections, or the people's choice.

Ironically, Costa's ""TroublemakersCommunity"" and ""Oil & Gas Action Network"" previously targeted fossil fuel companies to fight climate change.

Now, in a stunning twist of hypocrisy, she's attacking Tesla—the very company that's arguably done more than any other to combat climate change.

Did she ever honestly care about climate change, or was she always just virtue-signaling the DNC's latest talking points?

Digging deeper reveals Costa’s career specialty: advising left-wing NGOs and nonprofits on fundraising and securing government-funded grants.

Precisely the kind of waste and abuse that Musk and the Department of Government Efficiency are courageously battling to eliminate.
[Musk]: Costa is committing crimes",quote,0.009051796239911,0.290776341957337,0.1303498942053596,18,6,False,True,positive,0.7,['doge'],"[""DOGE""]",endorsement,False,none,agrees,DOGE,0.168,0.1539,0.1539,0.1539,0.1645,0.1734,120717140.52,0.0,6.887589343729693,12.670565302144244
1898498886286954810,Strong support,35522.0,22202.0,261303.0,1577.0,25803521.0,2025-03-08 22:19:41+00:00,False,2493.0,,False,True,False,BREAKING: 81% of people supported DOGE in a recent poll by Elon Musk. 🔥 https://t.co/HfEG4uSS8h,cb_doge,1345372.0,"[Quoting @cb_doge]: BREAKING: 81% of people supported DOGE in a recent poll by Elon Musk. 🔥 https://t.co/HfEG4uSS8h
[Musk]: Strong support",quote,0.0124248159776334,0.1359417993670183,0.0849664948354975,22,5,False,True,positive,0.7,['doge'],"[""DOGE""]",endorsement,False,none,agrees,DOGE,0.1922,0.168,0.168,0.168,0.1539,0.1682,88601819.18,0.0,-8.392857142857144,0.11904761904760594
1898473286075568281,Super yes FTW!!,24768.0,25342.0,132918.0,920.0,55259380.0,2025-03-08 20:37:57+00:00,False,1755.0,,False,True,False,Do you support @DOGE reducing government waste &amp; fraud?,elonmusk,219662192.0,"[Quoting @elonmusk]: Do you support @DOGE reducing government waste &amp; fraud?
[Musk]: Super yes FTW!!",quote,0.0033288104209638,0.1863404505033178,0.190658902481229,20,5,False,True,positive,0.8,['doge'],"[""DOGE""]",endorsement,False,none,agrees,DOGE,0.1922,0.168,0.168,0.168,0.1539,0.1682,88601819.18,0.0,-8.392857142857144,0.11904761904760594
1898220965382778999,Good for him,40222.0,10875.0,278993.0,942.0,42554772.0,2025-03-08 03:55:20+00:00,False,3368.0,,False,True,False,JUST IN: Rep. Tim Burchett states that he is willing to risk his seat in Congress to expose why government officials oppose Elon Musk and DOGE's efforts. https://t.co/Rj94P0OcLl,ResisttheMS,405294.0,"[Quoting @ResisttheMS]: JUST IN: Rep. Tim Burchett states that he is willing to risk his seat in Congress to expose why government officials oppose Elon Musk and DOGE's efforts. https://t.co/Rj94P0OcLl
[Musk]: Good for him",quote,0.0077789630737535,0.144168491682587,0.0389794726032552,3,5,False,True,positive,0.6,['doge'],"[""DOGE""]",endorsement,False,none,agrees,DOGE,0.1983,0.1922,0.1922,0.1922,0.168,0.176,35823782.33,0.0,-12.59105098855359,-8.428720083246628
1898212595280048451,It’s a start,35760.0,10562.0,205810.0,1062.0,20162645.0,2025-03-08 03:22:04+00:00,False,5731.0,,False,True,False,"WOW! 

The US Debt Clock has now been updated to not only include DOGE, but also savings per taxpayer: 

DOGE Savings: $175 billion
Savings Per Taxpayer: $1,558

Thank you, @elonmusk — this is historic. https://t.co/KizKiBey8K",ScottPresler,2273023.0,"[Quoting @ScottPresler]: WOW! 

The US Debt Clock has now been updated to not only include DOGE, but also savings per taxpayer: 

DOGE Savings: $175 billion
Savings Per Taxpayer: $1,558

Thank you, @elonmusk — this is historic. https://t.co/KizKiBey8K
[Musk]: It’s a start",quote,0.0125575786311766,0.1737524901608279,0.051319177882513,3,5,False,True,positive,0.6,['doge'],"[""DOGE""]",endorsement,False,none,agrees,DOGE,0.1983,0.1922,0.1922,0.1922,0.168,0.176,35823782.33,0.0,-12.59105098855359,-8.428720083246628
1898047203253325905,Do you support @DOGE reducing government waste &amp; fraud?,31505.0,51731.0,128828.0,2741.0,138223793.0,2025-03-07 16:24:51+00:00,False,3674.0,,False,False,False,,,,Do you support @DOGE reducing government waste &amp; fraud?,original,0.0015540378059224,0.2445508740335951,0.401550905082746,16,4,True,True,positive,0.6,['doge'],"[""DOGE""]",regulatory,False,none,,DOGE,0.1983,0.1922,0.1922,0.1922,0.168,0.176,35823782.33,0.0,-12.59105098855359,-8.428720083246628
1897646418149736671,True,28285.0,6761.0,109360.0,555.0,16927114.0,2025-03-06 13:52:17+00:00,False,1789.0,,False,True,False,"REP MTG ON FRAUD EXPOSED BY DOGE: THE AMERICAN PEOPLE HAVE BEEN ROBBED BLIND

Rep. Marjorie Taylor Greene after meeting with Elon:

“The American people's money has truly been stolen through an incredible amount of fraud and all types of improper payments. 

Social Security numbers for dead people have been used and have been able to get things like small business loans and basically stolen it all. 

We've got to work any type of DOGE cuts into our legislation and work into our budgets and appropriations. 

A large amount of planning is happening. 

Basically, the American people have been robbed blind. 

And it's happening through improper payments, fraud, and a lot of systems that are just so old and outdated.

Computer systems can't even work together between departments.”

Source: Forbes Breaking News, March 5, 2025",MarioNawfal,2166042.0,"[Quoting @MarioNawfal]: REP MTG ON FRAUD EXPOSED BY DOGE: THE AMERICAN PEOPLE HAVE BEEN ROBBED BLIND

Rep. Marjorie Taylor Greene after meeting with Elon:

“The American people's money has truly been stolen through an incredible amount of fraud and all types of improper payments. 

Social Security numbers for dead people have been used and have been able to get things like small business loans and basically stolen it all. 

We've got to work any type of DOGE cuts into our legislation and work into our budgets and appropriations. 

A large amount of planning is happening. 

Basically, the American people have been robbed blind. 

And it's happening through improper payments, fraud, and a lot of systems that are just so old and outdated.

Computer systems can't even work together between departments.”

Source: Forbes Breaking News, March 5, 2025
[Musk]: True",quote,0.008563834331121,0.2586411850768105,0.0618233357717629,13,3,False,True,positive,0.7,['doge'],"[""DOGE""]",endorsement,False,none,agrees,DOGE,0.2015,0.1983,0.1983,0.1983,0.1922,0.1719,90937317.53,0.0,-3.076147251638928,-13.31316187594554
1897538144653717996,That’s the goal: get the government off your back!,6525.0,2085.0,45089.0,163.0,18847462.0,2025-03-06 06:42:02+00:00,False,537.0,,False,True,False,"This can be pulled off. DOGE could deregulate at an unprecedented scale, but it has to figure out how to pull this off.

Link: https://t.co/YslpDuDDWS",cremieuxrecueil,243374.0,"[Quoting @cremieuxrecueil]: This can be pulled off. DOGE could deregulate at an unprecedented scale, but it has to figure out how to pull this off.

Link: https://t.co/YslpDuDDWS
[Musk]: That’s the goal: get the government off your back!",quote,0.0028577853081757,0.1447137882853911,0.0462418771762514,6,3,False,True,positive,0.7,['doge'],"[""DOGE""]",endorsement,True,buy,agrees,DOGE,0.2048,0.2015,0.2015,0.2015,0.1983,0.1651,84050069.92,0.0,-1.588089330024818,-18.064516129032267
1897528308067094941,"There are vast numbers of unused software licenses in every part of the government. 

Your tax dollars are being wasted.",16721.0,4130.0,97413.0,417.0,28929059.0,2025-03-06 06:02:57+00:00,False,1449.0,,False,True,False,"HUD completed the same audit. Initial findings on paid software licenses:

- 35,855 ServiceNow licenses on three products; only using 84
- 11,020 Acrobat licenses with zero users
- 1,776 Cognos licenses; only using 325
- 800 WestLaw Classic licenses; only using 216
- 10,000 Java licenses; only using 400

All are being fixed.",DOGE,4728960.0,"[Quoting @DOGE]: HUD completed the same audit. Initial findings on paid software licenses:

- 35,855 ServiceNow licenses on three products; only using 84
- 11,020 Acrobat licenses with zero users
- 1,776 Cognos licenses; only using 325
- 800 WestLaw Classic licenses; only using 216
- 10,000 Java licenses; only using 400

All are being fixed.
[Musk]: There are vast numbers of unused software licenses in every part of the government. 

Your tax dollars are being wasted.",quote,0.0041024839418385,0.1716506010491413,0.0423968053545214,6,3,False,True,neutral,0.0,['doge'],"[""DOGE""]",none,False,none,amplifying,DOGE,0.2048,0.2015,0.2015,0.2015,0.1983,0.1651,84050069.92,0.0,-1.588089330024818,-18.064516129032267
1897460652802761169,Sounds like a good idea,6348.0,2880.0,45734.0,166.0,20786974.0,2025-03-06 01:34:07+00:00,False,576.0,,False,True,False,"This afternoon I had an excellent meeting with @elonmusk and my @SenateGOP colleagues.
 
It is now time for the White House to put together a rescissions package so that Congress can turn DOGE’s work product into law and save money for the American people.
 
Elon seemed to be very enthusiastic over the prospect of a rescissions package – I couldn’t agree more.",LindseyGrahamSC,2270848.0,"[Quoting @LindseyGrahamSC]: This afternoon I had an excellent meeting with @elonmusk and my @SenateGOP colleagues.
 
It is now time for the White House to put together a rescissions package so that Congress can turn DOGE’s work product into law and save money for the American people.
 
Elon seemed to be very enthusiastic over the prospect of a rescissions package – I couldn’t agree more.
[Musk]: Sounds like a good idea",quote,0.0026520454588532,0.1388026413609131,0.0629728429614728,1,3,False,True,neutral,0.1,['doge'],"[""DOGE""]",regulatory,False,none,agrees,DOGE,0.2048,0.2015,0.2015,0.2015,0.1983,0.1651,84050069.92,0.0,-1.588089330024818,-18.064516129032267
1903789907232817186,@tenglishDC @DOGE @DailyCaller They must have been hiding something shady,203.0,125.0,1712.0,9.0,292531.0,2025-03-23 12:44:19+00:00,True,31.0,tenglishDC,False,False,False,,,,@tenglishDC @DOGE @DailyCaller They must have been hiding something shady,reply,0.0070043858599601,0.1185747663551402,0.0730140186915887,12,6,False,True,negative,-0.6,['doge'],"[""DOGE""]",criticism,False,none,,DOGE,0.1726,0.1726,0.183,0.183,0.1907,0.1666,71467541.86,0.0,4.207650273224051,-8.96174863387978
1903782671643259380,Good progress so far,9667.0,2904.0,55621.0,213.0,14845018.0,2025-03-23 12:15:34+00:00,False,1301.0,,False,True,False,"Mike Benz tells Joe Rogan we need more than 4 years for Donald Trump, Elon Musk and DOGE to take down “The Blob”

“We need to create a legacy in a pipeline of people to carry on these reforms”

🚨 Worse things are about to be discovered, DOGE is about to find at the Pentagon “A $35 trillion Pentagon Black Hole. That's larger than the entire national debt”

“Just the black hole in the size of the accounting budget of the Pentagon over the years, from its continual failing”

The Pentagon has “lost” $35 TRILLION in accounting. This isn’t some conspiracy theory, this is reported by Yahoo Finance. You can’t actually Google it, it’s real

Mike Benz says Elon Musk, DOGE and Donald Trump are making the first meaningful blows to the bureaucracy

“This is the first serious time in American history that the foreign policy establishment has had to be accountable to the people who pay for it.

Even the church committee didn't cause the entire shutdown of a federal agency —This is in every way, symbolically, operationally, financially, is the hardest blow the blob has ever had to suffer in terms of accountability”",WallStreetApes,905307.0,"[Quoting @WallStreetApes]: Mike Benz tells Joe Rogan we need more than 4 years for Donald Trump, Elon Musk and DOGE to take down “The Blob”

“We need to create a legacy in a pipeline of people to carry on these reforms”

🚨 Worse things are about to be discovered, DOGE is about to find at the Pentagon “A $35 trillion Pentagon Black Hole. That's larger than the entire national debt”

“Just the black hole in the size of the accounting budget of the Pentagon over the years, from its continual failing”

The Pentagon has “lost” $35 TRILLION in accounting. This isn’t some conspiracy theory, this is reported by Yahoo Finance. You can’t actually Google it, it’s real

Mike Benz says Elon Musk, DOGE and Donald Trump are making the first meaningful blows to the bureaucracy

“This is the first serious time in American history that the foreign policy establishment has had to be accountable to the people who pay for it.

Even the church committee didn't cause the entire shutdown of a federal agency —This is in every way, symbolically, operationally, financially, is the hardest blow the blob has ever had to suffer in terms of accountability”
[Musk]: Good progress so far",quote,0.0046079432170442,0.1738012621132306,0.0522104960356699,12,6,False,True,positive,0.6,['doge'],"[""DOGE""]",endorsement,False,none,agrees,DOGE,0.1726,0.1726,0.183,0.183,0.1907,0.1666,71467541.86,0.0,4.207650273224051,-8.96174863387978
1903679205499433170,🇺🇸🇺🇸,9148.0,2077.0,54917.0,181.0,32205516.0,2025-03-23 05:24:25+00:00,False,520.0,,False,True,False,"This is precisely what is happening. 

#WeThePeople want @elon to move even faster. We want @DOGE to keep exposing and keep shutting down as much as you can and return the power back to the people and to a lesser degree, the states. 

The federal government has accumulated way too much power at the top and it is all done to benefit those political and corporate elites at the top of the pyramid. 

@realDonaldTrump 
@realflynnpac",GenFlynn,2045597.0,"[Quoting @GenFlynn]: This is precisely what is happening. 

#WeThePeople want @elon to move even faster. We want @DOGE to keep exposing and keep shutting down as much as you can and return the power back to the people and to a lesser degree, the states. 

The federal government has accumulated way too much power at the top and it is all done to benefit those political and corporate elites at the top of the pyramid. 

@realDonaldTrump 
@realflynnpac
[Musk]: 🇺🇸🇺🇸",quote,0.0020593677182505,0.1665786550612742,0.0378207112551668,5,6,False,True,positive,0.6,['doge'],"[""DOGE""]",endorsement,False,none,agrees,DOGE,0.1674,0.1726,0.1726,0.1726,0.183,0.1665,21317409.63,0.0,6.025492468134411,-3.5341830822711437
1903674810158264476,@TheTruthmanWins @MarioNawfal @DOGE 🔥,67.0,103.0,643.0,16.0,65054.0,2025-03-23 05:06:57+00:00,True,14.0,TheTruthmanWins,False,False,False,,,,@TheTruthmanWins @MarioNawfal @DOGE 🔥,reply,0.0127432594459987,0.104199066874028,0.1601866251944012,5,6,False,True,positive,0.7,['doge'],"[""DOGE""]",endorsement,True,buy,,DOGE,0.1674,0.1726,0.1726,0.1726,0.183,0.1665,21317409.63,0.0,6.025492468134411,-3.5341830822711437
1903539053099721166,No wonder our national debt is so high – we’re sending money to everyone on Earth!,40584.0,13848.0,219572.0,1602.0,55886526.0,2025-03-22 20:07:30+00:00,False,3921.0,,False,True,False,"""Emergency meeting"" as DOGE cuts defund *Australian* universities.

Is anything on the left not on the US taxpayer dime?",profstonge,258443.0,"[Quoting @profstonge]: ""Emergency meeting"" as DOGE cuts defund *Australian* universities.

Is anything on the left not on the US taxpayer dime?
[Musk]: No wonder our national debt is so high – we’re sending money to everyone on Earth!",quote,0.0049315285763155,0.1848323101306177,0.0630681507660357,20,5,False,True,negative,-0.7,['doge'],"[""DOGE""]",criticism,False,none,agrees,DOGE,0.1674,0.1726,0.1726,0.1726,0.183,0.1665,21317409.63,0.0,6.025492468134411,-3.5341830822711437
1903523781252956615,@AdamLowisz @DoctorJack16 @DOGE 🫡🇺🇸,88.0,71.0,1796.0,4.0,33026.0,2025-03-22 19:06:49+00:00,True,16.0,AdamLowisz,False,False,False,,,,@AdamLowisz @DoctorJack16 @DOGE 🫡🇺🇸,reply,0.0593169018349179,0.0489977728285077,0.0395322939866369,19,5,False,True,positive,0.6,['doge'],"[""DOGE""]",endorsement,False,none,,DOGE,0.1674,0.1726,0.1726,0.1726,0.183,0.1665,21317409.63,0.0,6.025492468134411,-3.5341830822711437
1903521272790724693,"@DoctorJack16 Absolutely. I could have something much bigger, but I like my tiny office. Sends the right message.

Larger @DOGE meetings are held in the Secretary of War suites. Seems fitting.",1720.0,851.0,28838.0,48.0,1830852.0,2025-03-22 18:56:51+00:00,True,365.0,DoctorJack16,False,False,False,,,,"@DoctorJack16 Absolutely. I could have something much bigger, but I like my tiny office. Sends the right message.

Larger @DOGE meetings are held in the Secretary of War suites. Seems fitting.",reply,0.0171816181755816,0.059643525903322,0.029509674734725,18,5,False,True,positive,0.6,['doge'],"[""DOGE""]",endorsement,False,none,,DOGE,0.1674,0.1726,0.1726,0.1726,0.183,0.1665,21317409.63,0.0,6.025492468134411,-3.5341830822711437
1903481526794203189,"We are honing in on the V3 Starship design. 

@SpaceX is tracking to a Starship launch rate of once a week in ~12 months. 

That will yield ~100 tons to @Starlink orbit with full reusability. 

Profound breakthrough.",9934.0,3520.0,64867.0,413.0,12302034.0,2025-03-22 16:18:55+00:00,False,1635.0,,False,True,False,"I'm not sure people really understand the ridiculous pace with SpaceX breaking new records almost every week. Can you imagine what it is going to be like with 2 (or soon even 3) Starship launch towers active!?

🚀 It's going to be nuts! Let's go! 🤯 https://t.co/jCPdhjCIoc",MarcusHouse,194004.0,"[Quoting @MarcusHouse]: I'm not sure people really understand the ridiculous pace with SpaceX breaking new records almost every week. Can you imagine what it is going to be like with 2 (or soon even 3) Starship launch towers active!?

🚀 It's going to be nuts! Let's go! 🤯 https://t.co/jCPdhjCIoc
[Musk]: We are honing in on the V3 Starship design. 

@SpaceX is tracking to a Starship launch rate of once a week in ~12 months. 

That will yield ~100 tons to @Starlink orbit with full reusability. 

Profound breakthrough.",quote,0.0064000798567131,0.1531441256725299,0.0542648804476852,16,5,False,True,positive,0.8,['🚀'],[],product_launch,False,none,amplifying,DOGE,0.1674,0.1726,0.1726,0.1726,0.183,0.1665,21317409.63,0.0,6.025492468134411,-3.5341830822711437
1903440524150739451,"@Noahpinion @DOGE is just literally improving government efficiency, like the name says",70.0,77.0,845.0,8.0,21927.0,2025-03-22 13:35:59+00:00,True,15.0,Noahpinion,False,False,False,,,,"@Noahpinion @DOGE is just literally improving government efficiency, like the name says",reply,0.0456058740365759,0.0828402366863905,0.0911242603550295,13,5,False,True,positive,0.6,['doge'],"[""DOGE""]",endorsement,False,none,,DOGE,0.1674,0.1726,0.1726,0.1726,0.183,0.1665,21317409.63,0.0,6.025492468134411,-3.5341830822711437
1903310527465455746,🇺🇸🇺🇸,6786.0,2290.0,49168.0,119.0,30367853.0,2025-03-22 04:59:26+00:00,False,1050.0,,False,True,False,"Elon Musk bought Twitter for $44 billion when it was worth half that 

He cut 80% of the workforce that was not doing anything useful, unwavering against angry cries. 

He used the data to create xAI, which is now valued at $75 billion.  

X is now sustainably profitable for the first time, raising money recently at a $44 billion valuation — but this time it’s actually worth that, and has a 25% stake in xAI. 

Through his acquisition, he unseated the President of the United States of America. 

He changed the lives of X creators by introducing revenue share. 

Everyone laughed at him, mocked him, and attacked him for this acquisition. Look how it’s turned out so far. 

Now he wants to apply this formula to the federal government, and you fucking idiots want to murder him? 

You want to kill America’s leading clean energy and technology company? 

You prefer the status quo of multi trillion dollar deficits? You prefer spending more on INTEREST on the national debt than we do on national defense? 

You realize that the federal government ran fine in the past without multi trillion dollar deficits right? We used to actually have a budget surplus. 

How did something Democrats used to support under Obama and Clinton turn into something that makes Democrats want to start a terror campaign?

Jesus Christ, how fucking stupid are we as a country? 

This is why we can’t have nice things. 

God bless the DOGE team for trying to do what’s right for our children and grandchildren in the face of so much hatred.",WholeMarsBlog,616282.0,"[Quoting @WholeMarsBlog]: Elon Musk bought Twitter for $44 billion when it was worth half that 

He cut 80% of the workforce that was not doing anything useful, unwavering against angry cries. 

He used the data to create xAI, which is now valued at $75 billion.  

X is now sustainably profitable for the first time, raising money recently at a $44 billion valuation — but this time it’s actually worth that, and has a 25% stake in xAI. 

Through his acquisition, he unseated the President of the United States of America. 

He changed the lives of X creators by introducing revenue share. 

Everyone laughed at him, mocked him, and attacked him for this acquisition. Look how it’s turned out so far. 

Now he wants to apply this formula to the federal government, and you fucking idiots want to murder him? 

You want to kill America’s leading clean energy and technology company? 

You prefer the status quo of multi trillion dollar deficits? You prefer spending more on INTEREST on the national debt than we do on national defense? 

You realize that the federal government ran fine in the past without multi trillion dollar deficits right? We used to actually have a budget surplus. 

How did something Democrats used to support under Obama and Clinton turn into something that makes Democrats want to start a terror campaign?

Jesus Christ, how fucking stupid are we as a country? 

This is why we can’t have nice things. 

God bless the DOGE team for trying to do what’s right for our children and grandchildren in the face of so much hatred.
[Musk]: 🇺🇸🇺🇸",quote,0.0019218678383354,0.1380165961601041,0.0465750081353726,4,5,False,True,positive,0.7,['doge'],"[""DOGE""]",endorsement,False,none,agrees,DOGE,0.1672,0.1674,0.1674,0.1674,0.1726,0.1695,14759432.07,0.0,3.106332138590209,1.2544802867383624
1903235447951597589,Almost a billion dollars of your taxpayer money saved,29614.0,7369.0,186057.0,821.0,30551272.0,2025-03-22 00:01:05+00:00,False,2782.0,,False,True,False,"For years, Florida has been trying to return federal funds to the federal government due to the ideological strings attached by the Biden Administration—but they couldn't even figure out how to accept it. Today, I met with @elonmusk and the DOGE team, and we got this done in the same day. Other states should follow Florida in supporting DOGE's efforts!",GovRonDeSantis,5787977.0,"[Quoting @GovRonDeSantis]: For years, Florida has been trying to return federal funds to the federal government due to the ideological strings attached by the Biden Administration—but they couldn't even figure out how to accept it. Today, I met with @elonmusk and the DOGE team, and we got this done in the same day. Other states should follow Florida in supporting DOGE's efforts!
[Musk]: Almost a billion dollars of your taxpayer money saved",quote,0.007327387219753,0.159166277001134,0.0396061422037332,0,5,False,True,positive,0.8,['doge'],"[""DOGE""]",partnership,False,none,agrees,DOGE,0.1672,0.1674,0.1674,0.1674,0.1726,0.1695,14759432.07,0.0,3.106332138590209,1.2544802867383624
1453418189862342660,"@BillyM2k If I send you 2 Doge, will you promise to send me 1 Doge?",5258.0,9578.0,41336.0,697.0,,2021-10-27 17:47:54+00:00,True,63.0,BillyM2k,False,False,False,,,,"@BillyM2k If I send you 2 Doge, will you promise to send me 1 Doge?",reply,,0.1272014708728469,0.231710857364041,17,2,True,True,positive,0.3,['doge'],"[""DOGE""]",meme_joke,False,none,,DOGE,0.2375,0.2998,0.2998,0.2998,0.288,0.2633,1029111803.49,0.0,-3.935957304869924,-12.174783188792539
1698832157135819048,@libsoftiktok Great point. A giant data dump would clear the air.,1417.0,671.0,12021.0,166.0,760483.0,2023-09-04 22:55:23+00:00,True,80.0,libsoftiktok,False,False,False,,,,@libsoftiktok Great point. A giant data dump would clear the air.,reply,0.0187709652944247,0.117877048498461,0.0558189834456368,22,0,False,True,neutral,0.0,['dump'],[],none,False,none,,DOGE,0.06324,0.06399,0.06399,0.06399,0.06361,0.06088,8895525.21,0.0,-0.5938427879356233,-4.860134395999388
1698425706164687045,Video viewership on X has roughly doubled since last year,5519.0,4627.0,62873.0,327.0,21195777.0,2023-09-03 20:00:18+00:00,False,184.0,,False,True,False,Records all around: Verstappen. F1. X video views up 90% compared to last year 💪📈,lindayaX,671144.0,"[Quoting @lindayaX]: Records all around: Verstappen. F1. X video views up 90% compared to last year 💪📈
[Musk]: Video viewership on X has roughly doubled since last year",quote,0.0034604062875354,0.0877801281949326,0.073592798180459,20,6,False,True,positive,0.7,['📈'],[],none,False,none,agrees,DOGE,0.06316,0.06324,0.06324,0.06324,0.06399,0.06046,6388578.63,0.0,1.1859582542694507,-4.395951929158767
1694255122409234470,@mayemusk X is a dog &amp; Doge friendly place!,1827.0,1571.0,7440.0,586.0,1228047.0,2023-08-23 07:47:53+00:00,True,188.0,mayemusk,False,False,False,,,,@mayemusk X is a dog &amp; Doge friendly place!,reply,0.00930257555289,0.2455645161290322,0.2111559139784946,7,2,False,True,positive,0.7,['doge'],"[""DOGE""]",endorsement,False,none,,DOGE,0.06254,0.06378,0.06378,0.06378,0.06305,0.06588,17549347.65,0.0,-1.1445594230166327,3.29256820319848
1683852156749729793,"@TheChiefNerd We cannot ascribe everything to the vaccine, but, by the same token, we cannot ascribe nothing. 

Myocarditis is a known side-effect. The only question is whether it is rare or common.",4412.0,4704.0,23668.0,1549.0,4706342.0,2023-07-25 14:50:13+00:00,True,604.0,TheChiefNerd,False,False,False,,,,"@TheChiefNerd We cannot ascribe everything to the vaccine, but, by the same token, we cannot ascribe nothing. 

Myocarditis is a known side-effect. The only question is whether it is rare or common.",reply,0.0072950499559955,0.1864120331248943,0.1987493662328882,14,1,True,True,neutral,0.0,['token'],[],none,False,none,,DOGE,0.08185,0.07797,0.07797,0.07797,0.07758,0.0742,59436019.15,0.0,-0.5001923816852655,-4.835193022957542
1683662738269016064,@dinkin_flickaa We rebranded to a Shiba Inu dog for a while. No impact.,721.0,719.0,4896.0,175.0,506071.0,2023-07-25 02:17:32+00:00,True,64.0,elonmusk,False,False,False,,,,@dinkin_flickaa We rebranded to a Shiba Inu dog for a while. No impact.,reply,0.0128657836548626,0.1472630718954248,0.1468545751633987,2,1,False,True,neutral,0.0,['shiba'],"[""DOGE""]",market_commentary,False,none,,DOGE,0.07419,0.08185,0.08185,0.08185,0.07797,0.0781,102972062.14,0.0,-4.740378741600498,-4.581551618814909
1682018807932506113,Good podcast,6860.0,3122.0,53621.0,255.0,24411514.0,2023-07-20 13:25:08+00:00,False,1352.0,,False,True,False,"E137 - on @Twitter!

Inflation cools, market rips, Ripple/MSFT beat regulators, NATO summit, cocktails of youth

(0:00) Addressing the podcast hack

(2:55) Macro picture: inflation cools, what happens to rates, market sentiment, soft landing, tech run-up

(20:34) Consumer sentiment: demand crash coming?

(30:31) BREAKING: Ripple gets big win in SEC case, token rips

(36:33) Lina Khan's losing streak, ""spray and pray"" strategy, overzealous regulators

(51:08) EV supply/demand mismatch

(1:04:58) NATO summit, ammo crisis, Sweden joins NATO

(1:18:52) Science Corner: New paper on reversing cellular aging",theallinpod,471712.0,"[Quoting @theallinpod]: E137 - on @Twitter!

Inflation cools, market rips, Ripple/MSFT beat regulators, NATO summit, cocktails of youth

(0:00) Addressing the podcast hack

(2:55) Macro picture: inflation cools, what happens to rates, market sentiment, soft landing, tech run-up

(20:34) Consumer sentiment: demand crash coming?

(30:31) BREAKING: Ripple gets big win in SEC case, token rips

(36:33) Lina Khan's losing streak, ""spray and pray"" strategy, overzealous regulators

(51:08) EV supply/demand mismatch

(1:04:58) NATO summit, ammo crisis, Sweden joins NATO

(1:18:52) Science Corner: New paper on reversing cellular aging
[Musk]: Good podcast",quote,0.0026158967444624,0.1279349508588053,0.0582234572275787,13,3,False,True,positive,0.3,['token'],"[""XRP""]",endorsement,False,none,agrees,XRP,0.7941,0.7717,0.7717,0.7717,0.7333,0.7122,46940884.3,0.0,-4.976026953479344,-7.710250097188026
1890910321826583008,Major FAR reform is needed,6997.0,2050.0,48506.0,136.0,33884568.0,2025-02-15 23:45:26+00:00,False,714.0,,False,True,False,A first step in reforming the FAR (Federal Acquisition Regulation),DOGE,4255049.0,"[Quoting @DOGE]: A first step in reforming the FAR (Federal Acquisition Regulation)
[Musk]: Major FAR reform is needed",quote,0.0017025154341646,0.1442501958520595,0.0422628128478951,23,5,False,True,neutral,0.0,['doge'],"[""DOGE""]",regulatory,False,none,agrees,DOGE,0.2717,0.2656,0.2656,0.2656,0.2582,0.2429,45063992.77,0.0,-2.7861445783132597,-8.546686746987952
1890902864081432699,Momentum is growing rapidly to impeach activist judges who repeatedly fail to follow the law,47101.0,16580.0,248218.0,2098.0,21819290.0,2025-02-15 23:15:48+00:00,False,2742.0,,False,True,False,"🚨🇺🇸HOUSE REPUBLICANS MOVE TO IMPEACH ""ACTIVISTS"" JUDGES

House Republicans are drafting articles of impeachment against judges who blocked key policies of Trump and Elon’s @DOGE.

Rep. Eli Crane (R-AZ) targets Judge Paul Engelmayer for halting DOGE’s Treasury access, while Rep. Andrew Clyde (R-GA) aims at Judge John McConnell Jr. for pausing federal funding freezes.

@elonmusk  is advocating for a “wave of judicial impeachments” to stop activist judges from obstructing much-needed government reforms.

Will Congress take action?

Sources: Fox News, WSJ, @LeadingReport",MarioNawfal,2054226.0,"[Quoting @MarioNawfal]: 🚨🇺🇸HOUSE REPUBLICANS MOVE TO IMPEACH ""ACTIVISTS"" JUDGES

House Republicans are drafting articles of impeachment against judges who blocked key policies of Trump and Elon’s @DOGE.

Rep. Eli Crane (R-AZ) targets Judge Paul Engelmayer for halting DOGE’s Treasury access, while Rep. Andrew Clyde (R-GA) aims at Judge John McConnell Jr. for pausing federal funding freezes.

@elonmusk  is advocating for a “wave of judicial impeachments” to stop activist judges from obstructing much-needed government reforms.

Will Congress take action?

Sources: Fox News, WSJ, @LeadingReport
[Musk]: Momentum is growing rapidly to impeach activist judges who repeatedly fail to follow the law",quote,0.0143907982340396,0.189756584937434,0.066796122763055,23,5,False,True,positive,0.6,['doge'],"[""DOGE""]",regulatory,False,none,amplifying,DOGE,0.2717,0.2656,0.2656,0.2656,0.2582,0.2429,45063992.77,0.0,-2.7861445783132597,-8.546686746987952
1890893763645481118,"Having world war level of national debt without fighting a world war is catastrophic. 

The @DOGE team is tracing and stopping the insane levels of waste and fraud very quickly.",33488.0,8905.0,192024.0,1038.0,31861516.0,2025-02-15 22:39:39+00:00,False,3284.0,,False,True,False,"The U.S. now has World War II levels of indebtedness without fighting a world war. So where did all the money go? The Greatest Generation incurred that debt to defeat the Nazis and Imperial Japan. In our case, nobody even knows where the money went and you’re not allowed to ask.",DavidSacks,1290358.0,"[Quoting @DavidSacks]: The U.S. now has World War II levels of indebtedness without fighting a world war. So where did all the money go? The Greatest Generation incurred that debt to defeat the Nazis and Imperial Japan. In our case, nobody even knows where the money went and you’re not allowed to ask.
[Musk]: Having world war level of national debt without fighting a world war is catastrophic. 

The @DOGE team is tracing and stopping the insane levels of waste and fraud very quickly.",quote,0.0073899496809881,0.1743948673082531,0.0463744115318918,22,5,False,True,positive,0.6,['doge'],"[""DOGE""]",endorsement,True,buy,agrees,DOGE,0.2717,0.2656,0.2656,0.2656,0.2582,0.2429,45063992.77,0.0,-2.7861445783132597,-8.546686746987952
1890869978116530238,Literally exactly what @DOGE is saying!,43743.0,6434.0,222857.0,1279.0,50084190.0,2025-02-15 21:05:08+00:00,False,18488.0,,False,True,False,Presidents Obama and Biden clearly love the work @DOGE is doing https://t.co/05Quru9H8O,RapidResponse47,688738.0,"[Quoting @RapidResponse47]: Presidents Obama and Biden clearly love the work @DOGE is doing https://t.co/05Quru9H8O
[Musk]: Literally exactly what @DOGE is saying!",quote,0.0054770377638132,0.1962828181300116,0.0288705313272636,21,5,False,True,positive,0.7,['doge'],"[""DOGE""]",endorsement,True,buy,agrees,DOGE,0.2717,0.2656,0.2656,0.2656,0.2582,0.2429,45063992.77,0.0,-2.7861445783132597,-8.546686746987952
1890852602990023080,@themarketswork @DOGE And how much money actually even got to the intended recipient?,243.0,343.0,3279.0,13.0,74856.0,2025-02-15 19:56:05+00:00,True,32.0,themarketswork,False,False,False,,,,@themarketswork @DOGE And how much money actually even got to the intended recipient?,reply,0.0518061344448006,0.0741079597438243,0.1046050625190607,19,5,False,True,neutral,0.0,['doge'],"[""DOGE""]",none,False,none,,DOGE,0.2717,0.2656,0.2656,0.2656,0.2582,0.2429,45063992.77,0.0,-2.7861445783132597,-8.546686746987952
1890612949368058118,"Word frequency is a good measure of the contagion of a mind virus. 

Most people don’t understand that a mind virus can be just as deadly as a physical virus.",29998.0,8859.0,131350.0,1216.0,17195469.0,2025-02-15 04:03:47+00:00,False,8573.0,,False,True,False,DEI and Wokeness were tools used to artificially pump racism. This is what happens when demand for racism exceeds the supply. https://t.co/BNxRQrZV84,TheRabbitHole84,1008596.0,"[Quoting @TheRabbitHole84]: DEI and Wokeness were tools used to artificially pump racism. This is what happens when demand for racism exceeds the supply. https://t.co/BNxRQrZV84
[Musk]: Word frequency is a good measure of the contagion of a mind virus. 

Most people don’t understand that a mind virus can be just as deadly as a physical virus.",quote,0.0099690796453414,0.2283821850019033,0.0674457556147697,4,5,False,True,negative,-0.7,['pump'],[],market_commentary,False,none,agrees,DOGE,0.2718,0.2717,0.2717,0.2717,0.2656,0.2466,88006532.57,0.0,-2.2451232977548745,-9.238130290761863
1890591471318819014,Sounds familiar,48216.0,7096.0,193991.0,1324.0,23368086.0,2025-02-15 02:38:26+00:00,False,17035.0,,False,True,False,"EXCLUSIVE: A 40-minute compilation of President Bill Clinton and Vice President Al Gore cutting the federal workforce, eliminating agencies, slashing wasteful spending and regulations, and reducing the deficit.

You know, like Trump, Musk, and DOGE.

🔹 In his first weeks, Clinton ordered a 100,000-job reduction in government.
🔹 Over eight years, he cut 380,000 federal jobs—a 16% decrease.
🔹 This was largely driven by the Reinventing Government Initiative (RIGO), spearheaded by Gore to streamline operations and reduce bureaucracy.
🔹 The result? The deficit was erased, and the U.S. ran a budget surplus for the first time in decades.

Today, annual interest payments on the national debt have doubled in four years, reaching $1.17 trillion—now exceeding the entire U.S. defense budget.

America is $36 trillion in debt.

History proves it can be done. The real question: Will D.C. Democrats and activists judges get out of the way so @realDonaldTrump, @elonmusk, and @DOGE can do it again?

Can the modern Democratic Party put country over party?

Because let’s be honest—DOGE is saving America from financial collapse. 🇺🇸",KanekoaTheGreat,1060970.0,"[Quoting @KanekoaTheGreat]: EXCLUSIVE: A 40-minute compilation of President Bill Clinton and Vice President Al Gore cutting the federal workforce, eliminating agencies, slashing wasteful spending and regulations, and reducing the deficit.

You know, like Trump, Musk, and DOGE.

🔹 In his first weeks, Clinton ordered a 100,000-job reduction in government.
🔹 Over eight years, he cut 380,000 federal jobs—a 16% decrease.
🔹 This was largely driven by the Reinventing Government Initiative (RIGO), spearheaded by Gore to streamline operations and reduce bureaucracy.
🔹 The result? The deficit was erased, and the U.S. ran a budget surplus for the first time in decades.

Today, annual interest payments on the national debt have doubled in four years, reaching $1.17 trillion—now exceeding the entire U.S. defense budget.

America is $36 trillion in debt.

History proves it can be done. The real question: Will D.C. Democrats and activists judges get out of the way so @realDonaldTrump, @elonmusk, and @DOGE can do it again?

Can the modern Democratic Party put country over party?

Because let’s be honest—DOGE is saving America from financial collapse. 🇺🇸
[Musk]: Sounds familiar",quote,0.0107251830552147,0.2485476130335943,0.0365790165523142,2,5,False,True,positive,0.6,['doge'],"[""DOGE""]",endorsement,True,buy,agrees,DOGE,0.2718,0.2717,0.2717,0.2717,0.2656,0.2466,88006532.57,0.0,-2.2451232977548745,-9.238130290761863
1890589749376667956,Institutionalized racism &amp; sexism is no longer allowed,26318.0,5452.0,169547.0,801.0,48155302.0,2025-02-15 02:31:36+00:00,False,2911.0,,False,True,False,"This letter was sent to the departments of education in all 50 states, notifying them they have 14 days to remove all DEI programming in all public schools. Institutions which fail to comply may face a loss of federal funding. 

https://t.co/IufnJMln20",DOGE,4255065.0,"[Quoting @DOGE]: This letter was sent to the departments of education in all 50 states, notifying them they have 14 days to remove all DEI programming in all public schools. Institutions which fail to comply may face a loss of federal funding. 

https://t.co/IufnJMln20
[Musk]: Institutionalized racism &amp; sexism is no longer allowed",quote,0.0041972117628916,0.1552253947283054,0.0321562752511103,2,5,False,True,positive,0.6,['doge'],"[""DOGE""]",regulatory,False,none,agrees,DOGE,0.2718,0.2717,0.2717,0.2717,0.2656,0.2466,88006532.57,0.0,-2.2451232977548745,-9.238130290761863
1890500896120844318,It is astounding how much taxpayer money can be saved with even a small amount of effort,39413.0,10791.0,204173.0,1120.0,19505244.0,2025-02-14 20:38:32+00:00,False,3887.0,,False,True,False,"$1.9 billion of HUD money was just recovered after being misplaced during the Biden administration due to a broken process. These funds were earmarked for the administration of financial services, but were no longer needed. @SecretaryTurner and @DOGE worked together to fix the issue and de-obligated the funds which are now available for other use by the Treasury.

@HUDgov @SecTurnerPress",DOGE,4255065.0,"[Quoting @DOGE]: $1.9 billion of HUD money was just recovered after being misplaced during the Biden administration due to a broken process. These funds were earmarked for the administration of financial services, but were no longer needed. @SecretaryTurner and @DOGE worked together to fix the issue and de-obligated the funds which are now available for other use by the Treasury.

@HUDgov @SecTurnerPress
[Musk]: It is astounding how much taxpayer money can be saved with even a small amount of effort",quote,0.0130988876632355,0.1930372772109926,0.0528522380530236,20,4,True,True,positive,0.7,['doge'],"[""DOGE""]",endorsement,False,none,agrees,DOGE,0.2718,0.2717,0.2717,0.2717,0.2656,0.2466,88006532.57,0.0,-2.2451232977548745,-9.238130290761863
1890279045314810209,"What’s this @DOGE thing people keep talking about? Personally, I’ve never heard of it 🤷‍♂️",9607.0,10298.0,141152.0,691.0,41100492.0,2025-02-14 05:56:58+00:00,False,1990.0,,False,False,False,,,,"What’s this @DOGE thing people keep talking about? Personally, I’ve never heard of it 🤷‍♂️",original,0.0039354273423296,0.0680613806393108,0.0729568125141691,5,4,False,True,positive,0.3,['doge'],"[""DOGE""]",meme_joke,False,none,,DOGE,0.2625,0.2718,0.2718,0.2718,0.2717,0.2395,131407089.6,0.0,-0.036791758646059235,-11.88373804267844
1890268425441931292,More of your tax dollars saved,19296.0,4105.0,107604.0,367.0,19349114.0,2025-02-14 05:14:46+00:00,False,1304.0,,False,True,False,"Today’s contract update:

167 cancellations with savings of ~$115M, including a $2.23M contract for HHS for “equity assessments of existing program policies”. https://t.co/mBHvslS4i0",DOGE,4255071.0,"[Quoting @DOGE]: Today’s contract update:

167 cancellations with savings of ~$115M, including a $2.23M contract for HHS for “equity assessments of existing program policies”. https://t.co/mBHvslS4i0
[Musk]: More of your tax dollars saved",quote,0.0067895615272099,0.1793241886918702,0.0381491394371956,5,4,False,True,positive,0.7,['doge'],"[""DOGE""]",endorsement,False,none,agrees,DOGE,0.2625,0.2718,0.2718,0.2718,0.2717,0.2395,131407089.6,0.0,-0.036791758646059235,-11.88373804267844
1890182649974817070,"Reuters was literally paid by the federal government for “Large Scale Social Deception”. 

That’s literally what it says on the official government documents!!",61436.0,9864.0,216848.0,2469.0,21534445.0,2025-02-13 23:33:56+00:00,False,14598.0,,False,True,False,"I can't believe how good this timeline is!

Follow this chain of events:
1. Reuters writes hit piece against DOGE.
2. Musk tweets, 'I wonder what Reuters are being paid?
3. DOGE uncovers Department of Defence contract paying Reuters for 'Large Scale Social Deception.

It's crazy that this is happening.

It's INSANE that it's playing out in the public square!",TopherField,43907.0,"[Quoting @TopherField]: I can't believe how good this timeline is!

Follow this chain of events:
1. Reuters writes hit piece against DOGE.
2. Musk tweets, 'I wonder what Reuters are being paid?
3. DOGE uncovers Department of Defence contract paying Reuters for 'Large Scale Social Deception.

It's crazy that this is happening.

It's INSANE that it's playing out in the public square!
[Musk]: Reuters was literally paid by the federal government for “Large Scale Social Deception”. 

That’s literally what it says on the official government documents!!",quote,0.0134954488030687,0.283313657492806,0.0454880838190806,23,3,False,True,positive,0.7,['doge'],"[""DOGE""]",market_commentary,False,none,amplifying,DOGE,0.2625,0.2718,0.2718,0.2718,0.2717,0.2395,131407089.6,0.0,-0.036791758646059235,-11.88373804267844
1890070408566862011,"But leading Democrats said there was no fraud in government payments 🧐 

Maybe because they’re getting their cut. 

That’s what they’re afraid @DOGE will discover.",30066.0,7968.0,133958.0,740.0,13530153.0,2025-02-13 16:07:55+00:00,False,3072.0,,False,True,False,"NEW: Haywood Talcove, CEO of LexisNexis Special Services, testifies before the DOGE Subcommittee that robust ID verification could save $1 TRILLION every year in entitlements. https://t.co/lBNYm3fXSz",libsoftiktok,4255418.0,"[Quoting @libsoftiktok]: NEW: Haywood Talcove, CEO of LexisNexis Special Services, testifies before the DOGE Subcommittee that robust ID verification could save $1 TRILLION every year in entitlements. https://t.co/lBNYm3fXSz
[Musk]: But leading Democrats said there was no fraud in government payments 🧐 

Maybe because they’re getting their cut. 

That’s what they’re afraid @DOGE will discover.",quote,0.012766448391234,0.2244434822854924,0.0594813299690947,16,3,True,True,positive,0.7,['doge'],"[""DOGE""]",regulatory,False,none,agrees,DOGE,0.2625,0.2718,0.2718,0.2718,0.2717,0.2395,131407089.6,0.0,-0.036791758646059235,-11.88373804267844
1890059886270255195,"Reuters received far more money than this from US government organizations, but via various subsidiaries and intermediaries to hide how they were getting it. 

This is just what @DOGE has found so far. https://t.co/PXbL1OkEKO",58862.0,8629.0,254571.0,2261.0,23010754.0,2025-02-13 15:26:07+00:00,False,7225.0,,False,False,False,,,,"Reuters received far more money than this from US government organizations, but via various subsidiaries and intermediaries to hide how they were getting it. 

This is just what @DOGE has found so far. https://t.co/PXbL1OkEKO",original,0.0140944099441504,0.2312203668131876,0.0338962411272297,15,3,True,True,neutral,0.0,['doge'],"[""DOGE""]",none,False,none,,DOGE,0.2625,0.2718,0.2718,0.2718,0.2717,0.2395,131407089.6,0.0,-0.036791758646059235,-11.88373804267844
1889976806213861822,Funny that 🤔,7035.0,2057.0,64805.0,115.0,28944590.0,2025-02-13 09:55:59+00:00,False,1412.0,,False,True,False,"$40 Billion is enough to cure world hunger if you take it from billionaires, and completely inconsequential if you take it from the federal budget.

Youth in the youngest congresswoman is like a breath of fresh air, but an enormous red flag when hired at DOGE.",Austen,390778.0,"[Quoting @Austen]: $40 Billion is enough to cure world hunger if you take it from billionaires, and completely inconsequential if you take it from the federal budget.

Youth in the youngest congresswoman is like a breath of fresh air, but an enormous red flag when hired at DOGE.
[Musk]: Funny that 🤔",quote,0.0025570236095933,0.1085564385464084,0.0317413779800941,9,3,False,True,neutral,0.0,['doge'],"[""DOGE""]",meme_joke,False,none,amplifying,DOGE,0.2642,0.2625,0.2625,0.2625,0.2718,0.2548,81965651.63,0.0,3.542857142857133,-2.9333333333333274
1889965133931450827,@BillAckman @realDonaldTrump @DOGE So much crazy stuff,85.0,100.0,1651.0,6.0,51923.0,2025-02-13 09:09:36+00:00,True,16.0,BillAckman,False,False,False,,,,@BillAckman @realDonaldTrump @DOGE So much crazy stuff,reply,0.035475608112012,0.0514839491217444,0.0605693519079345,9,3,False,True,neutral,0.0,['doge'],"[""DOGE""]",meme_joke,False,none,,DOGE,0.2642,0.2625,0.2625,0.2625,0.2718,0.2548,81965651.63,0.0,3.542857142857133,-2.9333333333333274
1889963862902096253,So many situations like this,34004.0,8724.0,286933.0,861.0,35778241.0,2025-02-13 09:04:33+00:00,False,4380.0,,False,True,False,"DOGE just cancelled a $25,000 grant for “Empowering LGBTQIA+ Refugees in Greece”

Why tf were we funding that garbage? https://t.co/wxteGOoTmt",libsoftiktok,4255461.0,"[Quoting @libsoftiktok]: DOGE just cancelled a $25,000 grant for “Empowering LGBTQIA+ Refugees in Greece”

Why tf were we funding that garbage? https://t.co/wxteGOoTmt
[Musk]: So many situations like this",quote,0.0092380729393599,0.1185085019847839,0.0304043104139293,9,3,False,True,negative,-0.7,['doge'],"[""DOGE""]",criticism,False,none,agrees,DOGE,0.2642,0.2625,0.2625,0.2625,0.2718,0.2548,81965651.63,0.0,3.542857142857133,-2.9333333333333274
1889963216266207278,"When not wasting money on bureaucracy, the Department of Education has been funding anti-Americanism, gender nonsense and anti-meritocratic racism",20056.0,2963.0,65554.0,437.0,5159548.0,2025-02-13 09:01:59+00:00,False,1696.0,,False,True,False,"🚨🇺🇸WHERE YOUR EDUCATION TAX DOLLARS WENT—AND IT WASN’T TO STUDENTS

The Department of Education has been burning through taxpayer money on contracts that have nothing to do with improving student outcomes. 

They spent $4.6 million just to coordinate Zoom and in-person meetings, $3 million on a report that concluded prior reports weren’t even used, and $1.4 million to physically observe mailing and clerical operations. 

Instead of fixing schools, they’re funding pointless bureaucracy.

Source: @Doge",MarioNawfal,2054229.0,"[Quoting @MarioNawfal]: 🚨🇺🇸WHERE YOUR EDUCATION TAX DOLLARS WENT—AND IT WASN’T TO STUDENTS

The Department of Education has been burning through taxpayer money on contracts that have nothing to do with improving student outcomes. 

They spent $4.6 million just to coordinate Zoom and in-person meetings, $3 million on a report that concluded prior reports weren’t even used, and $1.4 million to physically observe mailing and clerical operations. 

Instead of fixing schools, they’re funding pointless bureaucracy.

Source: @Doge
[Musk]: When not wasting money on bureaucracy, the Department of Education has been funding anti-Americanism, gender nonsense and anti-meritocratic racism",quote,0.0172515111788862,0.3059462427922018,0.0451993776123501,9,3,False,True,negative,-0.7,['doge'],"[""DOGE""]",criticism,False,none,agrees,DOGE,0.2642,0.2625,0.2625,0.2625,0.2718,0.2548,81965651.63,0.0,3.542857142857133,-2.9333333333333274
1889928292167459173,"Well, maybe this explains why the Democrats don’t want @DOGE to investigate. 

Biggest fraud operation in human history!",68824.0,10459.0,244721.0,2153.0,15421716.0,2025-02-13 06:43:12+00:00,False,10189.0,,False,True,False,"The DOGE subcommittee just discovered $2.7 TRILLION in improper payments in Medicare and Medicaid overseas, to people who should not have gotten it.

Democrats, SHUT THE FUCK UP! This government's spending needs to be audited and gutted. https://t.co/da2sjib7e5",ErrolWebber,238140.0,"[Quoting @ErrolWebber]: The DOGE subcommittee just discovered $2.7 TRILLION in improper payments in Medicare and Medicaid overseas, to people who should not have gotten it.

Democrats, SHUT THE FUCK UP! This government's spending needs to be audited and gutted. https://t.co/da2sjib7e5
[Musk]: Well, maybe this explains why the Democrats don’t want @DOGE to investigate. 

Biggest fraud operation in human history!",quote,0.0211492028513558,0.2812345487310039,0.0427384654361497,6,3,False,True,positive,0.7,['doge'],"[""DOGE""]",endorsement,True,buy,agrees,DOGE,0.2642,0.2625,0.2625,0.2625,0.2718,0.2548,81965651.63,0.0,3.542857142857133,-2.9333333333333274
1889927403646099618,But the legacy media said there was no fraud …,15779.0,2116.0,68164.0,270.0,5941473.0,2025-02-13 06:39:40+00:00,False,1639.0,,False,True,False,"Wow. Haywood Talcove, CEO of LexisNexis Special Services, testifying in front of the DOGE Subcommittee, says by implementing robust ID verification could save $1 trillion every single year in entitlements.

""Between federal, state, and local government, you can save one trillion dollars a year by simply putting in front-end identity verification, eliminating self-certification, and monitoring the back-end of the programs that are providing the benefits.""",charliekirk11,4697924.0,"[Quoting @charliekirk11]: Wow. Haywood Talcove, CEO of LexisNexis Special Services, testifying in front of the DOGE Subcommittee, says by implementing robust ID verification could save $1 trillion every single year in entitlements.

""Between federal, state, and local government, you can save one trillion dollars a year by simply putting in front-end identity verification, eliminating self-certification, and monitoring the back-end of the programs that are providing the benefits.""
[Musk]: But the legacy media said there was no fraud …",quote,0.0145298985621915,0.2314858282964614,0.0310427791796256,6,3,False,True,neutral,0.0,['doge'],[],none,False,none,agrees,DOGE,0.2642,0.2625,0.2625,0.2625,0.2718,0.2548,81965651.63,0.0,3.542857142857133,-2.9333333333333274
1889919195997155362,@OldeWorldOrder @EndWokeness @DOGE Yeah,26.0,44.0,430.0,3.0,13917.0,2025-02-13 06:07:03+00:00,True,9.0,OldeWorldOrder,False,False,False,,,,@OldeWorldOrder @EndWokeness @DOGE Yeah,reply,0.036142846877919,0.0604651162790697,0.1023255813953488,6,3,False,True,positive,0.4,['doge'],"[""DOGE""]",endorsement,True,buy,,DOGE,0.2642,0.2625,0.2625,0.2625,0.2718,0.2548,81965651.63,0.0,3.542857142857133,-2.9333333333333274
1889911867151434141,And it will improve rapidly over time,7117.0,2019.0,36627.0,199.0,3089611.0,2025-02-13 05:37:56+00:00,False,1140.0,,False,True,False,"NEWS: The Department of Government Efficiency (DOGE) has officially launched their website, increasing transparency and better informing people.

It includes details of cost savings (launching in a couple days), workforce info, regulations info and more.

DOGE website: https://t.co/a3sHnCrXtJ",SawyerMerritt,837997.0,"[Quoting @SawyerMerritt]: NEWS: The Department of Government Efficiency (DOGE) has officially launched their website, increasing transparency and better informing people.

It includes details of cost savings (launching in a couple days), workforce info, regulations info and more.

DOGE website: https://t.co/a3sHnCrXtJ
[Musk]: And it will improve rapidly over time",quote,0.0148763064346935,0.1943102083162694,0.0551232697190597,5,3,False,True,positive,0.6,['doge'],"[""DOGE""]",product_launch,False,none,agrees,DOGE,0.2642,0.2625,0.2625,0.2625,0.2718,0.2548,81965651.63,0.0,3.542857142857133,-2.9333333333333274
1889911700763320639,@KanekoaTheGreat @DOGE @charliebilello Failure to address this will absolutely bankrupt America!,249.0,161.0,2061.0,10.0,50364.0,2025-02-13 05:37:16+00:00,True,40.0,KanekoaTheGreat,False,False,False,,,,@KanekoaTheGreat @DOGE @charliebilello Failure to address this will absolutely bankrupt America!,reply,0.049261377174172,0.1208151382823871,0.0781174187287724,5,3,False,True,negative,-0.8,['doge'],"[""DOGE""]",market_commentary,False,none,,DOGE,0.2642,0.2625,0.2625,0.2625,0.2718,0.2548,81965651.63,0.0,3.542857142857133,-2.9333333333333274
1889899715292197072,Details of cost savings will be posted here,8613.0,2296.0,54788.0,213.0,16016973.0,2025-02-13 04:49:39+00:00,False,1704.0,,False,True,False,"DOGE website is live!  
https://t.co/F9Bp1Dla6n

Initial site:
1. X feed posts
2. Consolidated government org chart - enormous manual effort consolidating 16,000+ offices
3. Summary of the massive regulatory state, including the Unconstitutionality Index (ratio of rules written by unelected bureaucrats to laws passed by Congress)

Coming soon (targeting Valentines Day):
1. Description/amount of each cost reduction (w/ receipts where applicable)
2. Overall savings scorecard

We will constantly be working to maximize the site’s utility and transparency.  Please let us know what else you want to see!",DOGE,4255054.0,"[Quoting @DOGE]: DOGE website is live!  
https://t.co/F9Bp1Dla6n

Initial site:
1. X feed posts
2. Consolidated government org chart - enormous manual effort consolidating 16,000+ offices
3. Summary of the massive regulatory state, including the Unconstitutionality Index (ratio of rules written by unelected bureaucrats to laws passed by Congress)

Coming soon (targeting Valentines Day):
1. Description/amount of each cost reduction (w/ receipts where applicable)
2. Overall savings scorecard

We will constantly be working to maximize the site’s utility and transparency.  Please let us know what else you want to see!
[Musk]: Details of cost savings will be posted here",quote,0.0041150097462235,0.1572059575089435,0.0419069869314448,4,3,False,True,positive,0.6,['doge'],"[""DOGE""]",product_launch,False,none,amplifying,DOGE,0.2642,0.2625,0.2625,0.2625,0.2718,0.2548,81965651.63,0.0,3.542857142857133,-2.9333333333333274
1889896827513868734,"Reuters was paid millions of dollars by the US government for “large scale social deception”. 

That is literally what it says on the purchase order! They’re a total scam. 

Just wow.",77233.0,25325.0,232539.0,5296.0,41158828.0,2025-02-13 04:38:10+00:00,False,20183.0,,False,True,False,"🚨🇺🇸 DOD PAID REUTERS $9M FOR ""SOCIAL ENGINEERING"" PROGRAM

DOGE investigations reveal mysterious Defense Department payments to Reuters for ""large scale social deception"" project between 2018-2022.

While DARPA claims it was for cyber defense, questions swirl about why a news agency received millions for ""social engineering."" 

The revelation comes as other media outlets face scrutiny over federal funding.

Source: USASpendingGov, @stillgray",MarioNawfal,2054222.0,"[Quoting @MarioNawfal]: 🚨🇺🇸 DOD PAID REUTERS $9M FOR ""SOCIAL ENGINEERING"" PROGRAM

DOGE investigations reveal mysterious Defense Department payments to Reuters for ""large scale social deception"" project between 2018-2022.

While DARPA claims it was for cyber defense, questions swirl about why a news agency received millions for ""social engineering."" 

The revelation comes as other media outlets face scrutiny over federal funding.

Source: USASpendingGov, @stillgray
[Musk]: Reuters was paid millions of dollars by the US government for “large scale social deception”. 

That is literally what it says on the purchase order! They’re a total scam. 

Just wow.",quote,0.0082702306295018,0.3321292342359776,0.108906463001905,4,3,False,True,negative,-0.85,['doge'],[],criticism,False,none,amplifying,DOGE,0.2642,0.2625,0.2625,0.2625,0.2718,0.2548,81965651.63,0.0,3.542857142857133,-2.9333333333333274
1889890189772013650,DOGE,4594.0,1673.0,22626.0,124.0,3224805.0,2025-02-13 04:11:48+00:00,False,597.0,,False,True,False,"DOGE dot gov has been updated:
- Home page shows the DOGE 𝕏 feed
- Workforce page shows headcount and wages of various levels of government
- Regulations page shows the growth of regulations with breakdowns by agency and department

There is also a Savings page coming soon. https://t.co/MrxlvzkEmq",TheRabbitHole84,1008596.0,"[Quoting @TheRabbitHole84]: DOGE dot gov has been updated:
- Home page shows the DOGE 𝕏 feed
- Workforce page shows headcount and wages of various levels of government
- Regulations page shows the growth of regulations with breakdowns by agency and department

There is also a Savings page coming soon. https://t.co/MrxlvzkEmq
[Musk]: DOGE",quote,0.0089980634487976,0.203040749580129,0.0739414832493591,4,3,False,True,positive,0.7,['doge'],"[""DOGE""]",endorsement,True,buy,amplifying,DOGE,0.2642,0.2625,0.2625,0.2625,0.2718,0.2548,81965651.63,0.0,3.542857142857133,-2.9333333333333274
1889880953419600208,Why 90% of America loves @DOGE 😂 https://t.co/d1FEAHrx6i,52197.0,17714.0,444968.0,3491.0,35027211.0,2025-02-13 03:35:06+00:00,False,9660.0,,False,False,False,,,,Why 90% of America loves @DOGE 😂 https://t.co/d1FEAHrx6i,original,0.014799065789166,0.1173050646338613,0.0398096042861509,3,3,False,True,positive,0.7,['doge'],"[""DOGE""]",meme_joke,False,none,,DOGE,0.2642,0.2625,0.2625,0.2625,0.2718,0.2548,81965651.63,0.0,3.542857142857133,-2.9333333333333274
1889861826374222019,Posting the savings and the receipts,28338.0,5926.0,128485.0,672.0,10879109.0,2025-02-13 02:19:05+00:00,False,2892.0,,False,True,False,"Awesome job by @epaleezeldin @EPA 

EPA also cancelled 3 DEI contracts, saving American taxpayers $45M. https://t.co/XB8wIMtv0V",DOGE,4255083.0,"[Quoting @DOGE]: Awesome job by @epaleezeldin @EPA 

EPA also cancelled 3 DEI contracts, saving American taxpayers $45M. https://t.co/XB8wIMtv0V
[Musk]: Posting the savings and the receipts",quote,0.0150215426649369,0.2205549285908861,0.0461221154220337,2,3,False,True,positive,0.6,['doge'],"[""DOGE""]",endorsement,False,none,amplifying,DOGE,0.2642,0.2625,0.2625,0.2625,0.2718,0.2548,81965651.63,0.0,3.542857142857133,-2.9333333333333274
1889842828790079633,"The White House now has tech support.

The matrix is being reprogrammed to make success one of the possible outcome. They did not expect this. 

K. Maru.",13413.0,3842.0,66813.0,495.0,6103829.0,2025-02-13 01:03:36+00:00,False,2880.0,,False,True,False,"JOE LONSDALE: DOGE CAN’T BE STOPPED BECAUSE IT’S A VERY TECHNICAL TEAM

“I have mentors in the Reagan administration who came in looking for [government waste].

Those people were not technical.

When they went to the bureaucracy, and they asked questions, there are so many ways of obscuring and blocking and deterring.

Elon got root access, and he went to the tech systems themselves.

No one has done this ever.

No president had ever had tech people around him.

They went to the systems, and they started finding things like, my goodness.

These people who work for the agencies tried to confront them and say, no, you can't look at the systems.

They're freaking out.

It's very transparent: They went to the systems, they actually saw the payments and the payments were going out to crazy shit.

There were [duplicated] payments to people with the same Social Security numbers and payments to people with no number.

There are payments to Internews Network, which is training media all around the world on how to have a certain point of view that's very left.

 I think this is amazing, but people want to slow them down.

Do they want to slow them down from stopping their grift?

This is really the biggest question here.”

CNBC, February 12, 2025, @JTLonsdale , @DOGE",MarioNawfal,2054229.0,"[Quoting @MarioNawfal]: JOE LONSDALE: DOGE CAN’T BE STOPPED BECAUSE IT’S A VERY TECHNICAL TEAM

“I have mentors in the Reagan administration who came in looking for [government waste].

Those people were not technical.

When they went to the bureaucracy, and they asked questions, there are so many ways of obscuring and blocking and deterring.

Elon got root access, and he went to the tech systems themselves.

No one has done this ever.

No president had ever had tech people around him.

They went to the systems, and they started finding things like, my goodness.

These people who work for the agencies tried to confront them and say, no, you can't look at the systems.

They're freaking out.

It's very transparent: They went to the systems, they actually saw the payments and the payments were going out to crazy shit.

There were [duplicated] payments to people with the same Social Security numbers and payments to people with no number.

There are payments to Internews Network, which is training media all around the world on how to have a certain point of view that's very left.

 I think this is amazing, but people want to slow them down.

Do they want to slow them down from stopping their grift?

This is really the biggest question here.”

CNBC, February 12, 2025, @JTLonsdale , @DOGE
[Musk]: The White House now has tech support.

The matrix is being reprogrammed to make success one of the possible outcome. They did not expect this. 

K. Maru.",quote,0.0138540906044386,0.2007543442144493,0.0575037792046458,1,3,False,True,positive,0.7,['doge'],"[""DOGE""]",endorsement,True,buy,agrees,DOGE,0.2642,0.2625,0.2625,0.2625,0.2718,0.2548,81965651.63,0.0,3.542857142857133,-2.9333333333333274
1889839280576667659,Progress,11145.0,2637.0,58344.0,217.0,5514468.0,2025-02-13 00:49:30+00:00,False,731.0,,False,True,False,"Today’s contract update:

58 cancellations with savings of >$150M in categories including Media, DEI, and Consulting. This includes $405K at DHS for “resilience, energy, and sustainability management program support services” and ~4M at DoT for “DEIA program and project management support services”.",DOGE,4255083.0,"[Quoting @DOGE]: Today’s contract update:

58 cancellations with savings of >$150M in categories including Media, DEI, and Consulting. This includes $405K at DHS for “resilience, energy, and sustainability management program support services” and ~4M at DoT for “DEIA program and project management support services”.
[Musk]: Progress",quote,0.0131187632243037,0.1910222130810366,0.0451974496092143,0,3,False,True,positive,0.4,['doge'],"[""DOGE""]",endorsement,False,none,agrees,DOGE,0.2642,0.2625,0.2625,0.2625,0.2718,0.2548,81965651.63,0.0,3.542857142857133,-2.9333333333333274
1889776537496424701,It’s not even a good soap dispenser,26298.0,8010.0,128656.0,798.0,12053872.0,2025-02-12 20:40:11+00:00,False,3087.0,,False,True,False,"🚨 PENTAGON BURNS TAXPAYER CASH: $1,300 PER COFFEE CUP, 8,000% MARKUP ON SOAP DISPENSERS

DOGE is exposing insane Pentagon waste, including $1,300 coffee cups and soap dispensers marked up 8,000%.

With an $850 billion budget, the Pentagon is drowning in fraud and bloated contracts—and Trump says billions in waste will be slashed.

Trump:

“We’re going to find billions, hundreds of millions of dollars of fraud and abuse.”

Source: Times Now News, @DOGE",MarioNawfal,2054222.0,"[Quoting @MarioNawfal]: 🚨 PENTAGON BURNS TAXPAYER CASH: $1,300 PER COFFEE CUP, 8,000% MARKUP ON SOAP DISPENSERS

DOGE is exposing insane Pentagon waste, including $1,300 coffee cups and soap dispensers marked up 8,000%.

With an $850 billion budget, the Pentagon is drowning in fraud and bloated contracts—and Trump says billions in waste will be slashed.

Trump:

“We’re going to find billions, hundreds of millions of dollars of fraud and abuse.”

Source: Times Now News, @DOGE
[Musk]: It’s not even a good soap dispenser",quote,0.0135858419601601,0.2044055465738092,0.0622590473821664,20,2,True,True,positive,0.6,['doge'],"[""DOGE""]",endorsement,False,none,agrees,DOGE,0.2642,0.2625,0.2625,0.2625,0.2718,0.2548,81965651.63,0.0,3.542857142857133,-2.9333333333333274
1889732109528388059,"As it becomes clear that @DOGE is working, you will see the long-term Treasury bill yields fall.

And all Americans will benefit from lower interest payments on mortgages, small business debt, credit card and other loans.",42008.0,12181.0,310746.0,2240.0,34052215.0,2025-02-12 17:43:39+00:00,False,8466.0,,False,False,False,,,,"As it becomes clear that @DOGE is working, you will see the long-term Treasury bill yields fall.

And all Americans will benefit from lower interest payments on mortgages, small business debt, credit card and other loans.",original,0.010782705324749,0.135184362791476,0.0391992173672388,17,2,True,True,positive,0.7,['doge'],"[""DOGE""]",market_commentary,False,none,,DOGE,0.2642,0.2625,0.2625,0.2625,0.2718,0.2548,81965651.63,0.0,3.542857142857133,-2.9333333333333274
1889715181590102214,"Just follow @DOGE for details. 

There is a firehouse of information.",7787.0,2292.0,36443.0,191.0,3614955.0,2025-02-12 16:36:23+00:00,False,840.0,,False,True,False,"🚨NEW: @ScottJenningsKY leaves CNN host Kate Bolduan stammering as she clings to narrative @elonmusk hasn't been ""transparent"" with @DOGE🚨

JENNINGS: ""They are making routine announcements about the things they are finding and they are inviting questions about the things they are finding every single day.""

BOLDUAN: ""By definition he's not being transparent. They're not providing data for the things that they say they have found evidence of. They just aren't.""

JENNINGS: ""So you just don't believe it. I mean, they are providing information. You just choose not to believe that it's true ... I'm just asking you, do you believe that there is any level waste, fraud and abuse in the government?""

BOLDUAN: ""No, no, no, that's not what you're asking me. And I'm going to ask the questions. Don't accuse me of just like —""

@DailyCaller",JasonJournoDC,8032.0,"[Quoting @JasonJournoDC]: 🚨NEW: @ScottJenningsKY leaves CNN host Kate Bolduan stammering as she clings to narrative @elonmusk hasn't been ""transparent"" with @DOGE🚨

JENNINGS: ""They are making routine announcements about the things they are finding and they are inviting questions about the things they are finding every single day.""

BOLDUAN: ""By definition he's not being transparent. They're not providing data for the things that they say they have found evidence of. They just aren't.""

JENNINGS: ""So you just don't believe it. I mean, they are providing information. You just choose not to believe that it's true ... I'm just asking you, do you believe that there is any level waste, fraud and abuse in the government?""

BOLDUAN: ""No, no, no, that's not what you're asking me. And I'm going to ask the questions. Don't accuse me of just like —""

@DailyCaller
[Musk]: Just follow @DOGE for details. 

There is a firehouse of information.",quote,0.0129221525579156,0.2136761517986993,0.0628927366023653,16,2,True,True,positive,0.4,['doge'],"[""DOGE""]",endorsement,False,none,agrees,DOGE,0.2642,0.2625,0.2625,0.2625,0.2718,0.2548,81965651.63,0.0,3.542857142857133,-2.9333333333333274
1889707147656634459,Interesting,4750.0,1102.0,25546.0,84.0,3458772.0,2025-02-12 16:04:27+00:00,False,1731.0,,False,True,False,"Exclusive: @DataRepublican joins me for her first-ever interview to discuss DOGE vs USAID, shady NGOs, media manipulation, and more. https://t.co/t0g2jFDKbI",NicoleShanahan,534454.0,"[Quoting @NicoleShanahan]: Exclusive: @DataRepublican joins me for her first-ever interview to discuss DOGE vs USAID, shady NGOs, media manipulation, and more. https://t.co/t0g2jFDKbI
[Musk]: Interesting",quote,0.0091020743778427,0.1859390902685352,0.0431378689423001,16,2,True,True,neutral,0.0,['doge'],"[""DOGE""]",market_commentary,False,none,neutral,DOGE,0.2642,0.2625,0.2625,0.2625,0.2718,0.2548,81965651.63,0.0,3.542857142857133,-2.9333333333333274
1889699817229631996,"Well, @SenSchumer does admit there is waste in government, so that’s progress!",22199.0,37819.0,161477.0,2084.0,15198445.0,2025-02-12 15:35:20+00:00,False,1936.0,,False,True,False,"Chuck Schumer says, “everyone knows there's waste in government that should be cut, but DOGE is using a meat axe.”

Thoughts? https://t.co/2FNy2iJoG3",iAnonPatriot,479644.0,"[Quoting @iAnonPatriot]: Chuck Schumer says, “everyone knows there's waste in government that should be cut, but DOGE is using a meat axe.”

Thoughts? https://t.co/2FNy2iJoG3
[Musk]: Well, @SenSchumer does admit there is waste in government, so that’s progress!",quote,0.014710649675016,0.1374746867975005,0.2342067291317029,15,2,True,True,neutral,0.0,['doge'],"[""DOGE""]",regulatory,False,none,agrees,DOGE,0.2642,0.2625,0.2625,0.2625,0.2718,0.2548,81965651.63,0.0,3.542857142857133,-2.9333333333333274
1889694192860909822,@DogRightGirl @DOGE @RepMTG Gracia does not sound like he’s fun at parties 😂,107.0,138.0,1266.0,6.0,24291.0,2025-02-12 15:12:59+00:00,True,16.0,DogRightGirl,False,False,False,,,,@DogRightGirl @DOGE @RepMTG Gracia does not sound like he’s fun at parties 😂,reply,0.0624511135811617,0.084518167456556,0.1090047393364928,15,2,True,True,positive,0.3,['doge'],"[""DOGE""]",meme_joke,False,none,,DOGE,0.2642,0.2625,0.2625,0.2625,0.2718,0.2548,81965651.63,0.0,3.542857142857133,-2.9333333333333274
1889693534409687339,"When I asked why they were paid $1.5mm to “observe mailing and clerical operations” at a mail center, nobody knew … 🤷‍♂️",30617.0,5645.0,151979.0,737.0,22858027.0,2025-02-12 15:10:22+00:00,False,3420.0,,False,True,False,"Also today, the Department Of Education terminated 89 contracts worth $881mm. 

One contractor was paid $1.5mm to “observe mailing and clerical operations” at a mail center.”",DOGE,4255103.0,"[Quoting @DOGE]: Also today, the Department Of Education terminated 89 contracts worth $881mm. 

One contractor was paid $1.5mm to “observe mailing and clerical operations” at a mail center.”
[Musk]: When I asked why they were paid $1.5mm to “observe mailing and clerical operations” at a mail center, nobody knew … 🤷‍♂️",quote,0.0082674677040148,0.2014554642417702,0.0371432895334223,15,2,True,True,neutral,0.0,['doge'],"[""DOGE""]",none,False,none,amplifying,DOGE,0.2642,0.2625,0.2625,0.2625,0.2718,0.2548,81965651.63,0.0,3.542857142857133,-2.9333333333333274
1889572438955970597,Good compilation of @DOGE discussion,7491.0,3201.0,36081.0,251.0,5047282.0,2025-02-12 07:09:10+00:00,False,3232.0,,False,True,False,"Here's a compilation of all of Elon Musk's comments on DOGE's action earlier today at the White House:

0:00 Restoring Democracy
1:58 Addressing the deficit
2:55 Suspicious personal wealth
3:46 Basic payment controls
6:18 Social security fraud
7:03 The Retirement Mine
8:48 Increasing prosperity in America

Q&A

9:12 Is it a hostile takeover?
10:14 Are there checks & balances?
11:30 Are you policing yourself?
12:59 Goal: No inflation & interests down
14:13 Fraud going to other countries
14:41 Condoms for Gaza, Mozambique
15:48 Working with agency heads
16:30 USAID & Ebola, HIV prevention
17:29 SpaceX and Defense contracts
18:05 Fraud in the Treasury Department",ElonClipsX,146639.0,"[Quoting @ElonClipsX]: Here's a compilation of all of Elon Musk's comments on DOGE's action earlier today at the White House:

0:00 Restoring Democracy
1:58 Addressing the deficit
2:55 Suspicious personal wealth
3:46 Basic payment controls
6:18 Social security fraud
7:03 The Retirement Mine
8:48 Increasing prosperity in America

Q&A

9:12 Is it a hostile takeover?
10:14 Are there checks & balances?
11:30 Are you policing yourself?
12:59 Goal: No inflation & interests down
14:13 Fraud going to other countries
14:41 Condoms for Gaza, Mozambique
15:48 Working with agency heads
16:30 USAID & Ebola, HIV prevention
17:29 SpaceX and Defense contracts
18:05 Fraud in the Treasury Department
[Musk]: Good compilation of @DOGE discussion",quote,0.009316697580995,0.2076161968903301,0.0887170532967489,7,2,False,True,positive,0.6,['doge'],"[""DOGE""]",endorsement,False,none,agrees,DOGE,0.2531,0.2642,0.2642,0.2642,0.2625,0.2548,122817404.31,0.0,-0.6434519303557832,-3.557910673732008
1889556188343218321,The Debt Clock is terrifying,20983.0,7696.0,110836.0,875.0,20176259.0,2025-02-12 06:04:36+00:00,False,4320.0,,False,True,False,"Anyone else find this deeply disturbing—even with the @DOGE numbers providing a glimmer of hope?
 https://t.co/98ROzyKppO",BasedMikeLee,522255.0,"[Quoting @BasedMikeLee]: Anyone else find this deeply disturbing—even with the @DOGE numbers providing a glimmer of hope?
 https://t.co/98ROzyKppO
[Musk]: The Debt Clock is terrifying",quote,0.0069581779258483,0.1893157457865675,0.0694359233462052,6,2,False,True,negative,-0.7,['doge'],"[""DOGE""]",market_commentary,False,none,agrees,DOGE,0.2531,0.2642,0.2642,0.2642,0.2625,0.2548,122817404.31,0.0,-0.6434519303557832,-3.557910673732008
1889553234882339244,"Frankly, the biggest factor in making the government more efficient is modernizing the technology",2389.0,1955.0,17349.0,122.0,3093170.0,2025-02-12 05:52:52+00:00,False,457.0,,False,True,False,"No cap.
Watch more Pod Save America on YouTube!
#PodSaveAmerica #CrookedMedia #DOGE https://t.co/waiQEgXQsm",PodSaveAmerica,530215.0,"[Quoting @PodSaveAmerica]: No cap.
Watch more Pod Save America on YouTube!
#PodSaveAmerica #CrookedMedia #DOGE https://t.co/waiQEgXQsm
[Musk]: Frankly, the biggest factor in making the government more efficient is modernizing the technology",quote,0.0070526353223392,0.1377024612369589,0.112686610179261,5,2,False,True,neutral,0.0,['doge'],"[""DOGE""]",none,False,none,neutral,DOGE,0.2531,0.2642,0.2642,0.2642,0.2625,0.2548,122817404.31,0.0,-0.6434519303557832,-3.557910673732008
1889480491021025533,"Maybe it’s just me, but I think there is room for improvement here",23611.0,15540.0,138015.0,1135.0,28452513.0,2025-02-12 01:03:48+00:00,False,4602.0,,False,True,False,"Federal employee retirements are processed using paper, by hand, in an old limestone mine in Pennsylvania.  700+ mine workers operate 230 feet underground to process ~10,000 applications per month, which are stored in manila envelopes and cardboard boxes.  The retirement process takes multiple months.",DOGE,4255102.0,"[Quoting @DOGE]: Federal employee retirements are processed using paper, by hand, in an old limestone mine in Pennsylvania.  700+ mine workers operate 230 feet underground to process ~10,000 applications per month, which are stored in manila envelopes and cardboard boxes.  The retirement process takes multiple months.
[Musk]: Maybe it’s just me, but I think there is room for improvement here",quote,0.0062666169417091,0.1710756077237981,0.1125964569068579,1,2,False,True,neutral,0.0,['doge'],"[""DOGE""]",none,False,none,agrees,DOGE,0.2531,0.2642,0.2642,0.2642,0.2625,0.2548,122817404.31,0.0,-0.6434519303557832,-3.557910673732008
1889478696047607951,"It’s not like these politicians started companies or were NBA All-Stars, so where did they get all the money?

Does anyone know?",67620.0,29057.0,342494.0,3266.0,50559646.0,2025-02-12 00:56:40+00:00,False,9751.0,,False,True,False,"Nancy Pelosi
Annual salary: $223,000
Net worth: $202 million 

Mitch McConnell
Annual salary: $200,000
Net worth: $95 million 

Chuck Schumer
Annual salary: $210,000
Net worth: $75 million 

Elizabeth Warren
Annual salary: $285,000
Net worth: $67 million

@elonmusk @DOGE",gaborgurbacs,80504.0,"[Quoting @gaborgurbacs]: Nancy Pelosi
Annual salary: $223,000
Net worth: $202 million 

Mitch McConnell
Annual salary: $200,000
Net worth: $95 million 

Chuck Schumer
Annual salary: $210,000
Net worth: $75 million 

Elizabeth Warren
Annual salary: $285,000
Net worth: $67 million

@elonmusk @DOGE
[Musk]: It’s not like these politicians started companies or were NBA All-Stars, so where did they get all the money?

Does anyone know?",quote,0.0087507930731951,0.1974341156341425,0.0848394424427873,0,2,False,True,neutral,0.0,['doge'],"[""DOGE""]",none,False,none,amplifying,DOGE,0.2531,0.2642,0.2642,0.2642,0.2625,0.2548,122817404.31,0.0,-0.6434519303557832,-3.557910673732008
1889442979276087504,Exactly,5723.0,2595.0,41496.0,164.0,10955252.0,2025-02-11 22:34:45+00:00,False,685.0,,False,True,False,"I'm getting a lot of people telling me that Elon should stop his political work because its impacting the Tesla share price. 
I'm letting them all know...I don't give a fig about the impact on the share price: if the Trump administration (and DOGE) does not fix the deficit, my Tesla shares - and everyone's US stocks and bonds will be worthless. 
We are, as a country, in an existential crisis. Our 237 year old constitution is under enormous strain, threatened two dynamically reinforcing, but grave threats: profligate spending and the bureaucratic state that encourages it. 
In my judgement these are more serious challenges to our nation than was even the Civil War.",TeslaLarry,40817.0,"[Quoting @TeslaLarry]: I'm getting a lot of people telling me that Elon should stop his political work because its impacting the Tesla share price. 
I'm letting them all know...I don't give a fig about the impact on the share price: if the Trump administration (and DOGE) does not fix the deficit, my Tesla shares - and everyone's US stocks and bonds will be worthless. 
We are, as a country, in an existential crisis. Our 237 year old constitution is under enormous strain, threatened two dynamically reinforcing, but grave threats: profligate spending and the bureaucratic state that encourages it. 
In my judgement these are more serious challenges to our nation than was even the Civil War.
[Musk]: Exactly",quote,0.0045620128135801,0.1379169076537497,0.0625361480624638,22,1,False,True,neutral,0.0,['doge'],"[""DOGE""]",regulatory,False,none,agrees,DOGE,0.2531,0.2642,0.2642,0.2642,0.2625,0.2548,122817404.31,0.0,-0.6434519303557832,-3.557910673732008
1889376006521111007,"The louder that any given politician yells about cutting government waste, the more corrupt they are. 

Good rule of thumb.",30481.0,6976.0,185008.0,1111.0,16189455.0,2025-02-11 18:08:37+00:00,False,1518.0,,False,True,False,Keep track of who’s screaming the loudest about Elon Musk and DOGE. They have the most to lose.,stillgray,1224139.0,"[Quoting @stillgray]: Keep track of who’s screaming the loudest about Elon Musk and DOGE. They have the most to lose.
[Musk]: The louder that any given politician yells about cutting government waste, the more corrupt they are. 

Good rule of thumb.",quote,0.0138099769263387,0.1647550376199948,0.0377064775577272,18,1,True,True,positive,0.6,['doge'],"[""DOGE""]",endorsement,True,buy,agrees,DOGE,0.2531,0.2642,0.2642,0.2642,0.2625,0.2548,122817404.31,0.0,-0.6434519303557832,-3.557910673732008
1889373690451620033,Absolutely,1523.0,1283.0,14895.0,63.0,5451030.0,2025-02-11 17:59:25+00:00,False,133.0,,False,True,False,Who doesn’t believe that there is 10-20% of inefficient spend in government?! @DOGE 🇺🇸,altcap,160869.0,"[Quoting @altcap]: Who doesn’t believe that there is 10-20% of inefficient spend in government?! @DOGE 🇺🇸
[Musk]: Absolutely",quote,0.0032588336516218,0.1022490768714333,0.0861362873447465,17,1,True,True,positive,0.6,['doge'],"[""DOGE""]",endorsement,True,buy,agrees,DOGE,0.2531,0.2642,0.2642,0.2642,0.2625,0.2548,122817404.31,0.0,-0.6434519303557832,-3.557910673732008
1889373576161271840,Good question,13899.0,5158.0,61529.0,475.0,8459853.0,2025-02-11 17:58:58+00:00,False,1127.0,,False,True,False,"🚨 #BREAKING: Dem. Rep. Ayanna Pressley gives me a DE*TH STARE after I ask her about FEMA’s spending on illegals

Pressley REFUSED to condemn the DOGE-unveiled $59 MILLION FEMA payment to luxury hotels for illegals while Western North Carolinians LIVE IN TENTS

Just another leftist attempt to intimidate journalists. They’re not used to being pressed.

Goes to show you what this is really about. They’re not looking out for everyday Americans.

They’re spewing talking points given to them by their handlers & lobbyists.",nicksortor,808954.0,"[Quoting @nicksortor]: 🚨 #BREAKING: Dem. Rep. Ayanna Pressley gives me a DE*TH STARE after I ask her about FEMA’s spending on illegals

Pressley REFUSED to condemn the DOGE-unveiled $59 MILLION FEMA payment to luxury hotels for illegals while Western North Carolinians LIVE IN TENTS

Just another leftist attempt to intimidate journalists. They’re not used to being pressed.

Goes to show you what this is really about. They’re not looking out for everyday Americans.

They’re spewing talking points given to them by their handlers & lobbyists.
[Musk]: Good question",quote,0.0095818449800487,0.2258934811227226,0.0838303889222968,17,1,True,True,neutral,0.0,['doge'],"[""DOGE""]",regulatory,False,none,agrees,DOGE,0.2531,0.2642,0.2642,0.2642,0.2625,0.2548,122817404.31,0.0,-0.6434519303557832,-3.557910673732008
1889370367845859503,"My guess is that the legacy media is receiving all told several billion dollars from the US government alone. 

They are also mooching off other governments.",17744.0,2995.0,61395.0,470.0,4480802.0,2025-02-11 17:46:13+00:00,False,1893.0,,False,True,False,"Legacy media is a tax-funded grift.

DOGE finds nearly 5,000 media outlets funded by USAID alone — including Politico, New York Times, and even the BBC.

At least $500 million fueling a worldwide industry of propaganda and censorship. https://t.co/ATLKPSQqwU",profstonge,249111.0,"[Quoting @profstonge]: Legacy media is a tax-funded grift.

DOGE finds nearly 5,000 media outlets funded by USAID alone — including Politico, New York Times, and even the BBC.

At least $500 million fueling a worldwide industry of propaganda and censorship. https://t.co/ATLKPSQqwU
[Musk]: My guess is that the legacy media is receiving all told several billion dollars from the US government alone. 

They are also mooching off other governments.",quote,0.018435092646361,0.2890137633357765,0.0487824741428455,17,1,True,True,positive,0.4,['doge'],"[""DOGE""]",market_commentary,False,none,agrees,DOGE,0.2531,0.2642,0.2642,0.2642,0.2625,0.2548,122817404.31,0.0,-0.6434519303557832,-3.557910673732008
1889218453472743694,Your tax dollars were spent on forest gender consulting,13562.0,3160.0,72201.0,456.0,21576945.0,2025-02-11 07:42:33+00:00,False,1517.0,,False,True,False,"Today, the Department of Agriculture terminated 18 contracts for a total of ~$9mm, including contracts for “Central American gender assessment consultant services”, “Brazil forest and gender consultant services”, and the “women in forest carbon initiative mentorship program.”",DOGE,4255095.0,"[Quoting @DOGE]: Today, the Department of Agriculture terminated 18 contracts for a total of ~$9mm, including contracts for “Central American gender assessment consultant services”, “Brazil forest and gender consultant services”, and the “women in forest carbon initiative mentorship program.”
[Musk]: Your tax dollars were spent on forest gender consulting",quote,0.0041423380371966,0.187836733563247,0.0437667068323153,7,1,False,True,neutral,0.0,['doge'],"[""DOGE""]",none,False,none,amplifying,DOGE,0.2554,0.2531,0.2531,0.2531,0.2642,0.2512,92566548.11,0.0,4.385618332674832,-0.7506914263137151
1889217324651250084,Your tax dollars were spent on this,9557.0,2043.0,64177.0,227.0,15611122.0,2025-02-11 07:38:04+00:00,False,869.0,,False,True,False,"Today, the Department of Education terminated 29 DEI training grants totaling $101mm. 

One sought to train teachers to “help students understand / interrogate the complex histories involved in oppression, and help students recognize areas of privilege and power on an individual and collective basis.“",DOGE,4255095.0,"[Quoting @DOGE]: Today, the Department of Education terminated 29 DEI training grants totaling $101mm. 

One sought to train teachers to “help students understand / interrogate the complex histories involved in oppression, and help students recognize areas of privilege and power on an individual and collective basis.“
[Musk]: Your tax dollars were spent on this",quote,0.0048685802340152,0.1489162784175016,0.031833834551319,7,1,False,True,neutral,0.0,['doge'],"[""DOGE""]",none,False,none,amplifying,DOGE,0.2554,0.2531,0.2531,0.2531,0.2642,0.2512,92566548.11,0.0,4.385618332674832,-0.7506914263137151
1889196493166227910,@amuse @DOGE What a tangled web,323.0,294.0,5201.0,11.0,192278.0,2025-02-11 06:15:18+00:00,True,68.0,amuse,False,False,False,,,,@amuse @DOGE What a tangled web,reply,0.0303154807102216,0.0621034416458373,0.0565275908479138,6,1,False,True,neutral,0.0,['doge'],"[""DOGE""]",none,False,none,,DOGE,0.2554,0.2531,0.2531,0.2531,0.2642,0.2512,92566548.11,0.0,4.385618332674832,-0.7506914263137151
1889194985066475520,"So many fake protests paid for by the same corrupt NGOs that @DOGE is defunding 
 https://t.co/UfKRMVzpKu",26933.0,3334.0,145521.0,757.0,12226151.0,2025-02-11 06:09:18+00:00,False,6641.0,,False,False,False,,,,"So many fake protests paid for by the same corrupt NGOs that @DOGE is defunding 
 https://t.co/UfKRMVzpKu",original,0.0144399492530396,0.185079816658764,0.022910782636183,6,1,False,True,neutral,0.0,['doge'],[],none,False,none,,DOGE,0.2554,0.2531,0.2531,0.2531,0.2642,0.2512,92566548.11,0.0,4.385618332674832,-0.7506914263137151
1889182065846796785,Interesting,9561.0,1819.0,38391.0,178.0,6990696.0,2025-02-11 05:17:58+00:00,False,612.0,,False,True,False,"Jamie Raskin’s wife previously served at the top levels of the treasury and the federal reserve during the Obama administration.

Raskin took eight months to disclose his wife’s sale of 195,936 shares of Reserve Trust, where she sat on the advisory board. This sale resulted in $1.5 million in profit for Raskin’s wife.

This was a violation of the Stock Act. 

But that’s not the real story, the real stories is that in 2018, when she sat on the advisory board, the Fed granted Reserve Trust unusual access to its master account — an enviable get that allows the fintech company to move money for customers without relying on banks.

This was the only state chartered trust company in the country to get one.

And that’s why she got 1.5 million dollars in exchange. 

You see why @RepRaskin is terrified of @elonmusk and DOGE auditing the treasury.",DefiyantlyFree,920933.0,"[Quoting @DefiyantlyFree]: Jamie Raskin’s wife previously served at the top levels of the treasury and the federal reserve during the Obama administration.

Raskin took eight months to disclose his wife’s sale of 195,936 shares of Reserve Trust, where she sat on the advisory board. This sale resulted in $1.5 million in profit for Raskin’s wife.

This was a violation of the Stock Act. 

But that’s not the real story, the real stories is that in 2018, when she sat on the advisory board, the Fed granted Reserve Trust unusual access to its master account — an enviable get that allows the fintech company to move money for customers without relying on banks.

This was the only state chartered trust company in the country to get one.

And that’s why she got 1.5 million dollars in exchange. 

You see why @RepRaskin is terrified of @elonmusk and DOGE auditing the treasury.
[Musk]: Interesting",quote,0.007145068244993,0.2490427443932171,0.0473808965642989,5,1,False,True,neutral,0.0,['doge'],"[""DOGE""]",regulatory,False,none,amplifying,DOGE,0.2554,0.2531,0.2531,0.2531,0.2642,0.2512,92566548.11,0.0,4.385618332674832,-0.7506914263137151
1889181769359937618,Indeed 🤨,2156.0,834.0,16530.0,26.0,9119544.0,2025-02-11 05:16:47+00:00,False,222.0,,False,True,False,"The people who:

-Supported the FBI spying on parents at school board meetings

-Sent IRS agents to your door 

-Praised illegal aliens crossing the border in record numbers 

-Let a Chinese spy balloon fly across the country 

Have a huge problem with DOGE. 

Wonder why?",Jim_Jordan,6101419.0,"[Quoting @Jim_Jordan]: The people who:

-Supported the FBI spying on parents at school board meetings

-Sent IRS agents to your door 

-Praised illegal aliens crossing the border in record numbers 

-Let a Chinese spy balloon fly across the country 

Have a huge problem with DOGE. 

Wonder why?
[Musk]: Indeed 🤨",quote,0.0021433089198319,0.1304295220810647,0.0504537205081669,5,1,False,True,positive,0.4,['doge'],"[""DOGE""]",endorsement,False,none,agrees,DOGE,0.2554,0.2531,0.2531,0.2531,0.2642,0.2512,92566548.11,0.0,4.385618332674832,-0.7506914263137151
1889057100287860928,Noted @DOGE,8728.0,3105.0,53162.0,218.0,10695004.0,2025-02-10 21:01:24+00:00,False,818.0,,False,True,False,VA app for benefits and medical are still listing options for gender preferences. This garbage needs to be removed immediately @repdougcollins https://t.co/vzS8P2SyCi,libsoftiktok,4255422.0,"[Quoting @libsoftiktok]: VA app for benefits and medical are still listing options for gender preferences. This garbage needs to be removed immediately @repdougcollins https://t.co/vzS8P2SyCi
[Musk]: Noted @DOGE",quote,0.0060975199261262,0.1641774199616267,0.0584063804973477,21,0,False,True,neutral,0.0,['doge'],"[""DOGE""]",none,False,none,agrees,DOGE,0.2554,0.2531,0.2531,0.2531,0.2642,0.2512,92566548.11,0.0,4.385618332674832,-0.7506914263137151
1889056634951102594,Can you believe they were spending your tax dollars on this 💩??,34181.0,10239.0,161233.0,915.0,11656529.0,2025-02-10 20:59:33+00:00,False,4503.0,,False,True,False,"BREAKING: DOGE just TERMINATED a $2.3 MILLION contract for a ridiculous “VR training course” that taught soldiers how to have ""difficult conversations"" about DEI.

You can't make this stuff up. https://t.co/s2ROq5sDJy",libsoftiktok,4255422.0,"[Quoting @libsoftiktok]: BREAKING: DOGE just TERMINATED a $2.3 MILLION contract for a ridiculous “VR training course” that taught soldiers how to have ""difficult conversations"" about DEI.

You can't make this stuff up. https://t.co/s2ROq5sDJy
[Musk]: Can you believe they were spending your tax dollars on this 💩??",quote,0.0177212273053153,0.2119975439271117,0.0635043694529035,20,0,True,True,positive,0.6,['doge'],"[""DOGE""]",endorsement,False,none,agrees,DOGE,0.2554,0.2531,0.2531,0.2531,0.2642,0.2512,92566548.11,0.0,4.385618332674832,-0.7506914263137151
1889056330721190143,@individual1st @DOGE True,53.0,48.0,919.0,5.0,48201.0,2025-02-10 20:58:20+00:00,True,18.0,individual1st,False,False,False,,,,@individual1st @DOGE True,reply,0.021265118980934,0.0576713819368879,0.0522306855277475,20,0,True,True,positive,0.7,['doge'],"[""DOGE""]",endorsement,True,buy,,DOGE,0.2554,0.2531,0.2531,0.2531,0.2642,0.2512,92566548.11,0.0,4.385618332674832,-0.7506914263137151
1889045324167291288,Thank you,24422.0,10322.0,213013.0,1022.0,31481092.0,2025-02-10 20:14:36+00:00,False,954.0,,False,True,False,"I trust Elon Musk and DOGE more than I trust politicians in DC. 

You should too.",GuntherEagleman,1300766.0,"[Quoting @GuntherEagleman]: I trust Elon Musk and DOGE more than I trust politicians in DC. 

You should too.
[Musk]: Thank you",quote,0.0079024895324469,0.1146502795604024,0.048457136418904,20,0,True,True,positive,0.7,['doge'],"[""DOGE""]",endorsement,False,none,agrees,DOGE,0.2554,0.2531,0.2531,0.2531,0.2642,0.2512,92566548.11,0.0,4.385618332674832,-0.7506914263137151
1889044348773265655,Exciting to see the momentum of true patriots who want to fix America!,14887.0,4666.0,80257.0,447.0,7332502.0,2025-02-10 20:10:44+00:00,False,941.0,,False,True,False,"🚨DOGE TAKES OVER DC: 1 IN 5 LAWMAKERS JOIN ELON’S WAR ON WASTE

DOGE is picking up steam, with 100+ congressional lawmakers joining the mission to slash waste and drain the bureaucratic swamp.

Led by Reps. Aaron Bean, Pete Sessions, and Blake Moore, the DOGE Caucus is already hard at work, with 8 task forces tackling inefficiency—and 40,000+ Americans flooding in ideas to help Elon clean house.

Washington, welcome to efficiency mode.

Source: Fox News",MarioNawfal,2054222.0,"[Quoting @MarioNawfal]: 🚨DOGE TAKES OVER DC: 1 IN 5 LAWMAKERS JOIN ELON’S WAR ON WASTE

DOGE is picking up steam, with 100+ congressional lawmakers joining the mission to slash waste and drain the bureaucratic swamp.

Led by Reps. Aaron Bean, Pete Sessions, and Blake Moore, the DOGE Caucus is already hard at work, with 8 task forces tackling inefficiency—and 40,000+ Americans flooding in ideas to help Elon clean house.

Washington, welcome to efficiency mode.

Source: Fox News
[Musk]: Exciting to see the momentum of true patriots who want to fix America!",quote,0.0136729591072733,0.1854916082086297,0.0581382309331273,20,0,True,True,positive,0.8,['doge'],"[""DOGE""]",endorsement,False,none,agrees,DOGE,0.2554,0.2531,0.2531,0.2531,0.2642,0.2512,92566548.11,0.0,4.385618332674832,-0.7506914263137151
1889039856631787758,"They are hiding massive fraud and don’t want their grift to end. 

This is how we know we are over the target. 

Everything @DOGE does will be published for the world to see. 

Let the public judge for themselves.",60186.0,19841.0,255762.0,2363.0,10441290.0,2025-02-10 19:52:53+00:00,False,4376.0,,False,True,False,"Democrats are now calling DOGE the ""Department of Government Evil.""

I've never seen anything trigger them this much.

Keep going, Elon Musk, Big Balls, and all other great autists working on this historic task force. You are saving America.
 https://t.co/8ramzXlLHO",BehizyTweets,626038.0,"[Quoting @BehizyTweets]: Democrats are now calling DOGE the ""Department of Government Evil.""

I've never seen anything trigger them this much.

Keep going, Elon Musk, Big Balls, and all other great autists working on this historic task force. You are saving America.
 https://t.co/8ramzXlLHO
[Musk]: They are hiding massive fraud and don’t want their grift to end. 

This is how we know we are over the target. 

Everything @DOGE does will be published for the world to see. 

Let the public judge for themselves.",quote,0.0323860365912641,0.2353203368756891,0.0775760277132646,19,0,True,True,positive,0.7,['doge'],"[""DOGE""]",market_commentary,False,none,agrees,DOGE,0.2554,0.2531,0.2531,0.2531,0.2642,0.2512,92566548.11,0.0,4.385618332674832,-0.7506914263137151
1889020964039544900,"Very true!

Many times, the @DOGE team has found excellent people at the working level in government who want to do the right thing, but have been prevented from doing so by prior management. 

Treasury is a great example. 

If we just empower them to make the sensible decisions",12681.0,2769.0,74685.0,306.0,7507486.0,2025-02-10 18:37:48+00:00,False,1516.0,,False,True,False,"Another thing I've heard from a friend working in DOGE worth sharing

There are great people in their department who: 
1. Know exactly how to make their department more efficient 
2. Have wanted to, and
3. Have been prevented with implicit or explicit career threats",justindross,33151.0,"[Quoting @justindross]: Another thing I've heard from a friend working in DOGE worth sharing

There are great people in their department who: 
1. Know exactly how to make their department more efficient 
2. Have wanted to, and
3. Have been prevented with implicit or explicit career threats
[Musk]: Very true!

Many times, the @DOGE team has found excellent people at the working level in government who want to do the right thing, but have been prevented from doing so by prior management. 

Treasury is a great example. 

If we just empower them to make the sensible decisions",quote,0.012046775711603,0.1697931311508335,0.0370757180156657,18,0,True,True,positive,0.7,['doge'],"[""DOGE""]",endorsement,False,none,agrees,DOGE,0.2554,0.2531,0.2531,0.2531,0.2642,0.2512,92566548.11,0.0,4.385618332674832,-0.7506914263137151
1889002854708346938,"Yeah, I can’t emphasize this enough!

The goal of auditing the Social Security Administration is to stop the extreme levels of fraud taking place, so that it remains solvent and protects the social security checks of honest Americans!

That’s it. That’s the goal. End of story.",40451.0,7005.0,181025.0,1230.0,11021414.0,2025-02-10 17:25:51+00:00,False,3481.0,,False,True,False,"On no planet does @DOGE want to take away anyone’s Social Security check 

And on no planet is violence warranted by what @DOGE is actually trying to do—stop waste, fraud, and abuse in government

Dr. Steve Caudle’s call for violence is indefensible",BasedMikeLee,522220.0,"[Quoting @BasedMikeLee]: On no planet does @DOGE want to take away anyone’s Social Security check 

And on no planet is violence warranted by what @DOGE is actually trying to do—stop waste, fraud, and abuse in government

Dr. Steve Caudle’s call for violence is indefensible
[Musk]: Yeah, I can’t emphasize this enough!

The goal of auditing the Social Security Administration is to stop the extreme levels of fraud taking place, so that it remains solvent and protects the social security checks of honest Americans!

That’s it. That’s the goal. End of story.",quote,0.0208422440169655,0.2234553238502969,0.0386963126639966,17,0,True,True,positive,0.7,['doge'],"[""DOGE""]",endorsement,False,none,agrees,DOGE,0.2554,0.2531,0.2531,0.2531,0.2642,0.2512,92566548.11,0.0,4.385618332674832,-0.7506914263137151
1889001586480894332,"Among many other things, @DOGE today canceled a $17M project to provide tax policy advice to Liberia. 

Why would anyone think that this is a good use of YOUR tax money? 🤦‍♂️",45359.0,16792.0,367365.0,2420.0,43623078.0,2025-02-10 17:20:48+00:00,False,6683.0,,False,False,False,,,,"Among many other things, @DOGE today canceled a $17M project to provide tax policy advice to Liberia. 

Why would anyone think that this is a good use of YOUR tax money? 🤦‍♂️",original,0.0099015479833862,0.1234712071100948,0.0457093081812366,17,0,True,True,positive,0.6,['doge'],"[""DOGE""]",regulatory,False,none,,DOGE,0.2554,0.2531,0.2531,0.2531,0.2642,0.2512,92566548.11,0.0,4.385618332674832,-0.7506914263137151
1888997271519252491,"Absolutely. 

The people unequivocally voted for major government reform. 

Judicial tyranny is grossly improper!",9673.0,3304.0,52513.0,198.0,4198726.0,2025-02-10 17:03:40+00:00,False,498.0,,False,True,False,"🚨🇺🇸 TRUMP FIGHTS “UNCONSTITUTIONAL” TREASURY BLOCKADE

After a judge barred top Treasury officials from accessing the federal payment system, Trump’s team hit back, demanding an immediate reversal.

The order came after states sued over DOGE employees having access, claiming security risks - but Trump’s DOJ says this is just an excuse to sideline his administration. 

The White House warned that blocking Treasury leaders from their own system is a dangerous overreach.

Source: Politico",MarioNawfal,2054232.0,"[Quoting @MarioNawfal]: 🚨🇺🇸 TRUMP FIGHTS “UNCONSTITUTIONAL” TREASURY BLOCKADE

After a judge barred top Treasury officials from accessing the federal payment system, Trump’s team hit back, demanding an immediate reversal.

The order came after states sued over DOGE employees having access, claiming security risks - but Trump’s DOJ says this is just an excuse to sideline his administration. 

The White House warned that blocking Treasury leaders from their own system is a dangerous overreach.

Source: Politico
[Musk]: Absolutely. 

The people unequivocally voted for major government reform. 

Judicial tyranny is grossly improper!",quote,0.0156447455728237,0.1842020071220459,0.062917753699084,17,0,True,True,positive,0.7,['doge'],"[""DOGE""]",regulatory,False,none,agrees,DOGE,0.2554,0.2531,0.2531,0.2531,0.2642,0.2512,92566548.11,0.0,4.385618332674832,-0.7506914263137151
1888990419628839096,This tells me that he is trying to hide MASSIVE fraud,46934.0,29154.0,220549.0,2530.0,12692403.0,2025-02-10 16:36:26+00:00,False,4114.0,,False,True,False,"Tennessee preacher Dr. Steve Caudle appears to call for violence against Elon Musk while spreading a rabid form of misinformation about DOGE:

“Sometimes the devil will act so ugly that you have no other choice but to get violent and fight.""

Disgraceful. https://t.co/5KK3K2yHkN",charliekirk11,4697924.0,"[Quoting @charliekirk11]: Tennessee preacher Dr. Steve Caudle appears to call for violence against Elon Musk while spreading a rabid form of misinformation about DOGE:

“Sometimes the devil will act so ugly that you have no other choice but to get violent and fight.""

Disgraceful. https://t.co/5KK3K2yHkN
[Musk]: This tells me that he is trying to hide MASSIVE fraud",quote,0.023570556339883,0.212805317639164,0.1321883118944089,16,0,True,True,positive,0.4,['doge'],"[""DOGE""]",endorsement,False,none,agrees,DOGE,0.2554,0.2531,0.2531,0.2531,0.2642,0.2512,92566548.11,0.0,4.385618332674832,-0.7506914263137151
1888989851233505302,Absolutely,5152.0,1426.0,26125.0,94.0,2595811.0,2025-02-10 16:34:10+00:00,False,227.0,,False,True,False,"🚨🇺🇸JUDICIAL OVERREACH IS A THREAT TO DEMOCRACY

The American people made their voices heard loud and clear, electing Trump as their President in 2024 and giving Elon their support. 

Yet, we've seen a troubling trend where unelected judges seem to think they know better than the electorate. 

When President Trump tries to fulfill his campaign promises - whether it's about securing borders, revitalizing the U.S economy, or cutting government fraud and waste with DOGE - these judges step in, blocking his actions. 

This isn't just about policy; it's about the very essence of democracy. 

When judicial decisions overrule the democratic process, it's not just the policies of Trump that suffer; it's the will of the American people that gets trampled.

This judicial overreach is a direct threat to democracy. 

When judges can unilaterally decide what laws can stand based on their personal or political views, they undermine the votes and voices of millions. 

It's not the role of the judiciary to legislate from the bench or to create policy. Their role is to interpret the law, not to dictate it.",MarioNawfal,2054232.0,"[Quoting @MarioNawfal]: 🚨🇺🇸JUDICIAL OVERREACH IS A THREAT TO DEMOCRACY

The American people made their voices heard loud and clear, electing Trump as their President in 2024 and giving Elon their support. 

Yet, we've seen a troubling trend where unelected judges seem to think they know better than the electorate. 

When President Trump tries to fulfill his campaign promises - whether it's about securing borders, revitalizing the U.S economy, or cutting government fraud and waste with DOGE - these judges step in, blocking his actions. 

This isn't just about policy; it's about the very essence of democracy. 

When judicial decisions overrule the democratic process, it's not just the policies of Trump that suffer; it's the will of the American people that gets trampled.

This judicial overreach is a direct threat to democracy. 

When judges can unilaterally decide what laws can stand based on their personal or political views, they undermine the votes and voices of millions. 

It's not the role of the judiciary to legislate from the bench or to create policy. Their role is to interpret the law, not to dictate it.
[Musk]: Absolutely",quote,0.0126345870327231,0.1972057416267942,0.0545837320574162,16,0,True,True,positive,0.4,['doge'],"[""DOGE""]",regulatory,False,none,agrees,DOGE,0.2554,0.2531,0.2531,0.2531,0.2642,0.2512,92566548.11,0.0,4.385618332674832,-0.7506914263137151
1888989308708696177,"Yes, that was a huge lie by the Biden administration. 

Funds were diverted from almost every part of the federal government to maximize the number of illegals in America. 

There also appear to be significant funds siphoned from Social Security to pay for illegals.

@DOGE",81007.0,28358.0,260737.0,3674.0,16125413.0,2025-02-10 16:32:01+00:00,False,14312.0,,False,True,False,"LEFT, OCT 2024: As the election neared, KJP assured Americans that no FEMA funds were being diverted to Illegals.

RIGHT, TODAY: Elon exposes that FEMA still sending taxpayer dollars to illegals —  just LAST WEEK having sent $59M to illegals for luxury hotels.

More lies. https://t.co/eSw90bWgT7",WesternLensman,321900.0,"[Quoting @WesternLensman]: LEFT, OCT 2024: As the election neared, KJP assured Americans that no FEMA funds were being diverted to Illegals.

RIGHT, TODAY: Elon exposes that FEMA still sending taxpayer dollars to illegals —  just LAST WEEK having sent $59M to illegals for luxury hotels.

More lies. https://t.co/eSw90bWgT7
[Musk]: Yes, that was a huge lie by the Biden administration. 

Funds were diverted from almost every part of the federal government to maximize the number of illegals in America. 

There also appear to be significant funds siphoned from Social Security to pay for illegals.

@DOGE",quote,0.0231793132988283,0.3106847129482966,0.1087609353486463,16,0,True,True,negative,-0.8,['doge'],"[""DOGE""]",regulatory,False,none,agrees,DOGE,0.2554,0.2531,0.2531,0.2531,0.2642,0.2512,92566548.11,0.0,4.385618332674832,-0.7506914263137151
1888975020833026216,They are afraid that their fraud will be discovered,35188.0,18241.0,126545.0,1756.0,8195908.0,2025-02-10 15:35:15+00:00,False,3469.0,,False,True,False,"INCITEMENT: The same network of black pastors who incited the George Floyd riots are now calling for violent resistance against President Trump, Elon Musk, and the @DOGE team. I can't stress how dangerous this coordinated effort is. Watch until the end.

h/t @WokePreacherTV",amuse,555084.0,"[Quoting @amuse]: INCITEMENT: The same network of black pastors who incited the George Floyd riots are now calling for violent resistance against President Trump, Elon Musk, and the @DOGE team. I can't stress how dangerous this coordinated effort is. Watch until the end.

h/t @WokePreacherTV
[Musk]: They are afraid that their fraud will be discovered",quote,0.0221732601195621,0.2780670907582283,0.144146351100399,15,0,True,True,negative,-0.7,['doge'],"[""DOGE""]",criticism,False,none,agrees,DOGE,0.2554,0.2531,0.2531,0.2531,0.2642,0.2512,92566548.11,0.0,4.385618332674832,-0.7506914263137151
1888891512303263815,"The @DOGE team just discovered that FEMA sent $59M LAST WEEK to luxury hotels in New York City to house illegal migrants. 

Sending this money violated the law and is in gross insubordination to the President’s executive order. 

That money is meant for American disaster relief",120274.0,40853.0,647757.0,9379.0,66159682.0,2025-02-10 10:03:25+00:00,False,28281.0,,False,False,False,,,,"The @DOGE team just discovered that FEMA sent $59M LAST WEEK to luxury hotels in New York City to house illegal migrants. 

Sending this money violated the law and is in gross insubordination to the President’s executive order. 

That money is meant for American disaster relief",original,0.0123680008014548,0.1856776538115373,0.0630684037378214,10,0,False,True,neutral,0.0,['doge'],"[""DOGE""]",none,False,none,,DOGE,0.249,0.2554,0.2554,0.2554,0.2531,0.2582,69254351.63,0.0,-0.9005481597494222,1.0963194988253597
1888884158321008647,At least,2123.0,1656.0,21140.0,83.0,12543246.0,2025-02-10 09:34:11+00:00,False,211.0,,False,True,False,Who doesn’t believe that there is 10-20% of inefficient spend in government?! @DOGE 🇺🇸,altcap,160869.0,"[Quoting @altcap]: Who doesn’t believe that there is 10-20% of inefficient spend in government?! @DOGE 🇺🇸
[Musk]: At least",quote,0.0019932639445961,0.1004257332071901,0.0783349101229896,9,0,False,True,neutral,0.0,['doge'],"[""DOGE""]",none,False,none,agrees,DOGE,0.249,0.2554,0.2554,0.2554,0.2531,0.2582,69254351.63,0.0,-0.9005481597494222,1.0963194988253597
1888862778003271930,Can you believe your taxpayer dollars were being spent on a Fauci exhibit?,26602.0,9002.0,126585.0,988.0,9988910.0,2025-02-10 08:09:14+00:00,False,2367.0,,False,True,False,"🇺🇸 FAUCI MUSEUM EXHIBIT AXED AS DOGE SLASHES $182M IN HHS SPENDING

The $168K tribute to Fauci just got DOGE'd, part of 62 administrative contracts canceled in 48 hours - none affecting actual healthcare programs.

Meanwhile, Trump defends yanking Fauci's security detail: 

""You can't have them forever because you work for government""

The former COVID czar keeps his Biden pardon, but loses his museum wing. 

Times change fast in DC.

Source: Fox News",MarioNawfal,2054225.0,"[Quoting @MarioNawfal]: 🇺🇸 FAUCI MUSEUM EXHIBIT AXED AS DOGE SLASHES $182M IN HHS SPENDING

The $168K tribute to Fauci just got DOGE'd, part of 62 administrative contracts canceled in 48 hours - none affecting actual healthcare programs.

Meanwhile, Trump defends yanking Fauci's security detail: 

""You can't have them forever because you work for government""

The former COVID czar keeps his Biden pardon, but loses his museum wing. 

Times change fast in DC.

Source: Fox News
[Musk]: Can you believe your taxpayer dollars were being spent on a Fauci exhibit?",quote,0.0163358164204102,0.2101512817474424,0.0711142710431725,8,0,False,True,negative,-0.7,['doge'],"[""DOGE""]",criticism,False,none,agrees,DOGE,0.249,0.2554,0.2554,0.2554,0.2531,0.2582,69254351.63,0.0,-0.9005481597494222,1.0963194988253597
1888721830711591419,@zebulgar @DOGE Thanks,48.0,102.0,1290.0,4.0,39366.0,2025-02-09 22:49:09+00:00,True,10.0,zebulgar,False,False,False,,,,@zebulgar @DOGE Thanks,reply,0.03668140019306,0.0372093023255813,0.0790697674418604,22,6,False,True,positive,0.3,['doge'],"[""DOGE""]",endorsement,False,none,,DOGE,0.249,0.2554,0.2554,0.2554,0.2531,0.2582,69254351.63,0.0,-0.9005481597494222,1.0963194988253597
1888721533608018411,@Jason @DOGE Exactly,45.0,5.0,1052.0,6.0,46042.0,2025-02-09 22:47:59+00:00,True,14.0,Jason,False,False,False,,,,@Jason @DOGE Exactly,reply,0.0240649841449111,0.0427756653992395,0.0047528517110266,22,6,False,True,positive,0.6,['doge'],"[""DOGE""]",endorsement,True,buy,,DOGE,0.249,0.2554,0.2554,0.2554,0.2531,0.2582,69254351.63,0.0,-0.9005481597494222,1.0963194988253597
1888663292064813214,It clearly doesn’t add up,11803.0,2330.0,71785.0,182.0,26429368.0,2025-02-09 18:56:33+00:00,False,877.0,,False,True,False,"Thanks to @elonmusk and DOGE, we can now answer to the question: 

How do elected officials and bureaucrats making $200,000 a year accumulate multi-million dollar fortunes? 

Answer: They’re thieves who use covert schemes to loot the Treasury and steal from the American taxpayer.",DineshDSouza,4882744.0,"[Quoting @DineshDSouza]: Thanks to @elonmusk and DOGE, we can now answer to the question: 

How do elected officials and bureaucrats making $200,000 a year accumulate multi-million dollar fortunes? 

Answer: They’re thieves who use covert schemes to loot the Treasury and steal from the American taxpayer.
[Musk]: It clearly doesn’t add up",quote,0.0032577396478039,0.1644215365327018,0.0324580344083025,18,6,False,True,positive,0.7,['doge'],"[""DOGE""]",endorsement,False,none,agrees,DOGE,0.249,0.2554,0.2554,0.2554,0.2531,0.2582,69254351.63,0.0,-0.9005481597494222,1.0963194988253597
1888576727745523786,Seriously 🤨,9631.0,2839.0,46799.0,223.0,4994700.0,2025-02-09 13:12:34+00:00,False,568.0,,False,True,False,"🚨🇺🇸DEMOCRATS PROTEST YOUNG DOGE TEAM MEMBERS—BUT SUPPORT CHILD GENDER TRANSITIONS?

Democrats are up in arms over DOGE team, arguing that its young members—some just 19-22 years old—aren’t experienced enough for government roles.

Yet, these same people push for prepubescent children to make life-altering gender decisions, defending their “maturity” to transition.

So, a 10-year-old can decide their gender, but a 19-year-old can’t work on government efficiency?

Source: Yahoo, The Hill",MarioNawfal,2054226.0,"[Quoting @MarioNawfal]: 🚨🇺🇸DEMOCRATS PROTEST YOUNG DOGE TEAM MEMBERS—BUT SUPPORT CHILD GENDER TRANSITIONS?

Democrats are up in arms over DOGE team, arguing that its young members—some just 19-22 years old—aren’t experienced enough for government roles.

Yet, these same people push for prepubescent children to make life-altering gender decisions, defending their “maturity” to transition.

So, a 10-year-old can decide their gender, but a 19-year-old can’t work on government efficiency?

Source: Yahoo, The Hill
[Musk]: Seriously 🤨",quote,0.0119110256872284,0.2057949956195645,0.0606636893950725,13,6,False,True,neutral,0.0,['doge'],"[""DOGE""]",regulatory,False,none,amplifying,DOGE,0.249,0.2554,0.2554,0.2554,0.2531,0.2582,69254351.63,0.0,-0.9005481597494222,1.0963194988253597
1888572397315301675,"@mazemoore @DOGE @USTreasury The best way to understand the system is that it is designed for complaint minimization: people don’t complain if they receive money, but do complain loudly (especially fraudsters!) if they don’t receive money. 

Therefore, everything is geared towards sending out the money, even",2410.0,706.0,14603.0,64.0,543354.0,2025-02-09 12:55:22+00:00,True,570.0,mazemoore,False,False,False,,,,"@mazemoore @DOGE @USTreasury The best way to understand the system is that it is designed for complaint minimization: people don’t complain if they receive money, but do complain loudly (especially fraudsters!) if they don’t receive money. 

Therefore, everything is geared towards sending out the money, even",reply,0.0327282029763285,0.1650345819352187,0.0483462302266657,12,6,False,True,neutral,0.0,['doge'],"[""DOGE""]",none,False,none,,DOGE,0.249,0.249,0.2554,0.2554,0.2531,0.2582,69254351.63,0.0,-0.9005481597494222,1.0963194988253597
1888484943510307108,BIG BALLS 🤣🤣🤣,29422.0,11978.0,200858.0,1745.0,27754443.0,2025-02-09 07:07:51+00:00,False,8835.0,,False,True,False,"DOGE was worth it just for this 😂🤣😭 

https://t.co/raUhwayfVN",EndWokeness,3589052.0,"[Quoting @EndWokeness]: DOGE was worth it just for this 😂🤣😭 

https://t.co/raUhwayfVN
[Musk]: BIG BALLS 🤣🤣🤣",quote,0.0087914933115393,0.1464815939619034,0.0596341694132172,7,6,False,True,positive,0.7,['doge'],"[""DOGE""]",meme_joke,False,none,amplifying,DOGE,0.253,0.249,0.249,0.249,0.2554,0.2656,69409659.97,0.0,2.5702811244979986,6.666666666666668
1888484555092312466,"Just learned that the social security database is not de-duplicated, meaning you can have the same SSN many times over, which further enables MASSIVE FRAUD!!

Your tax dollars are being stolen.",45273.0,11269.0,202704.0,3567.0,60125717.0,2025-02-09 07:06:18+00:00,False,10458.0,,False,True,False,"To be clear, what the @DOGE team and @USTreasury have jointly agreed makes sense is the following:

- Require that all outgoing government payments have a payment categorization code, which is necessary in order to pass financial audits. This is frequently left blank, making audits almost impossible.

- All payments must also include a rationale for the payment in the comment field, which is currently left blank. Importantly, we are not yet applying ANY judgment to this rationale, but simply requiring that SOME attempt be made to explain the payment more than NOTHING!

- The DO-NOT-PAY list of entities known to be fraudulent or people who are dead or are probable fronts for terrorist organizations or do not match Congressional appropriations must actually be implemented and not ignored. Also, it can currently take up to a year to get on this list, which is far too long. This list should be updated at least weekly, if not daily.

The above super obvious and necessary changes are being implemented by existing, long-time career government employees, not anyone from @DOGE. It is ridiculous that these changes didn’t exist already!

Yesterday, I was told that there are currently over $100B/year of entitlements payments to individuals with no SSN or even a temporary ID number. If accurate, this is extremely suspicious. 

When I asked if anyone at Treasury had a rough guess for what percentage of that number is unequivocal and obvious fraud, the consensus in the room was about half, so $50B/year or $1B/week!!

This is utterly insane and must be addressed immediately.",elonmusk,218023969.0,"[Quoting @elonmusk]: To be clear, what the @DOGE team and @USTreasury have jointly agreed makes sense is the following:

- Require that all outgoing government payments have a payment categorization code, which is necessary in order to pass financial audits. This is frequently left blank, making audits almost impossible.

- All payments must also include a rationale for the payment in the comment field, which is currently left blank. Importantly, we are not yet applying ANY judgment to this rationale, but simply requiring that SOME attempt be made to explain the payment more than NOTHING!

- The DO-NOT-PAY list of entities known to be fraudulent or people who are dead or are probable fronts for terrorist organizations or do not match Congressional appropriations must actually be implemented and not ignored. Also, it can currently take up to a year to get on this list, which is far too long. This list should be updated at least weekly, if not daily.

The above super obvious and necessary changes are being implemented by existing, long-time career government employees, not anyone from @DOGE. It is ridiculous that these changes didn’t exist already!

Yesterday, I was told that there are currently over $100B/year of entitlements payments to individuals with no SSN or even a temporary ID number. If accurate, this is extremely suspicious. 

When I asked if anyone at Treasury had a rough guess for what percentage of that number is unequivocal and obvious fraud, the consensus in the room was about half, so $50B/year or $1B/week!!

This is utterly insane and must be addressed immediately.
[Musk]: Just learned that the social security database is not de-duplicated, meaning you can have the same SSN many times over, which further enables MASSIVE FRAUD!!

Your tax dollars are being stolen.",quote,0.0043710580615612,0.2233453705896282,0.0555933775357171,7,6,False,True,positive,0.7,['doge'],"[""DOGE""]",regulatory,False,none,agrees,DOGE,0.253,0.249,0.249,0.249,0.2554,0.2656,69409659.97,0.0,2.5702811244979986,6.666666666666668
1888479140434571746,This is the way,5075.0,1874.0,21876.0,146.0,3434993.0,2025-02-09 06:44:47+00:00,False,1687.0,,False,True,False,"@elonmusk @DOGE @USTreasury Elon please consider how East Germans overthrew their deep state—good model for what DoGE could eventually become!

https://t.co/YXQ6wdYkAp https://t.co/dU9D0RZUvX",CEBKCEBKCEBK,4868.0,"[Quoting @CEBKCEBKCEBK]: @elonmusk @DOGE @USTreasury Elon please consider how East Germans overthrew their deep state—good model for what DoGE could eventually become!

https://t.co/YXQ6wdYkAp https://t.co/dU9D0RZUvX
[Musk]: This is the way",quote,0.0084340783227214,0.2319893947705247,0.085664655330042,6,6,False,True,positive,0.7,['doge'],"[""DOGE""]",endorsement,False,none,agrees,DOGE,0.253,0.249,0.249,0.249,0.2554,0.2656,69409659.97,0.0,2.5702811244979986,6.666666666666668
1888380508628722114,"@danielsgoldman @DOGE We don’t have any personal data of Americans, you corrupt moron",4694.0,1491.0,32765.0,257.0,674617.0,2025-02-09 00:12:52+00:00,True,475.0,danielsgoldman,False,False,False,,,,"@danielsgoldman @DOGE We don’t have any personal data of Americans, you corrupt moron",reply,0.0581174206994487,0.1432626278040592,0.0455058751716771,0,6,False,True,negative,-0.7,['doge'],"[""DOGE""]",none,False,none,,DOGE,0.253,0.249,0.249,0.249,0.2554,0.2656,69409659.97,0.0,2.5702811244979986,6.666666666666668
1838303630547653015,"The window to make Earth life multiplanetary is open for the first time in 4.5 billion years. 

Let’s goooo!!!! 🚀🚀🔥🔥😀😀",16365.0,8581.0,104429.0,976.0,14185886.0,2024-09-23 19:45:14+00:00,False,2076.0,,False,True,False,"For the United States to be the leader in space exploration, we cannot afford to let FAA’s paperwork drag us down. If it takes longer to complete paperwork than to build the largest rocket in history that is to make life multi-planetary, we have a major problem here. https://t.co/UB1a7edqaw",Teslaconomics,369349.0,"[Quoting @Teslaconomics]: For the United States to be the leader in space exploration, we cannot afford to let FAA’s paperwork drag us down. If it takes longer to complete paperwork than to build the largest rocket in history that is to make life multi-planetary, we have a major problem here. https://t.co/UB1a7edqaw
[Musk]: The window to make Earth life multiplanetary is open for the first time in 4.5 billion years. 

Let’s goooo!!!! 🚀🚀🔥🔥😀😀",quote,0.009188781017978,0.15670934319011,0.0821706614063143,19,0,True,True,positive,0.7,['🚀'],[],none,False,none,agrees,DOGE,0.1081,0.1098,0.1098,0.1098,0.1085,0.1069,29092698.7,0.0,-1.1839708561019997,-2.6411657559198543
1837625135496352155,Interesting,1484.0,1113.0,14087.0,31.0,7918293.0,2024-09-21 22:49:08+00:00,False,236.0,,False,True,False,"@elonmusk % of U.S. adults who get news from social media…

2024
Never: 28% 📉
Often: 25% 📈

2022
Never: 29%
Often: 17%

(Pew Research Center)",stats_feed,3948475.0,"[Quoting @stats_feed]: @elonmusk % of U.S. adults who get news from social media…

2024
Never: 28% 📉
Often: 25% 📈

2022
Never: 29%
Often: 17%

(Pew Research Center)
[Musk]: Interesting",quote,0.0021109347683901,0.1053453538723645,0.0790090154042734,22,5,False,True,neutral,0.0,"['📉', '📈']",[],none,False,none,neutral,DOGE,0.11,0.1063,0.1063,0.1063,0.1081,0.1243,20275100.43,0.0,1.6933207902163647,16.933207902163673
1832956111281877225,"@cb_doge Naturally, our official mascot will be the Doge",846.0,586.0,5296.0,188.0,403030.0,2024-09-09 01:36:06+00:00,True,211.0,cb_doge,False,False,False,,,,"@cb_doge Naturally, our official mascot will be the Doge",reply,0.0171600129022653,0.1597432024169184,0.1106495468277945,1,0,False,True,positive,0.7,['doge'],"[""DOGE""]",endorsement,False,none,,DOGE,0.09615,0.1038,0.1038,0.1038,0.1028,0.09965,39484360.55,0.0,-0.9633911368015422,-3.998073217726398
1831670114652922080,"Let us strive to reach greater heights as a civilization, for what could be more inspiring than being out there among the stars?",4590.0,2992.0,28851.0,288.0,3315530.0,2024-09-05 12:26:00+00:00,False,646.0,,False,True,False,"ELON: HAVE WE PEAKED AS A CIVILIZATION?

""I think it would be tragic, extremely tragic if Apollo was the high watermark for humanity, and that's as far as we ever got. 

And it's concerning that here we are, 49 years after the last mission to the moon, almost half a century, and we've not been back. 

That's worrying. 

Does that mean we've peaked as a civilization?""

Source: Lex Fridman Podcast, December 2021",MarioNawfal,2054245.0,"[Quoting @MarioNawfal]: ELON: HAVE WE PEAKED AS A CIVILIZATION?

""I think it would be tragic, extremely tragic if Apollo was the high watermark for humanity, and that's as far as we ever got. 

And it's concerning that here we are, 49 years after the last mission to the moon, almost half a century, and we've not been back. 

That's worrying. 

Does that mean we've peaked as a civilization?""

Source: Lex Fridman Podcast, December 2021
[Musk]: Let us strive to reach greater heights as a civilization, for what could be more inspiring than being out there among the stars?",quote,0.011075453999813,0.1590932723302485,0.1037052441856434,12,3,False,True,positive,0.7,['to the moon'],[],none,False,none,agrees,DOGE,0.09839,0.09839,0.09254,0.09254,0.0954,0.1071,36846762.33,0.0,3.0905554354873583,15.733736762481094
1830387888028078554,Upgrade your app to get the latest Grok!,2425.0,2944.0,15750.0,165.0,21190037.0,2024-09-01 23:30:54+00:00,False,734.0,,False,True,False,"🚀 New Grok features in 𝕏 10.56 (iOS)
• Image generation prompt suggestions
• Improved model selector
• Edit your prompt with a long press
• Select text by long pressing on a Grok response
Update your 𝕏 app to version 10.56 in the App Store to get these features. Only available to Premium and Premium+ subscribers.",xai,1368215.0,"[Quoting @xai]: 🚀 New Grok features in 𝕏 10.56 (iOS)
• Image generation prompt suggestions
• Improved model selector
• Edit your prompt with a long press
• Select text by long pressing on a Grok response
Update your 𝕏 app to version 10.56 in the App Store to get these features. Only available to Premium and Premium+ subscribers.
[Musk]: Upgrade your app to get the latest Grok!",quote,0.0010044343008933,0.1539682539682539,0.1869206349206349,23,6,False,True,neutral,0.0,['🚀'],[],product_launch,False,none,amplifying,DOGE,0.09512,0.0991,0.0991,0.0991,0.09677,0.1038,19140134.95,0.0,-2.351160443995963,4.742684157416761
1830062141744853281,"Today, we launch the daily data dump on the crimes – under *Brazilian* law – that fake “judge” @alexandre has committed!

He can block this platform in Brazil, but he can’t stop the whole world from knowing his illegal, shameful &amp; hypocritical deeds. Karma’s a b*tch bro.

🍿🍿🍿",49690.0,6502.0,219095.0,1821.0,24215391.0,2024-09-01 01:56:30+00:00,False,5271.0,,False,True,False,"Today, we begin shining a light on the abuses of Brazilian law committed by Alexandre de Moraes.

We have been forced to share these orders because there is no transparency from the court, and the people who are being censored have no recourse to appeal. Our own appeals have been ignored.

And now the people of Brazil are denied access to X.

Secret justice is no justice at all. Today, we say that must change.

------------------------

Hoje começamos a lançar luz sobre os abusos cometidos por Alexandre de Moraes em face da lei brasileira.

Estamos compartilhando essas ordens porque não há transparência por parte do tribunal, e as pessoas que estão sendo censuradas não dispõem de meios para contestar essas decisões. Nossos próprios recursos foram ignorados.

E agora o povo do Brasil tem seu acesso ao X bloqueado.

Justiça secreta não é justiça. Hoje, dizemos que isso precisa mudar.",AlexandreFiles,380743.0,"[Quoting @AlexandreFiles]: Today, we begin shining a light on the abuses of Brazilian law committed by Alexandre de Moraes.

We have been forced to share these orders because there is no transparency from the court, and the people who are being censored have no recourse to appeal. Our own appeals have been ignored.

And now the people of Brazil are denied access to X.

Secret justice is no justice at all. Today, we say that must change.

------------------------

Hoje começamos a lançar luz sobre os abusos cometidos por Alexandre de Moraes em face da lei brasileira.

Estamos compartilhando essas ordens porque não há transparência por parte do tribunal, e as pessoas que estão sendo censuradas não dispõem de meios para contestar essas decisões. Nossos próprios recursos foram ignorados.

E agora o povo do Brasil tem seu acesso ao X bloqueado.

Justiça secreta não é justiça. Hoje, dizemos que isso precisa mudar.
[Musk]: Today, we launch the daily data dump on the crimes – under *Brazilian* law – that fake “judge” @alexandre has committed!

He can block this platform in Brazil, but he can’t stop the whole world from knowing his illegal, shameful &amp; hypocritical deeds. Karma’s a b*tch bro.

🍿🍿🍿",quote,0.0114434658519451,0.2267965950843241,0.0296766242953969,1,6,False,True,neutral,0.0,['dump'],[],none,False,none,amplifying,DOGE,0.1013,0.09512,0.09512,0.09512,0.0991,0.09615,18929887.95,0.0,4.184188393608071,1.0828427249789772
444358711796985857,"@X4NWO Well, now that Satoshi Nakamoto has been discovered, I guess it is case closed ... :)",206.0,97.0,663.0,111.0,,2014-03-14 06:25:47+00:00,True,62.0,X4NWO,False,False,False,,,,"@X4NWO Well, now that Satoshi Nakamoto has been discovered, I guess it is case closed ... :)",reply,,0.310708898944193,0.1463046757164404,6,4,False,True,neutral,0.0,['satoshi'],"[""BTC""]",meme_joke,False,none,,BTC,625.04,614.03,614.03,614.03,624.03,549.6,2514218.73,0.0,1.6285849225607871,-10.492972656059143
347617421500243968,Tomorrow night: fastest gas pump in LA vs Tesla battery pack swap http://t.co/QgZzggjIkq,376.0,99.0,312.0,20.0,,2013-06-20 07:30:26+00:00,False,16.0,,False,False,False,,,,Tomorrow night: fastest gas pump in LA vs Tesla battery pack swap http://t.co/QgZzggjIkq,original,,1.205128205128205,0.3173076923076923,7,3,False,True,neutral,0.0,['pump'],[],none,False,none,,DOGE,,,,,,,,,,
1874188180611883481,"2024 was a great year. 

Many good things are coming to the world in 2025.",4014.0,4397.0,34231.0,259.0,10629017.0,2024-12-31 20:17:37+00:00,False,687.0,,False,True,False,"What a year   🚀
SpaceX launched more rockets in 2024 than the entire 30 year history of the Space Shuttle program.

(134 Falcon 9 and Heavy launches, shown here + 4 Starship test flights) https://t.co/JlFaiKyZvx",FutureJurvetson,95413.0,"[Quoting @FutureJurvetson]: What a year   🚀
SpaceX launched more rockets in 2024 than the entire 30 year history of the Space Shuttle program.

(134 Falcon 9 and Heavy launches, shown here + 4 Starship test flights) https://t.co/JlFaiKyZvx
[Musk]: 2024 was a great year. 

Many good things are coming to the world in 2025.",quote,0.0040362152022148,0.1172621308170956,0.1284508194326779,20,1,True,True,positive,0.7,['🚀'],[],none,False,none,agrees,DOGE,0.3154,0.3244,0.3244,0.3244,0.3386,0.3422,80142446.71,0.0,4.377311960542537,5.48705302096177
1863666221301764462,The final step of @DOGE is to delete itself,30762.0,11145.0,329974.0,1941.0,98786378.0,2024-12-02 19:27:07+00:00,False,7626.0,,False,True,False,"Most government projects should come with a clear expiry date. That’s why we set one for @DOGE: July 4, 2026.",VivekGRamaswamy,3661437.0,"[Quoting @VivekGRamaswamy]: Most government projects should come with a clear expiry date. That’s why we set one for @DOGE: July 4, 2026.
[Musk]: The final step of @DOGE is to delete itself",quote,0.0037841452188883,0.0932255268596919,0.0337753883639317,19,0,True,True,neutral,0.0,['doge'],"[""DOGE""]",none,False,none,agrees,DOGE,0.4247,0.4066,0.4066,0.4066,0.4333,0.394,419284263.44,0.0,6.566650270536154,-3.0988686669945893
1863383648831172905,Cool,16920.0,5174.0,229299.0,554.0,59050367.0,2024-12-02 00:44:16+00:00,False,3793.0,,False,True,False,"Bernie Sanders vows to support DOGE, at least in this one cost-cutting area: ‘Elon Musk is right’ https://t.co/ACVejf9HSu https://t.co/xbuh3UVoB0",nypost,3367150.0,"[Quoting @nypost]: Bernie Sanders vows to support DOGE, at least in this one cost-cutting area: ‘Elon Musk is right’ https://t.co/ACVejf9HSu https://t.co/xbuh3UVoB0
[Musk]: Cool",quote,0.0042666457940896,0.0737901168343516,0.0225644246158945,0,0,False,True,positive,0.3,['doge'],"[""DOGE""]",endorsement,False,none,agrees,DOGE,0.4406,0.4247,0.4247,0.4247,0.4066,0.4142,615305827.73,0.0,-4.261831881327997,-2.4723334118201103
1862845441244577958,"That does seem odd, given that, unlike the founders Andreessen referred to who were debanked, SBF committed massive fraud",8383.0,2204.0,51446.0,206.0,30625775.0,2024-11-30 13:05:37+00:00,False,1374.0,,False,True,False,"Marc Andreessen recently told us 30 tech founders (many of whom were heavily involved in cryptocurrency) were debanked. 

Strange how Sam Bankman-Freid was never debanked…",DefiyantlyFree,920988.0,"[Quoting @DefiyantlyFree]: Marc Andreessen recently told us 30 tech founders (many of whom were heavily involved in cryptocurrency) were debanked. 

Strange how Sam Bankman-Freid was never debanked…
[Musk]: That does seem odd, given that, unlike the founders Andreessen referred to who were debanked, SBF committed massive fraud",quote,0.0020322424493747,0.1629475566613536,0.0428410372040586,13,5,False,True,negative,-0.6,['cryptocurrency'],[],criticism,False,none,agrees,DOGE,0.4218,0.4406,0.4406,0.4406,0.4247,0.4668,432804817.66,0.0,-3.60871538810712,5.946436677258284
1862674316921340395,"Thanks Marc, I think we will make great progress 🇺🇸🇺🇸",8832.0,3510.0,80654.0,268.0,35683233.0,2024-11-30 01:45:38+00:00,False,1257.0,,False,True,False,"Elon Musk, the Edison of our era, could revolutionize government through DOGE: Imagine $2T in savings, a leaner, smarter system, &amp; a future-ready nation. If Elon makes the USA as innovative as Tesla, SpaceX, &amp; X, it could reshape our country &amp; world. ❤️🇺🇸 https://t.co/SgyUCRI88E",Benioff,1123284.0,"[Quoting @Benioff]: Elon Musk, the Edison of our era, could revolutionize government through DOGE: Imagine $2T in savings, a leaner, smarter system, &amp; a future-ready nation. If Elon makes the USA as innovative as Tesla, SpaceX, &amp; X, it could reshape our country &amp; world. ❤️🇺🇸 https://t.co/SgyUCRI88E
[Musk]: Thanks Marc, I think we will make great progress 🇺🇸🇺🇸",quote,0.0026136645185709,0.1095047982741091,0.0435192302923599,1,5,False,True,positive,0.7,['doge'],"[""DOGE""]",endorsement,False,none,agrees,DOGE,0.4264,0.4218,0.4218,0.4218,0.4406,0.4534,341047483.81,0.0,4.457088667614979,7.491702228544337
1242245870650716160,@stephenpallotta @ajtourville @Teslarati Yes. PCB design techniques applied to create a heat exchanger that is physically impossible by normal means. Heat pump also has a local heating loop to spool up fast &amp; extend usable temperature range. Octavalve is pretty special too. Team did great work. No credit to me.,136.0,65.0,2596.0,32.0,,2020-03-24 00:24:30+00:00,True,21.0,stephenpallotta,False,False,False,,,,@stephenpallotta @ajtourville @Teslarati Yes. PCB design techniques applied to create a heat exchanger that is physically impossible by normal means. Heat pump also has a local heating loop to spool up fast &amp; extend usable temperature range. Octavalve is pretty special too. Team did great work. No credit to me.,reply,,0.0523882896764252,0.0250385208012326,0,1,False,True,positive,0.7,['pump'],[],none,False,none,,DOGE,0.001955,0.002074,0.002074,0.002074,0.001987,0.001838,19621.05,0.0,-4.19479267116682,-11.378977820636447
1194743318518870016,@atlasobscura fomo 4 yolo,69.0,78.0,892.0,40.0,,2019-11-13 22:26:19+00:00,True,6.0,atlasobscura,False,False,False,,,,@atlasobscura fomo 4 yolo,reply,,0.0773542600896861,0.0874439461883408,22,2,False,True,neutral,0.0,['fomo'],[],none,False,none,,DOGE,0.00272,0.002734,0.002734,0.002734,0.002737,0.002486,19625.91,0.0,0.10972933430870391,-9.070958302852961
1181991353212817408,@Kristennetten @annerajb @tesla_truth 🚀🚘 🧠🕳,53.0,95.0,1021.0,8.0,,2019-10-09 17:54:33+00:00,True,11.0,Kristennetten,False,False,False,,,,@Kristennetten @annerajb @tesla_truth 🚀🚘 🧠🕳,reply,,0.0519098922624877,0.0930460333006856,17,2,True,True,neutral,0.0,['🚀'],[],none,False,none,,DOGE,0.00246,0.002326,0.002326,0.002326,0.002379,0.002875,27146.97,0.0,2.2785898538263156,23.60275150472915
1151914844196524034,@BGR 🍷 🚀 🥳,150.0,91.0,3618.0,8.0,,2019-07-18 18:01:15+00:00,True,5.0,BGR,False,False,False,,,,@BGR 🍷 🚀 🥳,reply,,0.0414593698175787,0.0251520176893311,18,3,True,True,positive,0.6,['🚀'],[],none,False,none,,DOGE,0.003098,0.003057,0.003057,0.003057,0.003137,0.002923,51313.99,0.0,2.6169447170428595,-4.383382401046778
1143329600161947648,"♥️🚀 Apollo 11 🚀♥️
https://t.co/zJ68cEalNL https://t.co/jOemJIx87x",988.0,351.0,13588.0,64.0,,2019-06-25 01:26:33+00:00,False,99.0,,False,False,False,,,,"♥️🚀 Apollo 11 🚀♥️
https://t.co/zJ68cEalNL https://t.co/jOemJIx87x",original,,0.0727112157786282,0.025831616131881,1,1,False,True,positive,0.6,['🚀'],[],none,False,none,,DOGE,0.00329,0.003248,0.003248,0.003248,0.003282,0.003138,58294.81,0.0,1.0467980295566557,-3.386699507389158
1113173498384441344,Dogecoin rulz https://t.co/flWWUgAgLU,14346.0,1608.0,120732.0,1014.0,,2019-04-02 20:16:58+00:00,False,409.0,,False,False,False,,,,Dogecoin rulz https://t.co/flWWUgAgLU,original,,0.1188251664844448,0.0133187555908955,20,1,True,True,positive,0.7,['dogecoin'],"[""DOGE""]",endorsement,False,none,,DOGE,0.002814,0.00319,0.00319,0.00319,0.003584,0.003078,173369.43,0.0,12.351097178683379,-3.5109717868338595
1098533927336083456,"@coindesk That said, I still only own 0.25 BTC, which a friend sent me several years ago. Don’t have any crypto holdings.",1779.0,1162.0,38539.0,280.0,,2019-02-21 10:44:32+00:00,True,48.0,CoinDesk,False,False,False,,,,"@coindesk That said, I still only own 0.25 BTC, which a friend sent me several years ago. Don’t have any crypto holdings.",reply,,0.046161031682192,0.0301512753314823,10,3,False,True,neutral,0.0,"['btc', 'crypto']","[""BTC""]",market_commentary,False,none,,BTC,3974.05,3937.04,3937.04,3937.04,3983.53,3823.37,187314178.85,0.0,1.1808363643752726,-2.887194440493367
1083252590689820672,@ruboyad Yes 🚀,37.0,44.0,1286.0,11.0,,2019-01-10 06:41:58+00:00,True,2.0,ruboyad,False,False,False,,,,@ruboyad Yes 🚀,reply,,0.0287713841368584,0.0342146189735614,6,3,False,True,positive,0.7,['🚀'],[],none,False,none,,DOGE,0.002207,0.002123,0.002123,0.002123,0.002114,0.002085,21090.81,0.0,-0.42392840320300956,-1.789919924634943
1028985700459339776,@physorg_com @ETH_en @PNASNews ETH beam heh heh,51.0,57.0,1034.0,29.0,,2018-08-13 12:44:43+00:00,True,2.0,physorg_com,False,False,False,,,,@physorg_com @ETH_en @PNASNews ETH beam heh heh,reply,,0.0493230174081237,0.0551257253384913,12,0,False,True,positive,0.6,['eth'],"[""ETH""]",meme_joke,False,none,,ETH,284.03,284.03,278.31,278.31,281.24,281.78,331398930.74,0.0,1.0527828680248668,1.2468111099133954
1023067599528124416,🖤🚀💫,656.0,200.0,8917.0,48.0,,2018-07-28 04:48:18+00:00,False,24.0,,False,True,False,"Gwynne Shotwell, the COO of @SpaceX and the woman who makes @ElonMusk’s ambitious plans a reality, reflects on her long career in aerospace technology in this MAKERS exclusive. 🚀🌙 @GwynneShotwell
https://t.co/MaCNyQvETp",MAKERSwomen,101483.0,"[Quoting @MAKERSwomen]: Gwynne Shotwell, the COO of @SpaceX and the woman who makes @ElonMusk’s ambitious plans a reality, reflects on her long career in aerospace technology in this MAKERS exclusive. 🚀🌙 @GwynneShotwell
https://t.co/MaCNyQvETp
[Musk]: 🖤🚀💫",quote,,0.0735673432768868,0.0224290680722216,4,5,False,True,neutral,0.0,"['🌙', '🚀']",[],none,False,none,amplifying,DOGE,0.003469,0.003387,0.003387,0.003387,0.003233,0.002874,49478.72,0.0,-4.546796575140231,-15.146147032772367
1008326131798269952,@johngoo 👽🧚‍♀️🚀🍃🍄🍕🍕🍕,29.0,35.0,522.0,12.0,,2018-06-17 12:30:58+00:00,True,3.0,johngoo,False,False,False,,,,@johngoo 👽🧚‍♀️🚀🍃🍄🍕🍕🍕,reply,,0.0555555555555555,0.0670498084291187,12,6,False,True,neutral,0.0,['🚀'],[],none,False,none,,DOGE,0.003034,0.003034,0.003078,0.003078,0.003142,0.002593,40468.96,0.0,2.0792722547108458,-15.756985055230677
1000543697224663040,@dfsullivan ♥️🖤🚀🎶👻🐇🧚‍♀️💫,39.0,32.0,612.0,13.0,,2018-05-27 01:06:21+00:00,True,4.0,ExAutoAnalyst,False,False,False,,,,@dfsullivan ♥️🖤🚀🎶👻🐇🧚‍♀️💫,reply,,0.0637254901960784,0.0522875816993464,1,6,False,True,positive,0.7,['🚀'],[],none,False,none,,DOGE,0.003428,0.003395,0.003395,0.003395,0.003218,0.003661,444617.08,0.0,-5.213549337260679,7.8350515463917585
1740645331182755853,@johnpisaniphoto @considercosmos We will return to the moon soon,323.0,399.0,3146.0,85.0,187753.0,2023-12-29 08:06:01+00:00,True,53.0,johnpisaniphoto,False,False,False,,,,@johnpisaniphoto @considercosmos We will return to the moon soon,reply,0.0210542574552736,0.1026700572155117,0.1268277177368086,8,4,False,True,neutral,0.0,['to the moon'],[],none,False,none,,DOGE,0.09177,0.09101,0.09101,0.09101,0.09001,0.08272,23925609.04,0.0,-1.0987803538072598,-9.108889133062291
1739892995342664068,"@AdrianDittmann @cb_doge Yeah, at least encode the jpeg on the blockchain!",468.0,901.0,2544.0,382.0,747280.0,2023-12-27 06:16:30+00:00,True,114.0,AdrianDittmann,False,False,False,,,,"@AdrianDittmann @cb_doge Yeah, at least encode the jpeg on the blockchain!",reply,0.0057475109731292,0.1839622641509433,0.3541666666666667,6,2,False,True,positive,0.4,['blockchain'],"[""DOGE""]",product_launch,False,none,,DOGE,0.09137,0.09367,0.09367,0.09367,0.09177,0.08203,22467976.05,0.0,-2.0283975659229196,-12.426604035443575
1737912074603204797,𝕏 Spaces with Cathie Wood in ~3 hours,3943.0,2753.0,29845.0,272.0,17470511.0,2023-12-21 19:05:02+00:00,False,652.0,,False,True,False,"Looking forward to talking with @elonmusk today at 5 pm ET on X Spaces! Can't wait to hear his thoughts on the AI space, bitcoin, and so much more. Join us. https://t.co/LAdIzl7QAa",CathieDWood,1780370.0,"[Quoting @CathieDWood]: Looking forward to talking with @elonmusk today at 5 pm ET on X Spaces! Can't wait to hear his thoughts on the AI space, bitcoin, and so much more. Join us. https://t.co/LAdIzl7QAa
[Musk]: 𝕏 Spaces with Cathie Wood in ~3 hours",quote,0.0021071507295922,0.132115932316971,0.0922432568269391,19,3,True,True,positive,0.6,['bitcoin'],"[""BTC""]",partnership,False,none,agrees,BTC,43875.01,44008.04,44008.04,44008.04,43732.75,42073.59,1084076406.5,0.0,-0.6255447868162292,-4.395674063193917
1725883137060696418,Accurate real-time Starship flight summary from Grok!,4373.0,3198.0,43948.0,243.0,12425830.0,2023-11-18 14:26:19+00:00,False,538.0,,False,True,False,Grok summarizes the most important details and takeaways from today’s SpaceX Starship test flight 🚀 https://t.co/3kM36ytGzU,dogeofficialceo,400925.0,"[Quoting @dogeofficialceo]: Grok summarizes the most important details and takeaways from today’s SpaceX Starship test flight 🚀 https://t.co/3kM36ytGzU
[Musk]: Accurate real-time Starship flight summary from Grok!",quote,0.0041656774637991,0.099503959224538,0.0727678165104214,14,5,False,True,neutral,0.0,['🚀'],[],none,False,none,agrees,DOGE,0.08031,0.08052,0.08052,0.08052,0.07772,0.0787,42288098.0,0.0,-3.477396920019867,-2.2603079980129017
1720646104956481739,"@cb_doge To be super clear, none of my companies will ever create a crypto token",602.0,529.0,4371.0,188.0,508555.0,2023-11-04 03:36:14+00:00,True,166.0,cb_doge,False,False,False,,,,"@cb_doge To be super clear, none of my companies will ever create a crypto token",reply,0.0111885636755119,0.1377259208419126,0.1210249370853351,3,5,False,True,negative,-0.7,"['crypto', 'token']",[],criticism,False,none,,DOGE,0.06811,0.06911,0.06911,0.06911,0.07111,0.07853,13287679.63,0.0,2.8939372015627285,13.630444219360434
1709942294164729927,Just gave a talk about Starship for the IAC,10069.0,7087.0,101021.0,469.0,41617920.0,2023-10-05 14:43:06+00:00,False,1417.0,,False,True,False,"Space enthusiasts!

Join #IAC2023 here NOW for the LIVE FIRESIDE CHAT with Elon Musk 🚀🌠 https://t.co/dUdP6rZzIL",Iac2023,7060.0,"[Quoting @Iac2023]: Space enthusiasts!

Join #IAC2023 here NOW for the LIVE FIRESIDE CHAT with Elon Musk 🚀🌠 https://t.co/dUdP6rZzIL
[Musk]: Just gave a talk about Starship for the IAC",quote,0.0028508392538598,0.0996723453539363,0.0701537304124885,14,3,True,True,neutral,0.0,['🚀'],[],none,False,none,neutral,DOGE,0.06086,0.0614,0.0614,0.0614,0.06146,0.05839,4376812.76,0.0,0.09771986970683641,-4.9022801302931684
1131650936047194112,"@alijamalashraf @Erdayastronaut @MichaelGalanin @SpaceX Turbines on hot side (outer fan-looking things in this depiction), but this is just to illustrate the type of engine. Our turbopumps are vertical, have 3 fan-looking things on pump side &amp; complex cross-flow. Liquid oxygen turbopump is integrated with main combustion chamber.",20.0,22.0,503.0,7.0,,2019-05-23 19:59:42+00:00,True,5.0,AliJamalAshraf,False,False,False,,,,"@alijamalashraf @Erdayastronaut @MichaelGalanin @SpaceX Turbines on hot side (outer fan-looking things in this depiction), but this is just to illustrate the type of engine. Our turbopumps are vertical, have 3 fan-looking things on pump side &amp; complex cross-flow. Liquid oxygen turbopump is integrated with main combustion chamber.",reply,,0.0397614314115308,0.0437375745526839,19,3,True,True,neutral,0.0,['pump'],[],none,False,none,,DOGE,0.002927,0.002969,0.002969,0.002969,0.002943,0.003355,43910.24,0.0,-0.8757157292017509,13.001010441226004
1127389993188507649,"If static fire 👍 on Mon, 🚀 on Tues",292.0,111.0,8166.0,19.0,,2019-05-12 01:48:14+00:00,True,4.0,elonmusk,False,False,False,,,,"If static fire 👍 on Mon, 🚀 on Tues",reply,,0.0357580210629439,0.0135929463629684,1,6,False,True,positive,0.7,['🚀'],[],none,False,none,,DOGE,0.002693,0.002568,0.002568,0.002568,0.002666,0.003086,23758.51,0.0,3.8161993769470404,20.17133956386294
1608145311347707905,They did it!,8497.0,8298.0,153109.0,525.0,24859724.0,2022-12-28 16:58:14+00:00,False,132.0,,False,True,False,SpaceX Falcon 🚀 team is making excellent progress – aiming for 60 launches this year!,elonmusk,218023600.0,"[Quoting @elonmusk]: SpaceX Falcon 🚀 team is making excellent progress – aiming for 60 launches this year!
[Musk]: They did it!",quote,0.0068556271984355,0.0554964110535631,0.054196683408552,16,2,True,True,neutral,0.0,['🚀'],[],none,False,none,agrees,DOGE,0.07036,0.07092,0.07092,0.07092,0.06836,0.07148,27702877.39,0.0,-3.6097010716299955,0.7896221094190707
1605738005813084165,"One of many product improvements coming to financial Twitter! 

Nice work by Twitter team.",8462.0,7369.0,112632.0,1179.0,32800708.0,2022-12-22 01:32:28+00:00,False,548.0,,False,True,False,"$Cashtags, now with data 📈

👀 $SPY 👇 https://t.co/XgOK6gf02E",XBusiness,1412757.0,"[Quoting @XBusiness]: $Cashtags, now with data 📈

👀 $SPY 👇 https://t.co/XgOK6gf02E
[Musk]: One of many product improvements coming to financial Twitter! 

Nice work by Twitter team.",quote,0.003952414685683,0.0751296256836423,0.0654254563534341,1,3,False,True,positive,0.6,['📈'],[],product_launch,False,none,agrees,DOGE,0.07375,0.07686,0.07686,0.07686,0.0772,0.07092,54815191.99,0.0,0.44236273744471377,-7.728337236533959
1595591868275826688,"@teddyschleifer If SBF was as good at running a crypto exchange as he was at bribing media, FTX would still be solvent!",3382.0,1453.0,25996.0,273.0,,2022-11-24 01:35:20+00:00,True,89.0,teddyschleifer,False,False,False,,,,"@teddyschleifer If SBF was as good at running a crypto exchange as he was at bribing media, FTX would still be solvent!",reply,,0.13009693799046,0.0558932143406677,1,3,False,True,negative,-0.7,['crypto'],"[""FTT""]",criticism,False,none,,FTT,1.296,1.366,1.366,1.366,1.384,1.296,47582.38,0.0,1.3177159590043772,-5.124450951683753
1594751560147312641,Twitter is fun 🚀 💫 ♥️,37461.0,41411.0,553461.0,5920.0,,2022-11-21 17:56:15+00:00,False,573.0,,False,False,False,,,,Twitter is fun 🚀 💫 ♥️,original,,0.0676849859339682,0.0748218935028845,17,0,True,True,positive,0.6,['🚀'],[],none,False,none,,DOGE,0.0746,0.07856,0.07856,0.07856,0.08186,0.1014,44285946.66,0.0,4.200610997963337,29.073319755600814
1592043719645356034,"@dawallach @Jason BTC will make it, but might be a long winter",4736.0,1795.0,25123.0,1047.0,,2022-11-14 06:36:16+00:00,True,268.0,dawallach,False,False,False,,,,"@dawallach @Jason BTC will make it, but might be a long winter",reply,,0.1885125184094256,0.0714484735103291,6,0,False,True,positive,0.4,['btc'],"[""BTC""]",market_commentary,True,hold,,BTC,16307.47,16592.04,16592.04,16592.04,16879.14,15760.19,1384247874.05,0.0,1.730347805333151,-5.013548665504666
1579972303647301632,And you can pay with Doge!,2343.0,2407.0,33975.0,343.0,,2022-10-11 23:08:46+00:00,True,47.0,elonmusk,False,False,False,,,,And you can pay with Doge!,reply,,0.068962472406181,0.0708462104488594,23,1,False,True,positive,0.7,['doge'],"[""DOGE""]",payment_adoption,True,buy,,DOGE,0.06023,0.05982,0.05982,0.05982,0.05967,0.05869,13009317.34,0.0,-0.25075225677030655,-1.889000334336341
1893811421940457812,Anyone with the attitude of that Pentagon official needs to look for a new job,7750.0,9152.0,50996.0,416.0,8770387.0,2025-02-23 23:53:22+00:00,False,1118.0,,False,True,False,"🚨 🇺🇸 FEDERAL AGENCIES CLASH OVER ELON'S PRODUCTIVITY SURVEY

Agency responses to DOGE's ""What did you do last week?"" email show deep divisions:

DOD and DHS order staff to ignore it: ""Silliest thing in 40 years,"" says Pentagon official. 

Both agencies say they'll respond through chain of command.

Social Security and HHS embrace it, directing workers to list ""impactful, mission-critical accomplishments"" by Monday deadline. 

Meanwhile, CDC and FDA employees told to wait for further guidance.

Source: CNN @DOGE",MarioNawfal,2088245.0,"[Quoting @MarioNawfal]: 🚨 🇺🇸 FEDERAL AGENCIES CLASH OVER ELON'S PRODUCTIVITY SURVEY

Agency responses to DOGE's ""What did you do last week?"" email show deep divisions:

DOD and DHS order staff to ignore it: ""Silliest thing in 40 years,"" says Pentagon official. 

Both agencies say they'll respond through chain of command.

Social Security and HHS embrace it, directing workers to list ""impactful, mission-critical accomplishments"" by Monday deadline. 

Meanwhile, CDC and FDA employees told to wait for further guidance.

Source: CNN @DOGE
[Musk]: Anyone with the attitude of that Pentagon official needs to look for a new job",quote,0.0077891659740898,0.1519727037414699,0.17946505608283,23,6,False,True,negative,-0.6,['doge'],"[""DOGE""]",criticism,False,none,disagrees,DOGE,0.2429,0.2104,0.2104,0.2104,0.2113,0.199,115816311.88,0.0,0.4277566539923879,-5.418250950570339
1893790887538262066,"This was made using @Grok. 

The standard @DOGE is asking for in a response is literally this low.

EXTREMELY troubling that some parts of government think this is TOO MUCH!!

What is wrong with them??",5582.0,11399.0,34863.0,455.0,13490621.0,2025-02-23 22:31:47+00:00,False,1443.0,,False,True,False,https://t.co/7tz2IuLeo3,elonmusk,218809737.0,"[Quoting @elonmusk]: https://t.co/7tz2IuLeo3
[Musk]: This was made using @Grok. 

The standard @DOGE is asking for in a response is literally this low.

EXTREMELY troubling that some parts of government think this is TOO MUCH!!

What is wrong with them??",quote,0.0038766932967726,0.1601124401227662,0.3269655508705504,22,6,False,True,positive,0.7,['doge'],"[""DOGE""]",regulatory,False,none,amplifying,DOGE,0.2429,0.2104,0.2104,0.2104,0.2113,0.199,115816311.88,0.0,0.4277566539923879,-5.418250950570339
1893771066641678516,Exactly,8075.0,2089.0,45475.0,103.0,13817844.0,2025-02-23 21:13:01+00:00,False,432.0,,False,True,False,They hate Elon Musk and DOGE because they cannot allow voters to know what they are doing. That is both a Republican and democratic problem because if the voters know what they are doing they will be horrified and never elect  these people into office again.,DefiyantlyFree,935210.0,"[Quoting @DefiyantlyFree]: They hate Elon Musk and DOGE because they cannot allow voters to know what they are doing. That is both a Republican and democratic problem because if the voters know what they are doing they will be horrified and never elect  these people into office again.
[Musk]: Exactly",quote,0.004034059148446,0.1775700934579439,0.0459373282023089,21,6,False,True,positive,0.7,['doge'],"[""DOGE""]",endorsement,False,none,agrees,DOGE,0.2429,0.2104,0.2104,0.2104,0.2113,0.199,115816311.88,0.0,0.4277566539923879,-5.418250950570339
1893754107254477247,Correct,4278.0,3073.0,33836.0,123.0,17175553.0,2025-02-23 20:05:38+00:00,False,493.0,,False,True,False,"Elon / DOGE sends mass email asking for successes.

The dragnet isn't only to cover waste.

This is how you find high performers.

Ambitious people stuck under middle managers are salivating.

For them, this email is an AUDITION. Their big chance to impress the big boss.",Cernovich,1395944.0,"[Quoting @Cernovich]: Elon / DOGE sends mass email asking for successes.

The dragnet isn't only to cover waste.

This is how you find high performers.

Ambitious people stuck under middle managers are salivating.

For them, this email is an AUDITION. Their big chance to impress the big boss.
[Musk]: Correct",quote,0.0024051627333338,0.1264333845608228,0.0908204279465658,20,6,False,True,positive,0.6,['doge'],"[""DOGE""]",endorsement,False,none,agrees,DOGE,0.2429,0.2104,0.2104,0.2104,0.2113,0.199,115816311.88,0.0,0.4277566539923879,-5.418250950570339
1893681041577042214,Crucial or California will go bankrupt,15079.0,7633.0,112036.0,668.0,25022671.0,2025-02-23 15:15:17+00:00,False,1211.0,,False,True,False,"We need @DOGE California. 

ASAP, please. @elonmusk",RichardGrenell,1761528.0,"[Quoting @RichardGrenell]: We need @DOGE California. 

ASAP, please. @elonmusk
[Musk]: Crucial or California will go bankrupt",quote,0.0054117324245681,0.1345906672855153,0.0681298868220929,15,6,False,True,positive,0.7,['doge'],"[""DOGE""]",endorsement,False,none,agrees,DOGE,0.2429,0.2104,0.2104,0.2104,0.2113,0.199,115816311.88,0.0,0.4277566539923879,-5.418250950570339
1893669748405080313,"As many people have said, why pay terrorist organizations and certain countries to hate us when they’re perfectly willing to do it for free?",44114.0,18692.0,142673.0,1715.0,12026929.0,2025-02-23 14:30:25+00:00,False,7114.0,,False,True,False,"Are you ready to have your mind blown?

USAID has given a total of… wait for it…

$164,749,304.99 to terrorist linked organizations. 

ONE HUNDRED SIXTY-FIVE MILLION

Thank goodness @DOGE came along and discovered all of this insanity. https://t.co/06CaMWnkNx",james_jinnette1,19064.0,"[Quoting @james_jinnette1]: Are you ready to have your mind blown?

USAID has given a total of… wait for it…

$164,749,304.99 to terrorist linked organizations. 

ONE HUNDRED SIXTY-FIVE MILLION

Thank goodness @DOGE came along and discovered all of this insanity. https://t.co/06CaMWnkNx
[Musk]: As many people have said, why pay terrorist organizations and certain countries to hate us when they’re perfectly willing to do it for free?",quote,0.0172275067059928,0.3091965543585682,0.131012875596644,14,6,False,True,positive,0.6,['doge'],"[""DOGE""]",endorsement,False,none,agrees,DOGE,0.2429,0.2104,0.2104,0.2104,0.2113,0.199,115816311.88,0.0,0.4277566539923879,-5.418250950570339
1893494790496624825,This will be fun 🚀🚀,9959.0,4897.0,85641.0,341.0,29240604.0,2025-02-23 02:55:12+00:00,False,744.0,,False,True,False,"Trump tells CPAC he is going to Fort Knox with Elon Musk to search for the gold

https://t.co/W5iPYHNFJS",JackPosobiec,3077744.0,"[Quoting @JackPosobiec]: Trump tells CPAC he is going to Fort Knox with Elon Musk to search for the gold

https://t.co/W5iPYHNFJS
[Musk]: This will be fun 🚀🚀",quote,0.0034485607752835,0.1162877593675926,0.0571805560420826,2,6,False,True,neutral,0.1,['🚀'],[],none,False,none,amplifying,DOGE,0.2466,0.2429,0.2429,0.2429,0.2104,0.2394,24125448.63,0.0,-13.379991766158913,-1.4409221902017304
1893435935947206702,@BasedMikeLee Maybe FAFO can be the enforcement arm of @DOGE,1418.0,823.0,15086.0,119.0,170550.0,2025-02-22 23:01:20+00:00,True,192.0,BasedMikeLee,False,False,False,,,,@BasedMikeLee Maybe FAFO can be the enforcement arm of @DOGE,reply,0.1022925828202873,0.0939944319236378,0.0545538910247912,23,5,False,True,neutral,0.0,['doge'],"[""DOGE""]",none,False,none,,DOGE,0.2466,0.2429,0.2429,0.2429,0.2104,0.2394,24125448.63,0.0,-13.379991766158913,-1.4409221902017304
1893430057919475783,The @DOGE alt 😂,30337.0,10577.0,182853.0,1775.0,15363413.0,2025-02-22 22:37:58+00:00,False,5253.0,,False,True,False,"@elonmusk D.O.G.E should be renamed to Federal Agency for Financial Oversight… or simply, F.A.F.O https://t.co/EnoAElWqMz",RightAndProudRU,4043.0,"[Quoting @RightAndProudRU]: @elonmusk D.O.G.E should be renamed to Federal Agency for Financial Oversight… or simply, F.A.F.O https://t.co/EnoAElWqMz
[Musk]: The @DOGE alt 😂",quote,0.0146804619520415,0.1659092276309385,0.0578442792844525,22,5,False,True,positive,0.4,['doge'],"[""DOGE""]",meme_joke,False,none,mocking,DOGE,0.2466,0.2429,0.2429,0.2429,0.2104,0.2394,24125448.63,0.0,-13.379991766158913,-1.4409221902017304
1893393507575902215,"Parag got nothing done. 

Parag was fired.",7837.0,2461.0,56244.0,354.0,10818050.0,2025-02-22 20:12:44+00:00,False,2294.0,,False,True,False,DOGE: Almost three years ago Elon Musk asked Parag Agrawal what he got done last week. Now he's asking every federal worker the same question.,amuse,562136.0,"[Quoting @amuse]: DOGE: Almost three years ago Elon Musk asked Parag Agrawal what he got done last week. Now he's asking every federal worker the same question.
[Musk]: Parag got nothing done. 

Parag was fired.",quote,0.006183739213629,0.1393393073038902,0.0437557783941398,20,5,False,True,positive,0.4,['doge'],"[""DOGE""]",endorsement,True,buy,amplifying,DOGE,0.2466,0.2429,0.2429,0.2429,0.2104,0.2394,24125448.63,0.0,-13.379991766158913,-1.4409221902017304
1893379949672731097,"Cool, rapid evolution of 3D game creation using @Grok!",2284.0,1544.0,15904.0,96.0,4348882.0,2025-02-22 19:18:51+00:00,False,1516.0,,False,True,False,"🚀 I built one of the first 3D single &amp; multiplayer game with Grok 3! Think 3D movement, raycasted worlds. Here’s the journey https://t.co/m122lFipSW",Daniel_Farinax,2050.0,"[Quoting @Daniel_Farinax]: 🚀 I built one of the first 3D single &amp; multiplayer game with Grok 3! Think 3D movement, raycasted worlds. Here’s the journey https://t.co/m122lFipSW
[Musk]: Cool, rapid evolution of 3D game creation using @Grok!",quote,0.0045593327204555,0.1436116700201207,0.0970824949698189,19,5,False,True,positive,0.6,['🚀'],[],none,False,none,agrees,DOGE,0.2466,0.2429,0.2429,0.2429,0.2104,0.2394,24125448.63,0.0,-13.379991766158913,-1.4409221902017304
1893042647813546239,The world will be better for this,55262.0,11628.0,326784.0,1561.0,32161814.0,2025-02-21 20:58:32+00:00,False,4649.0,,False,True,False,"🚨 #BREAKING: President Trump and DOGE can now DISMANTLE USAID, a federal judge has just ruled

The gravy train is OVER! 🔥 https://t.co/5Z2NLe0BeL",nicksortor,819038.0,"[Quoting @nicksortor]: 🚨 #BREAKING: President Trump and DOGE can now DISMANTLE USAID, a federal judge has just ruled

The gravy train is OVER! 🔥 https://t.co/5Z2NLe0BeL
[Musk]: The world will be better for this",quote,0.012288952358222,0.1691086466901684,0.0355831374853113,20,4,True,True,positive,0.7,['doge'],"[""DOGE""]",regulatory,False,none,agrees,DOGE,0.2395,0.2466,0.2466,0.2466,0.2429,0.2067,35646164.11,0.0,-1.5004055150040587,-16.180048661800495
1892842450370142405,Restoring solvency to America is essential to protect Social Security &amp; medical care,7936.0,4806.0,42452.0,282.0,5739338.0,2025-02-21 07:43:02+00:00,False,748.0,,False,True,False,"Elon Musk: DOGE will save Medicare and Social Security.

“The actions that we're taking [with DOGE] with the support of the President and the support of the agencies are what will save Medicare, what will save Social Security. Because if the country goes insolvent—if all the money is just spent on paying interest on debt—there's no money left for anything. 

That's the reason I'm doing this. I was looking at the big picture here and saw that our debt's getting out of control. 

A country is not different from a person. If the country overspends, the country goes bankrupt, just like if a person overspends, goes bankrupt. 

So, it's not optional to solve these things. It's essential.”

CPAC, February 20, 2025",ElonClipsX,148889.0,"[Quoting @ElonClipsX]: Elon Musk: DOGE will save Medicare and Social Security.

“The actions that we're taking [with DOGE] with the support of the President and the support of the agencies are what will save Medicare, what will save Social Security. Because if the country goes insolvent—if all the money is just spent on paying interest on debt—there's no money left for anything. 

That's the reason I'm doing this. I was looking at the big picture here and saw that our debt's getting out of control. 

A country is not different from a person. If the country overspends, the country goes bankrupt, just like if a person overspends, goes bankrupt. 

So, it's not optional to solve these things. It's essential.”

CPAC, February 20, 2025
[Musk]: Restoring solvency to America is essential to protect Social Security &amp; medical care",quote,0.0096659231430523,0.1869405446150946,0.1132102138886271,7,4,False,True,positive,0.7,['doge'],"[""DOGE""]",endorsement,True,buy,agrees,DOGE,0.2548,0.2395,0.2395,0.2395,0.2466,0.2017,77924102.05,0.0,2.9645093945720347,-15.782881002087684
1892841546577215732,Fraudsters complain the loudest,10251.0,4985.0,54085.0,423.0,6790638.0,2025-02-21 07:39:26+00:00,False,858.0,,False,True,False,"Elon Musk: The fraudsters show the most amount of righteous indignation.

Sean Hannity: “Why this rage against you now? First they hated President Trump, now they hate both of you.”

Elon: “I think we're seeing an antibody reaction [against DOGE] from those who are receiving the wasteful and fraudulent money. 

I'll tell you a lesson I learned at PayPal. You know who complained the loudest and the quickest and with the most amount of righteous indignation? The fraudsters. 

That's who complained first, loudest, and they would generally have this immense overreaction. That's how we knew they were the fraudsters.”

Fox News, February 19, 2025",ElonClipsX,148889.0,"[Quoting @ElonClipsX]: Elon Musk: The fraudsters show the most amount of righteous indignation.

Sean Hannity: “Why this rage against you now? First they hated President Trump, now they hate both of you.”

Elon: “I think we're seeing an antibody reaction [against DOGE] from those who are receiving the wasteful and fraudulent money. 

I'll tell you a lesson I learned at PayPal. You know who complained the loudest and the quickest and with the most amount of righteous indignation? The fraudsters. 

That's who complained first, loudest, and they would generally have this immense overreaction. That's how we knew they were the fraudsters.”

Fox News, February 19, 2025
[Musk]: Fraudsters complain the loudest",quote,0.0102706108026963,0.1895349912175279,0.092169732827956,7,4,False,True,positive,0.6,['doge'],"[""DOGE""]",endorsement,True,buy,amplifying,DOGE,0.2548,0.2395,0.2395,0.2395,0.2466,0.2017,77924102.05,0.0,2.9645093945720347,-15.782881002087684
1892788020039860406,The Spoils of Battle!!,6392.0,5500.0,46935.0,349.0,8874521.0,2025-02-21 04:06:44+00:00,False,1148.0,,False,True,False,"🚨NEW: Elon Musk says the ""DOGE Dividend"" checks are coming

""It's money taken away from things that are destructive to this country and from organization who hate you, to you. It's glorious. The spoils of battle! It sounds like this is something we're going to do."" https://t.co/gED2Ijx5EA",AutismCapital,809494.0,"[Quoting @AutismCapital]: 🚨NEW: Elon Musk says the ""DOGE Dividend"" checks are coming

""It's money taken away from things that are destructive to this country and from organization who hate you, to you. It's glorious. The spoils of battle! It sounds like this is something we're going to do."" https://t.co/gED2Ijx5EA
[Musk]: The Spoils of Battle!!",quote,0.0066680781982486,0.1361883455843187,0.1171833386598487,4,4,False,True,positive,0.8,['doge'],"[""DOGE""]",endorsement,True,buy,agrees,DOGE,0.2548,0.2395,0.2395,0.2395,0.2466,0.2017,77924102.05,0.0,2.9645093945720347,-15.782881002087684
1892781703317389345,I am become meme,20147.0,16847.0,189282.0,1476.0,29108018.0,2025-02-21 03:41:38+00:00,False,5188.0,,False,True,False,Elon Musk re-created his DOGE A.I. avatar in real-life today. https://t.co/mvqH7k47T4,cb_doge,1298197.0,"[Quoting @cb_doge]: Elon Musk re-created his DOGE A.I. avatar in real-life today. https://t.co/mvqH7k47T4
[Musk]: I am become meme",quote,0.0078243733393321,0.1064390697477837,0.0890047653765281,3,4,False,True,positive,0.7,['doge'],"[""DOGE""]",meme_joke,False,none,amplifying,DOGE,0.2548,0.2395,0.2395,0.2395,0.2466,0.2017,77924102.05,0.0,2.9645093945720347,-15.782881002087684
1892628076057485555,Cool,3472.0,1911.0,18199.0,77.0,5239548.0,2025-02-20 17:31:11+00:00,False,5825.0,,False,True,False,"since so many people asked, here's a Grok 3 tutorial for building your own video game IN MINUTES and needing exactly ZERO programming knowledge

(I promise you Grok makes it that easy)

introducing DOGE DEFENDER! 👾

hit me up with questions and just start Grokking! https://t.co/OhWbZbNQ1X",KettlebellDan,66058.0,"[Quoting @KettlebellDan]: since so many people asked, here's a Grok 3 tutorial for building your own video game IN MINUTES and needing exactly ZERO programming knowledge

(I promise you Grok makes it that easy)

introducing DOGE DEFENDER! 👾

hit me up with questions and just start Grokking! https://t.co/OhWbZbNQ1X
[Musk]: Cool",quote,0.0045154658378928,0.1907797131710533,0.1050057695477773,17,3,True,True,positive,0.4,['doge'],"[""DOGE""]",product_launch,False,none,agrees,DOGE,0.2548,0.2395,0.2395,0.2395,0.2466,0.2017,77924102.05,0.0,2.9645093945720347,-15.782881002087684
1892583762929549582,True,24046.0,3016.0,173312.0,397.0,30808784.0,2025-02-20 14:35:06+00:00,False,1404.0,,False,True,False,"In my lifetime, I've never seen anything expose the good guys from the bad guys more clearly than politician's reaction to DOGE.",catturd2,3569611.0,"[Quoting @catturd2]: In my lifetime, I've never seen anything expose the good guys from the bad guys more clearly than politician's reaction to DOGE.
[Musk]: True",quote,0.006516680437631,0.1387439992614475,0.0174021418020679,14,3,True,True,positive,0.7,['doge'],"[""DOGE""]",endorsement,False,none,agrees,DOGE,0.2548,0.2395,0.2395,0.2395,0.2466,0.2017,77924102.05,0.0,2.9645093945720347,-15.782881002087684
1892580165789667420,"Legacy media are mostly just puppets, with massive influence by the state. 

The amount of money that @DOGE is discovering going from government to fake “independent” media is shocking.",16223.0,3459.0,64983.0,420.0,7806472.0,2025-02-20 14:20:48+00:00,False,1360.0,,False,True,False,"People in corporate media have zero -- I mean, zero -- knowledge of pre-2017 US history.

Do they not know the US has long allied with, funded and installed many of the planet's most repressive tyrants: Saudi, Egypt, Indonesia, etc?

Obama partnered with Russia in Syria: https://t.co/4Ew09W7Ofo",ggreenwald,2292045.0,"[Quoting @ggreenwald]: People in corporate media have zero -- I mean, zero -- knowledge of pre-2017 US history.

Do they not know the US has long allied with, funded and installed many of the planet's most repressive tyrants: Saudi, Egypt, Indonesia, etc?

Obama partnered with Russia in Syria: https://t.co/4Ew09W7Ofo
[Musk]: Legacy media are mostly just puppets, with massive influence by the state. 

The amount of money that @DOGE is discovering going from government to fake “independent” media is shocking.",quote,0.0108992897175574,0.2496499084375913,0.0532293061262176,14,3,False,True,neutral,0.0,['doge'],"[""DOGE""]",none,False,none,agrees,DOGE,0.2548,0.2395,0.2395,0.2395,0.2466,0.2017,77924102.05,0.0,2.9645093945720347,-15.782881002087684
1892570731143221393,@BryanDGriffin @DOGE @GovRonDeSantis @NASA A whole new NASA building in DC makes no sense,98.0,113.0,1021.0,14.0,23720.0,2025-02-20 13:43:19+00:00,True,14.0,BryanDGriffin,False,False,False,,,,@BryanDGriffin @DOGE @GovRonDeSantis @NASA A whole new NASA building in DC makes no sense,reply,0.0525295109612141,0.0959843290891283,0.1106758080313418,13,3,False,True,neutral,0.0,['doge'],"[""DOGE""]",none,False,none,,DOGE,0.2548,0.2395,0.2395,0.2395,0.2466,0.2017,77924102.05,0.0,2.9645093945720347,-15.782881002087684
1892425272294543674,So crazy!,25703.0,4068.0,77685.0,470.0,7474386.0,2025-02-20 04:05:19+00:00,False,2662.0,,False,True,False,"🚨🇺🇸 $149 BILLION MISSING: THE WASTE DOGE IS HUNTING

The numbers are staggering: $149 billion in improper government payments last year alone. 

That's enough to fund NASA for seven years or build 15 aircraft carriers.

Medicare and Medicaid lead the pack with over $60 billion in misspent funds, followed by tax credits ($20+ billion) and food assistance ($10+ billion). 

These aren't just accounting errors—they represent a fundamental failure of government oversight.

Most revealing is what happens after improper payments are discovered. 

Of $33.5 billion identified as potentially recoverable in 2024, agencies managed to claw back just $22.6 billion. 

The rest evaporates into bureaucratic limbo.

Critics claim DOGE is overreaching by targeting agencies like USAID, but the data shows waste pervades our largest programs. 

While some improper payments are legitimate mistakes, the system's inability to prevent them year after year suggests deeper institutional problems.

The waste continues because it serves the bureaucracy. 

Without DOGE's intervention, next year's report would show the same failures with different numbers.

Source: WSJ @elonmusk @DOGE",MarioNawfal,2088348.0,"[Quoting @MarioNawfal]: 🚨🇺🇸 $149 BILLION MISSING: THE WASTE DOGE IS HUNTING

The numbers are staggering: $149 billion in improper government payments last year alone. 

That's enough to fund NASA for seven years or build 15 aircraft carriers.

Medicare and Medicaid lead the pack with over $60 billion in misspent funds, followed by tax credits ($20+ billion) and food assistance ($10+ billion). 

These aren't just accounting errors—they represent a fundamental failure of government oversight.

Most revealing is what happens after improper payments are discovered. 

Of $33.5 billion identified as potentially recoverable in 2024, agencies managed to claw back just $22.6 billion. 

The rest evaporates into bureaucratic limbo.

Critics claim DOGE is overreaching by targeting agencies like USAID, but the data shows waste pervades our largest programs. 

While some improper payments are legitimate mistakes, the system's inability to prevent them year after year suggests deeper institutional problems.

The waste continues because it serves the bureaucracy. 

Without DOGE's intervention, next year's report would show the same failures with different numbers.

Source: WSJ @elonmusk @DOGE
[Musk]: So crazy!",quote,0.0144394469324971,0.3308618137349552,0.0523653214906352,4,3,False,True,positive,0.7,['doge'],"[""DOGE""]",endorsement,False,none,agrees,DOGE,0.2548,0.2548,0.2548,0.2548,0.2395,0.2067,41944888.46,0.0,-6.004709576138161,-18.877551020408173
1892416759082131733,So many scams stealing your hard-earned taxpayer money!,45623.0,16216.0,184607.0,1762.0,14510299.0,2025-02-20 03:31:29+00:00,False,3448.0,,False,True,False,"STACEY ABRAMS SCAM UNCOVERED BY DOGE?!

.@DOGE found $2 BILLION in taxpayer dollars designated for a fledgling nonprofit called ""Power Forward Communities,"" which had close ties to Democrat Stacey Abrams.

Power Forward Communities was only a few months old with just $100 in the bank when it received the $2 billion grant in 2024.

On their website, they listed partnerships with two other nonprofits, both founded by Stacey Abrams. Abrams also serves as senior counsel for Rewiring America, an organization that leads a coalition of groups including Power Forward Communities.",libsoftiktok,4288240.0,"[Quoting @libsoftiktok]: STACEY ABRAMS SCAM UNCOVERED BY DOGE?!

.@DOGE found $2 BILLION in taxpayer dollars designated for a fledgling nonprofit called ""Power Forward Communities,"" which had close ties to Democrat Stacey Abrams.

Power Forward Communities was only a few months old with just $100 in the bank when it received the $2 billion grant in 2024.

On their website, they listed partnerships with two other nonprofits, both founded by Stacey Abrams. Abrams also serves as senior counsel for Rewiring America, an organization that leads a coalition of groups including Power Forward Communities.
[Musk]: So many scams stealing your hard-earned taxpayer money!",quote,0.0171056433778518,0.2471358074179202,0.0878406560964643,3,3,False,True,negative,-0.8,['doge'],"[""DOGE""]",criticism,False,none,agrees,DOGE,0.2548,0.2548,0.2548,0.2548,0.2395,0.2067,41944888.46,0.0,-6.004709576138161,-18.877551020408173
1892413385804792307,"There ARE good people in the government who want to eliminate fraud &amp; waste.

Amazingly, Leland was fired by Social Security Administration upper management for helping @DOGE find taxpayer savings. Can you believe that??

Thanks to President Trump, Leland was brought back right",48020.0,18479.0,244394.0,2364.0,35504017.0,2025-02-20 03:18:05+00:00,False,7536.0,,False,True,False,"At 4:30pm, Leland Dudek's boss put him on leave for helping DOGE find fraud. “They want to fire me,” he wrote. ""I confess. I helped DOGE understand SSA.""

Within hours, it was his boss who was fired, and the longtime SSA waste-watcher was elevated to lead the whole agency. https://t.co/q6DcczSDaR",lukerosiak,104940.0,"[Quoting @lukerosiak]: At 4:30pm, Leland Dudek's boss put him on leave for helping DOGE find fraud. “They want to fire me,” he wrote. ""I confess. I helped DOGE understand SSA.""

Within hours, it was his boss who was fired, and the longtime SSA waste-watcher was elevated to lead the whole agency. https://t.co/q6DcczSDaR
[Musk]: There ARE good people in the government who want to eliminate fraud &amp; waste.

Amazingly, Leland was fired by Social Security Administration upper management for helping @DOGE find taxpayer savings. Can you believe that??

Thanks to President Trump, Leland was brought back right",quote,0.0088231424630063,0.1964860021113448,0.0756115125575914,3,3,False,True,positive,0.7,['doge'],"[""DOGE""]",endorsement,False,none,agrees,DOGE,0.2548,0.2548,0.2548,0.2548,0.2395,0.2067,41944888.46,0.0,-6.004709576138161,-18.877551020408173
1892337681822065023,"@catturd2 I never mentioned a specific dollar figure. 

Just said that I would see if the President wanted to consider a tax reduction linked to DOGE savings. He may or he may not.

The amount would therefore obviously be proportionate to how much savings DOGE actually achieves. More",1715.0,2032.0,11621.0,196.0,496267.0,2025-02-19 22:17:15+00:00,True,331.0,catturd2,False,False,False,,,,"@catturd2 I never mentioned a specific dollar figure. 

Just said that I would see if the President wanted to consider a tax reduction linked to DOGE savings. He may or he may not.

The amount would therefore obviously be proportionate to how much savings DOGE actually achieves. More",reply,0.031362149810485,0.1475776611307116,0.1748558643834437,22,2,False,True,positive,0.3,['doge'],"[""DOGE""]",market_commentary,False,none,,DOGE,0.2548,0.2548,0.2548,0.2548,0.2395,0.2067,41944888.46,0.0,-6.004709576138161,-18.877551020408173
1892287484987367437,The House Dems are trying to hide the biggest fraud in history,38671.0,15218.0,144094.0,1795.0,14672948.0,2025-02-19 18:57:48+00:00,False,2418.0,,False,True,False,"🚨🇺🇸 HOUSE DEMS TRY TO KILL ELON’S DOGE PROGRAM—NEED JUST 3 GOP DEFECTORS

House Democrats are trying to shut down DOGE by pushing the Taxpayer Data Protection Act, which would block DOGE from accessing IRS records to root out waste and fraud.

They’re desperately hunting for three House Republicans to flip, targeting Reps. Mike Lawler (R-NY), Brian Fitzpatrick (R-PA), and Don Bacon (R-NE) to help them block Elon’s reforms.

While Democrats fear an “unelected billionaire” making government more efficient, Republicans argue that DOGE is essential to tackling the $36 trillion national debt and holding Washington accountable.

Source: Fox News Digital",MarioNawfal,2088348.0,"[Quoting @MarioNawfal]: 🚨🇺🇸 HOUSE DEMS TRY TO KILL ELON’S DOGE PROGRAM—NEED JUST 3 GOP DEFECTORS

House Democrats are trying to shut down DOGE by pushing the Taxpayer Data Protection Act, which would block DOGE from accessing IRS records to root out waste and fraud.

They’re desperately hunting for three House Republicans to flip, targeting Reps. Mike Lawler (R-NY), Brian Fitzpatrick (R-PA), and Don Bacon (R-NE) to help them block Elon’s reforms.

While Democrats fear an “unelected billionaire” making government more efficient, Republicans argue that DOGE is essential to tackling the $36 trillion national debt and holding Washington accountable.

Source: Fox News Digital
[Musk]: The House Dems are trying to hide the biggest fraud in history",quote,0.0136153961698767,0.2683734229044929,0.105611614640443,18,2,True,True,negative,-0.7,['doge'],"[""DOGE""]",regulatory,False,none,amplifying,DOGE,0.2548,0.2548,0.2548,0.2548,0.2395,0.2067,41944888.46,0.0,-6.004709576138161,-18.877551020408173
1892101377037418628,They are hiding the biggest fraud ever,21002.0,4686.0,86775.0,475.0,8562020.0,2025-02-19 06:38:16+00:00,False,1674.0,,False,True,False,"FOX NEWS HOST: WHAT ARE DOGE OPPONENTS HIDING?

Stuart Varney:

“Elon Musk is searching up and down the federal bureaucracy. 

He's looking for fraud and waste. 

There's a lot of opposition to this. 

Countless lawsuits have been filed. 

Which begs another question, what are they hiding?”

Source: Fox News, February 18, 2025",MarioNawfal,2088245.0,"[Quoting @MarioNawfal]: FOX NEWS HOST: WHAT ARE DOGE OPPONENTS HIDING?

Stuart Varney:

“Elon Musk is searching up and down the federal bureaucracy. 

He's looking for fraud and waste. 

There's a lot of opposition to this. 

Countless lawsuits have been filed. 

Which begs another question, what are they hiding?”

Source: Fox News, February 18, 2025
[Musk]: They are hiding the biggest fraud ever",quote,0.0131905788587272,0.2420282339383463,0.0540017286084701,6,2,False,True,positive,0.7,['doge'],"[""DOGE""]",endorsement,True,buy,amplifying,DOGE,0.2512,0.2548,0.2548,0.2548,0.2548,0.2032,43788372.37,0.0,0.0,-20.25117739403455
1892079394308428067,"@DanTalks1 We should take the set of actions most likely to maximize the lifespan and scale of conscious. 

If it means solving government issues, then that’s what we must do. 

That is the foundational logic to @DOGE.",342.0,239.0,7557.0,32.0,84422.0,2025-02-19 05:10:55+00:00,True,248.0,DanTalks1,False,False,False,,,,"@DanTalks1 We should take the set of actions most likely to maximize the lifespan and scale of conscious. 

If it means solving government issues, then that’s what we must do. 

That is the foundational logic to @DOGE.",reply,0.0967757219682073,0.0452560539896784,0.031626306735477,5,2,False,True,positive,0.7,['doge'],"[""DOGE""]",endorsement,True,buy,,DOGE,0.2512,0.2548,0.2548,0.2548,0.2548,0.2032,43788372.37,0.0,0.0,-20.25117739403455
1892057127880982747,So unfair 😂,45581.0,28548.0,278061.0,2630.0,24233395.0,2025-02-19 03:42:26+00:00,False,4134.0,,False,True,False,DOGE: Has @doge gone too far? Elon Musk is cutting off everyone over 150 years old from Social Security. These people survived the Civil War and Elon is just going to cut them off? 😂 https://t.co/SmKwphdFNU,amuse,562139.0,"[Quoting @amuse]: DOGE: Has @doge gone too far? Elon Musk is cutting off everyone over 150 years old from Social Security. These people survived the Civil War and Elon is just going to cut them off? 😂 https://t.co/SmKwphdFNU
[Musk]: So unfair 😂",quote,0.0146417784218843,0.1639244626179147,0.1026681195852708,3,2,False,True,positive,0.6,['doge'],"[""DOGE""]",meme_joke,False,none,agrees,DOGE,0.2512,0.2548,0.2548,0.2548,0.2548,0.2032,43788372.37,0.0,0.0,-20.25117739403455
1891905127675466174,Good progress,40270.0,12812.0,257549.0,1457.0,35437893.0,2025-02-18 17:38:26+00:00,False,5133.0,,False,True,False,"Projected DOGE savings now near $110 billion, or over $700 per American taxpayer.

And we're just getting started... https://t.co/U2Jj77FcJv",charliekirk11,4738767.0,"[Quoting @charliekirk11]: Projected DOGE savings now near $110 billion, or over $700 per American taxpayer.

And we're just getting started... https://t.co/U2Jj77FcJv
[Musk]: Good progress",quote,0.0088066183844507,0.1563585958400149,0.0497458736007517,17,1,True,True,positive,0.6,['doge'],"[""DOGE""]",endorsement,False,none,agrees,DOGE,0.2512,0.2548,0.2548,0.2548,0.2548,0.2032,43788372.37,0.0,0.0,-20.25117739403455
1891896804243087594,"@MikeBenzCyber @FmrRepMattGaetz Heartless beasts that we are, @DOGE is indeed going to take away healthcare from dead people 😂",427.0,321.0,2945.0,27.0,62159.0,2025-02-18 17:05:22+00:00,True,46.0,MikeBenzCyber,False,False,False,,,,"@MikeBenzCyber @FmrRepMattGaetz Heartless beasts that we are, @DOGE is indeed going to take away healthcare from dead people 😂",reply,0.0598465226274554,0.1449915110356536,0.1089983022071307,17,1,True,True,positive,0.6,['doge'],"[""DOGE""]",meme_joke,False,none,,DOGE,0.2512,0.2548,0.2548,0.2548,0.2548,0.2032,43788372.37,0.0,0.0,-20.25117739403455
1891776468897718546,This will blow your mind,50620.0,13471.0,192806.0,2312.0,20292113.0,2025-02-18 09:07:12+00:00,False,20395.0,,False,True,False,"If this doesn't make your blood boil, nothing will.
Thank God for Elon Musk and DOGE! https://t.co/yGmiWwArL6",LangmanVince,309206.0,"[Quoting @LangmanVince]: If this doesn't make your blood boil, nothing will.
Thank God for Elon Musk and DOGE! https://t.co/yGmiWwArL6
[Musk]: This will blow your mind",quote,0.0127738791913883,0.262543696772922,0.0698681576299492,9,1,False,True,positive,0.8,['doge'],"[""DOGE""]",endorsement,True,buy,amplifying,DOGE,0.2582,0.2512,0.2512,0.2512,0.2548,0.2113,102032144.47,0.0,1.4331210191082993,-15.883757961783438
1891647975790661818,AP stands for Associated Propaganda!,15249.0,3588.0,101185.0,341.0,38502787.0,2025-02-18 00:36:37+00:00,False,897.0,,False,True,False,"More fake news from the @AP 

1. DOGE doesn’t even have a Facebook page 

2. No air traffic controllers nor any professionals who perform safety critical functions were terminated",PressSec,935408.0,"[Quoting @PressSec]: More fake news from the @AP 

1. DOGE doesn’t even have a Facebook page 

2. No air traffic controllers nor any professionals who perform safety critical functions were terminated
[Musk]: AP stands for Associated Propaganda!",quote,0.0031260853922081,0.1507041557543114,0.0354598013539556,0,1,False,True,negative,-0.7,['doge'],"[""DOGE""]",criticism,False,none,mocking,DOGE,0.2582,0.2512,0.2512,0.2512,0.2548,0.2113,102032144.47,0.0,1.4331210191082993,-15.883757961783438
1891645935559569616,"@MarioNawfal @DOGE There is no DOGE Facebook page. 

Associated Propaganda is lying.",624.0,286.0,3643.0,22.0,89882.0,2025-02-18 00:28:30+00:00,True,53.0,MarioNawfal,False,False,False,,,,"@MarioNawfal @DOGE There is no DOGE Facebook page. 

Associated Propaganda is lying.",reply,0.0509000689793284,0.1712874004940982,0.0785067252264617,0,1,False,True,negative,-0.7,['doge'],"[""DOGE""]",criticism,False,none,,DOGE,0.2582,0.2512,0.2512,0.2512,0.2548,0.2113,102032144.47,0.0,1.4331210191082993,-15.883757961783438
1891623317603324271,"Major improvement in Treasury payment integrity going live!

This was a combined effort of @DOGE, @USTreasury and @FederalReserve. Nice work by all.",17020.0,3634.0,95094.0,500.0,14668857.0,2025-02-17 22:58:38+00:00,False,1948.0,,False,True,False,"The Treasury Access Symbol (TAS) is an identification code linking a Treasury payment to a budget line item (standard financial process).

In the Federal Government, the TAS field was optional for ~$4.7 Trillion in payments and was often left blank, making traceability almost impossible. As of Saturday, this is now a required field, increasing insight into where money is actually going.  Thanks to @USTreasury for the great work. 

https://t.co/6dsKaArfM8",DOGE,4505665.0,"[Quoting @DOGE]: The Treasury Access Symbol (TAS) is an identification code linking a Treasury payment to a budget line item (standard financial process).

In the Federal Government, the TAS field was optional for ~$4.7 Trillion in payments and was often left blank, making traceability almost impossible. As of Saturday, this is now a required field, increasing insight into where money is actually going.  Thanks to @USTreasury for the great work. 

https://t.co/6dsKaArfM8
[Musk]: Major improvement in Treasury payment integrity going live!

This was a combined effort of @DOGE, @USTreasury and @FederalReserve. Nice work by all.",quote,0.0079248165006994,0.1789807979472942,0.038214819021179,22,0,False,True,positive,0.8,['doge'],"[""DOGE""]",regulatory,False,none,agrees,DOGE,0.2582,0.2512,0.2512,0.2512,0.2548,0.2113,102032144.47,0.0,1.4331210191082993,-15.883757961783438
1891600860079157324,"My rough estimate is that it’s ~80% lack of competence/caring and ~20% fraud. 

But that’s still a lot of fraud!",11862.0,5063.0,92158.0,406.0,24287380.0,2025-02-17 21:29:23+00:00,False,1468.0,,False,True,False,"DOGE keeps putting common sense on trial. 

Why?

Because it pits common sense vs the justification for errors of this scale.

There are only a few root causes of what they are uncovering:

1) Technical incompetence - critical systems should be maintained for accuracy. The reason they are not - especially something as important as this is because the maintenance is farmed out in huge contracts to third parties who are technically incompetent. 

2) Logical illiteracy - when building products, most of us would demand both detailed PRDs and detailed QA so edge cases are handled logically. The fact that this cruft builds up speaks to no oversight and logical illiteracy. 

3) Nefarious fraud - if it’s not technical incompetence or logical illiteracy, then it’s fraud. Plain and simple. 

Who support these three justifications as reasonable?",chamath,1842765.0,"[Quoting @chamath]: DOGE keeps putting common sense on trial. 

Why?

Because it pits common sense vs the justification for errors of this scale.

There are only a few root causes of what they are uncovering:

1) Technical incompetence - critical systems should be maintained for accuracy. The reason they are not - especially something as important as this is because the maintenance is farmed out in huge contracts to third parties who are technically incompetent. 

2) Logical illiteracy - when building products, most of us would demand both detailed PRDs and detailed QA so edge cases are handled logically. The fact that this cruft builds up speaks to no oversight and logical illiteracy. 

3) Nefarious fraud - if it’s not technical incompetence or logical illiteracy, then it’s fraud. Plain and simple. 

Who support these three justifications as reasonable?
[Musk]: My rough estimate is that it’s ~80% lack of competence/caring and ~20% fraud. 

But that’s still a lot of fraud!",quote,0.00450806138826,0.1287137307667267,0.0549382582087284,21,0,False,True,positive,0.6,['doge'],"[""DOGE""]",endorsement,False,none,agrees,DOGE,0.2582,0.2512,0.2512,0.2512,0.2548,0.2113,102032144.47,0.0,1.4331210191082993,-15.883757961783438
1891553005616451591,"What @DOGE is doing is similar to Clinton/Gore Dem policies of the 1990s.

The current Dem party has just gone so crazy far left that it isn’t recognizable anymore!",19448.0,5311.0,83635.0,666.0,8775285.0,2025-02-17 18:19:14+00:00,False,4203.0,,False,True,False,"In the 1990s, President Bill Clinton and Vice President Al Gore took on a challenge that few politicians dared to confront: cutting the size of the federal government.

Facing a ballooning deficit and mounting inefficiencies, Clinton announced an ambitious plan to slash wasteful spending, shrink bureaucracy, and rein in government overreach. He signed an executive order eliminating 100,000 federal jobs, a 12% cut in administrative costs, and the consolidation or termination of hundreds of outdated programs.

One of his biggest warnings? If wasteful spending wasn’t controlled, the federal deficit would soar to $650 billion per year by the early 2000s, with a growing share of tax dollars going toward interest payments on debt instead of public investment.

Fast forward to today. In 2024, the federal deficit stands at $1.83 trillion—nearly triple Clinton’s worst-case scenario. Interest on the debt alone has reached $880 billion, consuming an ever-larger portion of the national budget.

Clinton’s reforms worked during his presidency. The federal workforce shrank by 380,000 federal jobs—a 16% decrease. Programs were streamlined, waste was reduced, and deficits were brought under control. 

Yet, decades later—after the War on Terror, the 2008 financial crisis, and COVID-19—government spending has soared once again, bureaucracy has expanded, and the national debt has reached historic highs. 

Now, history is repeating itself. President Trump has appointed Elon Musk, widely regarded as the world's most successful CEO and technologist, to lead efforts to streamline the government and restore fiscal responsibility.

For the sake of America, I hope the Democratic Party and the corporate media can set aside their irrational opposition and support DOGE, just as they once backed Bill Clinton and Al Gore.",KanekoaTheGreat,1063725.0,"[Quoting @KanekoaTheGreat]: In the 1990s, President Bill Clinton and Vice President Al Gore took on a challenge that few politicians dared to confront: cutting the size of the federal government.

Facing a ballooning deficit and mounting inefficiencies, Clinton announced an ambitious plan to slash wasteful spending, shrink bureaucracy, and rein in government overreach. He signed an executive order eliminating 100,000 federal jobs, a 12% cut in administrative costs, and the consolidation or termination of hundreds of outdated programs.

One of his biggest warnings? If wasteful spending wasn’t controlled, the federal deficit would soar to $650 billion per year by the early 2000s, with a growing share of tax dollars going toward interest payments on debt instead of public investment.

Fast forward to today. In 2024, the federal deficit stands at $1.83 trillion—nearly triple Clinton’s worst-case scenario. Interest on the debt alone has reached $880 billion, consuming an ever-larger portion of the national budget.

Clinton’s reforms worked during his presidency. The federal workforce shrank by 380,000 federal jobs—a 16% decrease. Programs were streamlined, waste was reduced, and deficits were brought under control. 

Yet, decades later—after the War on Terror, the 2008 financial crisis, and COVID-19—government spending has soared once again, bureaucracy has expanded, and the national debt has reached historic highs. 

Now, history is repeating itself. President Trump has appointed Elon Musk, widely regarded as the world's most successful CEO and technologist, to lead efforts to streamline the government and restore fiscal responsibility.

For the sake of America, I hope the Democratic Party and the corporate media can set aside their irrational opposition and support DOGE, just as they once backed Bill Clinton and Al Gore.
[Musk]: What @DOGE is doing is similar to Clinton/Gore Dem policies of the 1990s.

The current Dem party has just gone so crazy far left that it isn’t recognizable anymore!",quote,0.01242808638124,0.2325342261015125,0.0635021223172117,18,0,True,True,positive,0.6,['doge'],"[""DOGE""]",endorsement,True,buy,agrees,DOGE,0.2582,0.2512,0.2512,0.2512,0.2548,0.2113,102032144.47,0.0,1.4331210191082993,-15.883757961783438
1891538625885618674,More of your tax dollars saved,21937.0,7532.0,138473.0,581.0,13995734.0,2025-02-17 17:22:06+00:00,False,1317.0,,False,True,False,"🇺🇸 DOGE AXES OVER $370M IN DEI FUNDING FROM EDUCATION BUDGET - IN 48 HOURS

In a swift 2-day operation, @DOGE  terminated 70 DEI training grants, totaling $373 million

DOGE's actions echo their recent announcement of slashing 89 DOE contracts worth $881 million, including over $100 million in DEI grants.

This comes on the heels of the Education Department's stern warning to all 50 states to ditch DEI policies within 14 days or lose federal funding, citing the illegality of racial discrimination under Supreme Court precedent.

Source: FOX News",MarioNawfal,2088348.0,"[Quoting @MarioNawfal]: 🇺🇸 DOGE AXES OVER $370M IN DEI FUNDING FROM EDUCATION BUDGET - IN 48 HOURS

In a swift 2-day operation, @DOGE  terminated 70 DEI training grants, totaling $373 million

DOGE's actions echo their recent announcement of slashing 89 DOE contracts worth $881 million, including over $100 million in DEI grants.

This comes on the heels of the Education Department's stern warning to all 50 states to ditch DEI policies within 14 days or lose federal funding, citing the illegality of racial discrimination under Supreme Court precedent.

Source: FOX News
[Musk]: More of your tax dollars saved",quote,0.0120410262155596,0.1584207751691665,0.0543932752233287,17,0,True,True,positive,0.7,['doge'],"[""DOGE""]",endorsement,False,none,agrees,DOGE,0.2582,0.2512,0.2512,0.2512,0.2548,0.2113,102032144.47,0.0,1.4331210191082993,-15.883757961783438
1891526243104809413,Where is Norm Eisen getting all money from? Maybe the Internet can tell us 🤔,11138.0,2065.0,45589.0,214.0,9545262.0,2025-02-17 16:32:53+00:00,False,976.0,,False,True,False,"Most are aware of Norm Eisen but not everyone is aware of just how pervasive Eisen (and his legal attacks) have been - and how he's weaved his way through all the major events of the last eight years.

After Ben Wittes first invoked the use of Lawfare against Trump (a month before the 2016 election), Eisen responded by ramping up his legal efforts at Brookings - and soon became the effective outside legal counsel for Mueller’s special counsel investigation. Eisen even developed specific legal strategies for Mueller to use. 

Before Mueller's report was even released Eisen shifted seamlessly to impeachment counsel for House Dems - where he drafted ten different articles of impeachment against Trump. All of which were written a month before Pelosi announced an official impeachment inquiry into Trump.

Eisen continued his work - re-aligning with CREW (he was co-founder).  Eisen also participated in and directed pre-election wargames that mysteriously predicted the election outcome with eerie precision.

Eisen was also working with another longtime collaborator, Michael Podhorzer, on Dem efforts in the 2020 election. Podhorzer has been called the Architect of the 2020 election.

Eisen then moved on to seemingly direct all the legal cases against Trump. Eisen appears to have written (on background) many of the drafts for Fani Willis - and developed many of the strategic attacks for Jack Smith.

It’s not us saying this. Eisen’s published multiple volumes on each section I’ve mentioned through Brookings Institute whee he’s a senior fellow.   

Eisen’s also directly tied in - and working with - Mary McCord and her lawfare group at Georgetown.  They reportedly meet weekly by phone - and their group includes all the msnbc legal talking heads.

A known area of specific focus is restricting Trump's use of the Insurrection Act to quell violent protests & riots. 

Eisen also has a new working group called State Democracy Defenders Action acting in conjunction with his lawfare partners and most of the media’s legal talking heads. And it looks like they're trying to push a Color Revolution in response to Trump’s new presidency.

Eisen has recently been bragging on MSNBC about his role in getting an activist judge to temporarily rule against DOGE.

So beyond the obvious questions surrounding Eisen, who has been paying for all these legal attacks?",themarketswork,243921.0,"[Quoting @themarketswork]: Most are aware of Norm Eisen but not everyone is aware of just how pervasive Eisen (and his legal attacks) have been - and how he's weaved his way through all the major events of the last eight years.

After Ben Wittes first invoked the use of Lawfare against Trump (a month before the 2016 election), Eisen responded by ramping up his legal efforts at Brookings - and soon became the effective outside legal counsel for Mueller’s special counsel investigation. Eisen even developed specific legal strategies for Mueller to use. 

Before Mueller's report was even released Eisen shifted seamlessly to impeachment counsel for House Dems - where he drafted ten different articles of impeachment against Trump. All of which were written a month before Pelosi announced an official impeachment inquiry into Trump.

Eisen continued his work - re-aligning with CREW (he was co-founder).  Eisen also participated in and directed pre-election wargames that mysteriously predicted the election outcome with eerie precision.

Eisen was also working with another longtime collaborator, Michael Podhorzer, on Dem efforts in the 2020 election. Podhorzer has been called the Architect of the 2020 election.

Eisen then moved on to seemingly direct all the legal cases against Trump. Eisen appears to have written (on background) many of the drafts for Fani Willis - and developed many of the strategic attacks for Jack Smith.

It’s not us saying this. Eisen’s published multiple volumes on each section I’ve mentioned through Brookings Institute whee he’s a senior fellow.   

Eisen’s also directly tied in - and working with - Mary McCord and her lawfare group at Georgetown.  They reportedly meet weekly by phone - and their group includes all the msnbc legal talking heads.

A known area of specific focus is restricting Trump's use of the Insurrection Act to quell violent protests & riots. 

Eisen also has a new working group called State Democracy Defenders Action acting in conjunction with his lawfare partners and most of the media’s legal talking heads. And it looks like they're trying to push a Color Revolution in response to Trump’s new presidency.

Eisen has recently been bragging on MSNBC about his role in getting an activist judge to temporarily rule against DOGE.

So beyond the obvious questions surrounding Eisen, who has been paying for all these legal attacks?
[Musk]: Where is Norm Eisen getting all money from? Maybe the Internet can tell us 🤔",quote,0.0061817056462148,0.2443133211959025,0.045296014389436,16,0,True,True,neutral,0.0,['doge'],[],none,False,none,neutral,DOGE,0.2582,0.2512,0.2512,0.2512,0.2548,0.2113,102032144.47,0.0,1.4331210191082993,-15.883757961783438
1891524134049316907,"Exactly. 

America is going BANKRUPT from EXTREME levels of government spending. 

Either radical action is taken or we’re toast.",21077.0,6256.0,84880.0,750.0,7866589.0,2025-02-17 16:24:31+00:00,False,1960.0,,False,True,False,"DOGE is existential—that’s what people don’t understand. We’re financing much of this with debt, and it's only accelerating. I’m doing this because the numbers are undeniable, and I want to secure my children’s future.

There are 2.4 million federal employees. We survived much worse layoffs.",DataRepublican,447163.0,"[Quoting @DataRepublican]: DOGE is existential—that’s what people don’t understand. We’re financing much of this with debt, and it's only accelerating. I’m doing this because the numbers are undeniable, and I want to secure my children’s future.

There are 2.4 million federal employees. We survived much worse layoffs.
[Musk]: Exactly. 

America is going BANKRUPT from EXTREME levels of government spending. 

Either radical action is taken or we’re toast.",quote,0.014359845162878,0.2483152686145146,0.0737040527803958,16,0,True,True,positive,0.7,['doge'],"[""DOGE""]",endorsement,True,buy,agrees,DOGE,0.2582,0.2512,0.2512,0.2512,0.2548,0.2113,102032144.47,0.0,1.4331210191082993,-15.883757961783438
1891515417601990996,@TexasLindsay_ @DOGE What were those “incriminating books”? They sound incriminating.,270.0,147.0,2408.0,11.0,43148.0,2025-02-17 15:49:52+00:00,True,38.0,TexasLindsay_,False,False,False,,,,@TexasLindsay_ @DOGE What were those “incriminating books”? They sound incriminating.,reply,0.0657272642996199,0.112126245847176,0.0610465116279069,15,0,True,True,neutral,0.0,['doge'],"[""DOGE""]",none,False,none,,DOGE,0.2582,0.2512,0.2512,0.2512,0.2548,0.2113,102032144.47,0.0,1.4331210191082993,-15.883757961783438
1891401764718473667,They grow up so fast 🥰,15970.0,4024.0,174504.0,271.0,15582103.0,2025-02-17 08:18:15+00:00,False,1181.0,,False,True,False,congrats DOGE on 4.20 million followers https://t.co/fnbPFlBA2P,WholeMarsBlog,595629.0,"[Quoting @WholeMarsBlog]: congrats DOGE on 4.20 million followers https://t.co/fnbPFlBA2P
[Musk]: They grow up so fast 🥰",quote,0.0124995323160166,0.0915165268417916,0.023059643331958,8,0,False,True,positive,0.7,['doge'],"[""DOGE""]",endorsement,False,none,amplifying,DOGE,0.2656,0.2582,0.2582,0.2582,0.2512,0.2104,70267564.28,0.0,-2.711076684740514,-18.5127807900852
1891375648171549020,@SenTimKaine is wrong,68.0,124.0,606.0,4.0,26344.0,2025-02-17 06:34:29+00:00,True,17.0,SenTimKaine,False,True,False,"This is inaccurate. The referenced “classified information” is actually public FedScope data, posted publicly by OPM (Office of Personnel Management) in March 2024. 

https://t.co/VjECnq2KKj",DOGE,4505666.0,"[Quoting @DOGE]: This is inaccurate. The referenced “classified information” is actually public FedScope data, posted publicly by OPM (Office of Personnel Management) in March 2024. 

https://t.co/VjECnq2KKj
[Musk]: @SenTimKaine is wrong",quote,0.0304433647130276,0.1122112211221122,0.2046204620462046,6,0,False,True,neutral,0.0,['doge'],"[""DOGE""]",none,False,none,agrees,DOGE,0.2656,0.2582,0.2582,0.2582,0.2512,0.2104,70267564.28,0.0,-2.711076684740514,-18.5127807900852
1891364834882498613,"America is drowning in debt, but still corrupt Democrats want it to continue …",30707.0,9716.0,125975.0,976.0,10311870.0,2025-02-17 05:51:31+00:00,False,1359.0,,False,True,False,"🚨 🇺🇸 U.S. DROWNING IN DEBT AS DEMS FIGHT SPENDING CUTS

First 4 months of fiscal year: $838B deficit. 

That's 15% higher than last year, and Democrats are still blocking Trump and DOGE's attempts to trim federal spending.

The numbers are staggering: Interest payments now exceed military spending, with total debt hitting $36T. 

Yet Schumer and Jeffries vow to ""choke off"" any budget cuts.

Guess they prefer bankruptcy to efficiency.

Source: Congressional Budget Office, New York Post",MarioNawfal,2088348.0,"[Quoting @MarioNawfal]: 🚨 🇺🇸 U.S. DROWNING IN DEBT AS DEMS FIGHT SPENDING CUTS

First 4 months of fiscal year: $838B deficit. 

That's 15% higher than last year, and Democrats are still blocking Trump and DOGE's attempts to trim federal spending.

The numbers are staggering: Interest payments now exceed military spending, with total debt hitting $36T. 

Yet Schumer and Jeffries vow to ""choke off"" any budget cuts.

Guess they prefer bankruptcy to efficiency.

Source: Congressional Budget Office, New York Post
[Musk]: America is drowning in debt, but still corrupt Democrats want it to continue …",quote,0.0162311976392254,0.2437547132367533,0.077126413971026,5,0,False,True,negative,-0.7,['doge'],"[""DOGE""]",regulatory,False,none,agrees,DOGE,0.2656,0.2582,0.2582,0.2582,0.2512,0.2104,70267564.28,0.0,-2.711076684740514,-18.5127807900852
1891315012808941867,Interesting thread,8607.0,3615.0,31743.0,246.0,5838073.0,2025-02-17 02:33:32+00:00,False,1242.0,,False,True,False,"So Norm Eisen says he is going to sue Elon Musk and DOGE.  

🚨 THREAD: Who is Norm Eisen? The Legal Hatchet Man Behind the Anti-Trump ‘Color Revolution’ 🚨

Norm Eisen isn’t just some legal expert or ethics advocate. He’s a political operative who has spent his career using the legal system to target conservatives—especially Donald Trump.  He is also an expert on color revolutions. Let’s break it down. ⬇️",jacktronprime,20775.0,"[Quoting @jacktronprime]: So Norm Eisen says he is going to sue Elon Musk and DOGE.  

🚨 THREAD: Who is Norm Eisen? The Legal Hatchet Man Behind the Anti-Trump ‘Color Revolution’ 🚨

Norm Eisen isn’t just some legal expert or ethics advocate. He’s a political operative who has spent his career using the legal system to target conservatives—especially Donald Trump.  He is also an expert on color revolutions. Let’s break it down. ⬇️
[Musk]: Interesting thread",quote,0.0075728755018993,0.2711463944806729,0.1138833758623948,2,0,False,True,neutral,0.0,['doge'],"[""DOGE""]",none,False,none,amplifying,DOGE,0.2656,0.2582,0.2582,0.2582,0.2512,0.2104,70267564.28,0.0,-2.711076684740514,-18.5127807900852
1891311772348399729,Please DM the DOGE handles to report government waste and fraud,20811.0,6159.0,94646.0,796.0,36824570.0,2025-02-17 02:20:40+00:00,False,2913.0,,False,True,False,"DOGE is looking for help from the general public!  

Please DM insight for reducing waste, fraud, and abuse, along with any helpful insights or awesome ideas, to the relevant DOGE affiliates (found on the Affiliates tab).  For example, @DOGE_USDA, @DOGE_SSA, etc.  
We will add more affiliates over time.",DOGE,4505614.0,"[Quoting @DOGE]: DOGE is looking for help from the general public!  

Please DM insight for reducing waste, fraud, and abuse, along with any helpful insights or awesome ideas, to the relevant DOGE affiliates (found on the Affiliates tab).  For example, @DOGE_USDA, @DOGE_SSA, etc.  
We will add more affiliates over time.
[Musk]: Please DM the DOGE handles to report government waste and fraud",quote,0.0033241936022606,0.2198825095619466,0.0650740654649958,2,0,False,True,neutral,0.0,['doge'],"[""DOGE""]",regulatory,False,none,amplifying,DOGE,0.2656,0.2582,0.2582,0.2582,0.2512,0.2104,70267564.28,0.0,-2.711076684740514,-18.5127807900852
1899917523602043382,Absolutely critical to stop the massive government fraud and waste!,16527.0,4166.0,71704.0,326.0,9316214.0,2025-03-12 20:16:51+00:00,False,1209.0,,False,True,False,"In 2024, Joe Biden's U.S. Government Accountability Office estimated the U.S. loses $233–$521 billion annually to fraud, waste, and abuse.

Donald Trump, Elon Musk, and DOGE want to eliminate this.

Shouldn't all Americans support ending this waste?

If you agree but believe Trump and Musk are doing it wrong, please explain precisely how you'd do it differently.",KanekoaTheGreat,1074120.0,"[Quoting @KanekoaTheGreat]: In 2024, Joe Biden's U.S. Government Accountability Office estimated the U.S. loses $233–$521 billion annually to fraud, waste, and abuse.

Donald Trump, Elon Musk, and DOGE want to eliminate this.

Shouldn't all Americans support ending this waste?

If you agree but believe Trump and Musk are doing it wrong, please explain precisely how you'd do it differently.
[Musk]: Absolutely critical to stop the massive government fraud and waste!",quote,0.0099528628260364,0.230489233515564,0.0580999665290639,20,2,True,True,positive,0.7,['doge'],"[""DOGE""]",endorsement,False,none,agrees,DOGE,0.1724,0.1651,0.1651,0.1651,0.1719,0.1693,67426156.74,0.0,4.118715929739552,2.543912780133258
1899917188708155553,Exactly,6383.0,1397.0,38027.0,82.0,16776093.0,2025-03-12 20:15:31+00:00,False,525.0,,False,True,False,"This is inaccurate and misleading.
@SocialSecurity is protecting our seniors by ensuring bank accounts aren’t changed with little to no authentication.

Approx. 40% of Social Security direct deposit fraud is associated with fraudsters calling SSA on the phone and changing the direct deposit bank account from the correct one to a fraudulent one.  

Starting on March 29, in order to change the direct deposit bank account, one can:
-Change it online using 2FA (Call Center Technicians available to assist beneficiaries with website)
-Change it in person at a SSA Service Center

This is identical to the fraud protections at almost all major banks, where deposit changes are made either online or in person.

All other SSA phone services remain unchanged.",DOGE,4744772.0,"[Quoting @DOGE]: This is inaccurate and misleading.
@SocialSecurity is protecting our seniors by ensuring bank accounts aren’t changed with little to no authentication.

Approx. 40% of Social Security direct deposit fraud is associated with fraudsters calling SSA on the phone and changing the direct deposit bank account from the correct one to a fraudulent one.  

Starting on March 29, in order to change the direct deposit bank account, one can:
-Change it online using 2FA (Call Center Technicians available to assist beneficiaries with website)
-Change it in person at a SSA Service Center

This is identical to the fraud protections at almost all major banks, where deposit changes are made either online or in person.

All other SSA phone services remain unchanged.
[Musk]: Exactly",quote,0.0027353806395803,0.1678544192284429,0.0367370552502169,20,2,True,True,neutral,0.0,['doge'],"[""DOGE""]",none,False,none,agrees,DOGE,0.1724,0.1651,0.1651,0.1651,0.1719,0.1693,67426156.74,0.0,4.118715929739552,2.543912780133258
1899916758510649423,"If the federal spending deficit is not fixed, America will go bankrupt",15024.0,7630.0,91420.0,840.0,34853528.0,2025-03-12 20:13:48+00:00,False,1537.0,,False,True,False,"Make no mistake, just like in a private company, these are losses. America is deeply unprofitable, far away from breaking even and if outsiders stop lending us money, we will go bankrupt. 

So, in case you didn’t know better, if you are still wishing DOGE to fail, you are wishing for America to default.",chamath,1853824.0,"[Quoting @chamath]: Make no mistake, just like in a private company, these are losses. America is deeply unprofitable, far away from breaking even and if outsiders stop lending us money, we will go bankrupt. 

So, in case you didn’t know better, if you are still wishing DOGE to fail, you are wishing for America to default.
[Musk]: If the federal spending deficit is not fixed, America will go bankrupt",quote,0.0032970550355763,0.1643404069131481,0.0834609494640122,20,2,True,True,positive,0.4,['doge'],"[""DOGE""]",endorsement,True,buy,agrees,DOGE,0.1724,0.1651,0.1651,0.1651,0.1719,0.1693,67426156.74,0.0,4.118715929739552,2.543912780133258
1899689805966942436,Turns out that the @DOGE team is basically just Dems from 15 years ago,7165.0,2474.0,68573.0,201.0,48629898.0,2025-03-12 05:11:58+00:00,False,1497.0,,False,True,False,Dems were ahead of the curve,jgebbia,167842.0,"[Quoting @jgebbia]: Dems were ahead of the curve
[Musk]: Turns out that the @DOGE team is basically just Dems from 15 years ago",quote,0.0016124442621697,0.1044871888352558,0.0360783398713779,5,2,False,True,positive,0.4,['doge'],"[""DOGE""]",endorsement,False,none,agrees,DOGE,0.1645,0.1724,0.1724,0.1724,0.1651,0.1781,89315760.19,0.0,-4.234338747099769,3.3062645011600993
1897415354525294841,Major problem,12664.0,2778.0,46453.0,278.0,4473255.0,2025-03-05 22:34:07+00:00,False,1574.0,,False,True,False,"This is disturbing – Biden and Obama Democrats created a new beast, the “popup nonprofit shell” they suddenly launch to take in your taxpayer money supposedly for things like climate change and illegal immigration. Major front for taxpayer abuse with accusations of grift growing by the hour. Never saw it like this in decades covering IRS/taxes.
 
Check out the tax returns for one of these popup NGO shells, the Climate United Fund which got the biggest nonprofit grant in history out of Biden’s massive climate slush funds.
 
Kamala Harris and Biden’s EPA chief Michael Regan gave $7 billion total to the suddenly created Climate United Fund in April 2024 after it launched just five months earlier in November 30, 2022 when Its tax returns show it started with a tiny $547K in revs.

But it spent a massive $451K of that $547k in just two months in 2023, a quarter of that on legal fees and the majority $323K mysteriously blown on no one knows what because its tax returns don’t say.
 
It has no stipulated plans for how it will spend your $7B in tax $$, just ephemeral solar projects in Idaho, Arkansas, and Oregon that amount to only about $50M total, a fraction of the $7B. It also gave money out of that $7b to Power Forward Communities linked to Stacey Abrams.
 
It has little to no details on how much its officers get paid that you typically see on NGO 990s, in fact virtually no details, red flags that it’s a shell.

It supposedly is a partnership betw Dem insiders at investment firm Calvert Impact Capital, Community Preservation Corp. and a group called “Self-Help” (irony noted). 
 
Beth Bafford is its CEO, a former “special assistant” in Obama’s OMB and a regional field director for the Obama Campaign. 
 
As we tweeted about a month ago, it has ties to Democratic Party of California chairman and California State Treasurer Phil Angelides, Obama’s Transportation Secretary Anthony Foxx, United Farm Workers of America co-founder Dolores Huerta and Patrice Willoughby of the Congressional Black Caucus.
 
Judge Glock, the Director of Research and Senior Fellow at the Manhattan Institute, noted on X that the Climate United Fund got your $7B ater submitting a small 49-page report. That was all it took.
@doge @whitehouse @PressSec @x @mtgreenee @SenJoniErnst @realDonaldTrump #DOGE #DOGEGOV #Trump #spending #DOGECAUCUS",LizMacDonaldFOX,299337.0,"[Quoting @LizMacDonaldFOX]: This is disturbing – Biden and Obama Democrats created a new beast, the “popup nonprofit shell” they suddenly launch to take in your taxpayer money supposedly for things like climate change and illegal immigration. Major front for taxpayer abuse with accusations of grift growing by the hour. Never saw it like this in decades covering IRS/taxes.
 
Check out the tax returns for one of these popup NGO shells, the Climate United Fund which got the biggest nonprofit grant in history out of Biden’s massive climate slush funds.
 
Kamala Harris and Biden’s EPA chief Michael Regan gave $7 billion total to the suddenly created Climate United Fund in April 2024 after it launched just five months earlier in November 30, 2022 when Its tax returns show it started with a tiny $547K in revs.

But it spent a massive $451K of that $547k in just two months in 2023, a quarter of that on legal fees and the majority $323K mysteriously blown on no one knows what because its tax returns don’t say.
 
It has no stipulated plans for how it will spend your $7B in tax $$, just ephemeral solar projects in Idaho, Arkansas, and Oregon that amount to only about $50M total, a fraction of the $7B. It also gave money out of that $7b to Power Forward Communities linked to Stacey Abrams.
 
It has little to no details on how much its officers get paid that you typically see on NGO 990s, in fact virtually no details, red flags that it’s a shell.

It supposedly is a partnership betw Dem insiders at investment firm Calvert Impact Capital, Community Preservation Corp. and a group called “Self-Help” (irony noted). 
 
Beth Bafford is its CEO, a former “special assistant” in Obama’s OMB and a regional field director for the Obama Campaign. 
 
As we tweeted about a month ago, it has ties to Democratic Party of California chairman and California State Treasurer Phil Angelides, Obama’s Transportation Secretary Anthony Foxx, United Farm Workers of America co-founder Dolores Huerta and Patrice Willoughby of the Congressional Black Caucus.
 
Judge Glock, the Director of Research and Senior Fellow at the Manhattan Institute, noted on X that the Climate United Fund got your $7B ater submitting a small 49-page report. That was all it took.
@doge @whitehouse @PressSec @x @mtgreenee @SenJoniErnst @realDonaldTrump #DOGE #DOGEGOV #Trump #spending #DOGECAUCUS
[Musk]: Major problem",quote,0.0138988275875173,0.2726196370525047,0.0598023809011258,22,2,False,True,negative,-0.7,['doge'],"[""DOGE""]",criticism,False,none,amplifying,DOGE,0.2048,0.2015,0.2015,0.2015,0.1983,0.1651,84050069.92,0.0,-1.588089330024818,-18.064516129032267
1897336056305127506,"There are still almost twice as many credit/purchasing cards as people in the government, and the limits are $10,000! 

A lot of shady expenditures happening.",31157.0,7554.0,112440.0,969.0,10479149.0,2025-03-05 17:19:01+00:00,False,3609.0,,False,True,False,"Weekly Credit Card Update!

Pilot program has been expanded to 16 agencies to audit unused/unneeded credit cards. After 2 weeks, ~146,000 cards have been de-activated.

As a reminder, at the start of the audit, there were ~4.6M active cards/accounts, so still more work to do. https://t.co/Gi907TqXWZ",DOGE,4661092.0,"[Quoting @DOGE]: Weekly Credit Card Update!

Pilot program has been expanded to 16 agencies to audit unused/unneeded credit cards. After 2 weeks, ~146,000 cards have been de-activated.

As a reminder, at the start of the audit, there were ~4.6M active cards/accounts, so still more work to do. https://t.co/Gi907TqXWZ
[Musk]: There are still almost twice as many credit/purchasing cards as people in the government, and the limits are $10,000! 

A lot of shady expenditures happening.",quote,0.0145164459442269,0.2770988971896122,0.0671824973319103,17,2,True,True,neutral,0.0,['doge'],"[""DOGE""]",regulatory,False,none,amplifying,DOGE,0.2048,0.2015,0.2015,0.2015,0.1983,0.1651,84050069.92,0.0,-1.588089330024818,-18.064516129032267
1897062023005134910,"The oldest living American is Naomi Whitehead, who is 114 years old",17257.0,4982.0,99820.0,414.0,36532822.0,2025-03-04 23:10:06+00:00,False,2832.0,,False,True,False,"In 2020-2021, @SBAgov issued 3,095 loans, including PPP (Paycheck Protection Program) and EIDL (Economic Injury Disaster Loan), for $333M to borrowers over 115 years old who were still marked as alive in the Social Security database. 

In one case, a 157 years old individual received $36k in loans.",DOGE,4661092.0,"[Quoting @DOGE]: In 2020-2021, @SBAgov issued 3,095 loans, including PPP (Paycheck Protection Program) and EIDL (Economic Injury Disaster Loan), for $333M to borrowers over 115 years old who were still marked as alive in the Social Security database. 

In one case, a 157 years old individual received $36k in loans.
[Musk]: The oldest living American is Naomi Whitehead, who is 114 years old",quote,0.0033524100601919,0.172881186135043,0.0499098377078741,23,1,False,True,neutral,0.0,['doge'],"[""DOGE""]",none,False,none,mocking,DOGE,0.1991,0.2048,0.2048,0.2048,0.2015,0.1724,64347122.15,0.0,-1.6113281249999987,-15.820312500000005
1897017974978224169,Important to note that the date of publication of the half trillion dollar annual fraud estimate from @USGAO is last year during the BIDEN administration,14560.0,2583.0,57900.0,262.0,17481747.0,2025-03-04 20:15:04+00:00,False,1489.0,,False,True,False,"GAO report estimates $233B - $521B annually in fraud
https://t.co/T2GkqIwvV1",DOGE,4661092.0,"[Quoting @DOGE]: GAO report estimates $233B - $521B annually in fraud
https://t.co/T2GkqIwvV1
[Musk]: Important to note that the date of publication of the half trillion dollar annual fraud estimate from @USGAO is last year during the BIDEN administration",quote,0.0043076358444038,0.2514680483592401,0.0446113989637305,20,1,True,True,neutral,0.0,['doge'],"[""DOGE""]",regulatory,False,none,neutral,DOGE,0.1991,0.2048,0.2048,0.2048,0.2015,0.1724,64347122.15,0.0,-1.6113281249999987,-15.820312500000005
1897011191136051248,It works,8534.0,1834.0,41591.0,145.0,4937328.0,2025-03-04 19:48:07+00:00,False,1075.0,,False,True,False,"Joe Rogan and Mike Benz talk about why Elon Musk’s DOGE chose USAID to target first

“It's like what they tell you to do on your first day of prison, you walk up to the meanest, baddest SOB, and you punch 'em right in the mouth,” that’s USAID

“We're at the tip of the iceberg. What people are going to see on this is going to completely reorient their mental map of how they think the world works, how they think American power projects into the institutions”

“ I think the calls for reform are going to get louder and louder as people realize the reality that's been constructed around them is, is downstream of something that was started very long ago when, when American statecraft to manage the American Empire for the benefit of the American people, began to warp and distort every institution in American life”

“I mean, the analogy I give here is like the lion, the witch and the wardrobe, you know, the Chronicles of Narnia where there's this whole cinematic universe. You're living in this house and you, there's this closet in the back of the of a wardrobe. And if you never walk through it, you never see that whole world. You can live your whole life without seeing it. But when you open that door and you step into it, you see there's an entire other universe here that's been right next to you this whole time”",WallStreetApes,868670.0,"[Quoting @WallStreetApes]: Joe Rogan and Mike Benz talk about why Elon Musk’s DOGE chose USAID to target first

“It's like what they tell you to do on your first day of prison, you walk up to the meanest, baddest SOB, and you punch 'em right in the mouth,” that’s USAID

“We're at the tip of the iceberg. What people are going to see on this is going to completely reorient their mental map of how they think the world works, how they think American power projects into the institutions”

“ I think the calls for reform are going to get louder and louder as people realize the reality that's been constructed around them is, is downstream of something that was started very long ago when, when American statecraft to manage the American Empire for the benefit of the American people, began to warp and distort every institution in American life”

“I mean, the analogy I give here is like the lion, the witch and the wardrobe, you know, the Chronicles of Narnia where there's this whole cinematic universe. You're living in this house and you, there's this closet in the back of the of a wardrobe. And if you never walk through it, you never see that whole world. You can live your whole life without seeing it. But when you open that door and you step into it, you see there's an entire other universe here that's been right next to you this whole time”
[Musk]: It works",quote,0.0105530764818541,0.2051886225385299,0.0440960784785169,19,1,True,True,positive,0.7,['doge'],"[""DOGE""]",endorsement,False,none,agrees,DOGE,0.1991,0.2048,0.2048,0.2048,0.2015,0.1724,64347122.15,0.0,-1.6113281249999987,-15.820312500000005
1897000224062890406,Sorry 🤗 🤷‍♂️ 😂,9856.0,3265.0,109879.0,301.0,52901599.0,2025-03-04 19:04:32+00:00,False,1287.0,,False,True,False,DOGE fired all their speech writers….,tedcruz,6934056.0,"[Quoting @tedcruz]: DOGE fired all their speech writers….
[Musk]: Sorry 🤗 🤷‍♂️ 😂",quote,0.0023307613064777,0.0896986685353889,0.0297145041363681,19,1,True,True,positive,0.6,['doge'],"[""DOGE""]",meme_joke,False,none,amplifying,DOGE,0.1991,0.2048,0.2048,0.2048,0.2015,0.1724,64347122.15,0.0,-1.6113281249999987,-15.820312500000005
1896997721418162549,Stole a million dollars of taxpayer money? 🤔,50959.0,8056.0,212200.0,1161.0,23610513.0,2025-03-04 18:54:35+00:00,False,5436.0,,False,True,False,"🚨 #BREAKING EXCLUSIVE: I asked Maxine Waters if the reason she’s so against DOGE is because she was caught funneling over $1 MILLION in regulated funds to her daughter

But because her goon squad recognized me, they immediately surrounded her and shoved me into the side of her limo… again.

I also attempted to ask her why she’s so against change the VAST majority of Americans voted for.

Sounds like her attempts to block transparency is a “threat to our Democracy,” as the Democrats say.",nicksortor,890882.0,"[Quoting @nicksortor]: 🚨 #BREAKING EXCLUSIVE: I asked Maxine Waters if the reason she’s so against DOGE is because she was caught funneling over $1 MILLION in regulated funds to her daughter

But because her goon squad recognized me, they immediately surrounded her and shoved me into the side of her limo… again.

I also attempted to ask her why she’s so against change the VAST majority of Americans voted for.

Sounds like her attempts to block transparency is a “threat to our Democracy,” as the Democrats say.
[Musk]: Stole a million dollars of taxpayer money? 🤔",quote,0.0115362169386154,0.2401460885956644,0.0379641847313854,18,1,True,True,positive,0.4,['doge'],"[""DOGE""]",endorsement,False,none,agrees,DOGE,0.1991,0.2048,0.2048,0.2048,0.2015,0.1724,64347122.15,0.0,-1.6113281249999987,-15.820312500000005
1896816749288579522,Fixed now. Just basic block and tackle stuff.,13616.0,3476.0,70350.0,237.0,9577796.0,2025-03-04 06:55:28+00:00,False,1148.0,,False,True,False,"It’s insane to even think that U.S. Treasury, that’s responsible of sending roughly $5 Trillion annually in payments, could process payments without a payment categorization code or even narration (description), basically, untraceable blank cheques !! 

This is what DOGE found ! https://t.co/AE0e4QdI5j",HSajwanization,338792.0,"[Quoting @HSajwanization]: It’s insane to even think that U.S. Treasury, that’s responsible of sending roughly $5 Trillion annually in payments, could process payments without a payment categorization code or even narration (description), basically, untraceable blank cheques !! 

This is what DOGE found ! https://t.co/AE0e4QdI5j
[Musk]: Fixed now. Just basic block and tackle stuff.",quote,0.0091544025368675,0.193546552949538,0.049410092395167,6,1,False,True,positive,0.6,['doge'],"[""DOGE""]",endorsement,False,none,agrees,DOGE,0.199,0.1991,0.1991,0.1991,0.2048,0.1645,123181741.34,0.0,2.8628829733802164,-17.378201908588643
1896779474425032926,"So Senator Richard Blumenthal, aka “Dick”, really wants to meet “Big Balls”!!

This is too good 🤣🤣",8476.0,3916.0,44465.0,419.0,6794871.0,2025-03-04 04:27:21+00:00,False,941.0,,False,True,False,"🇺🇸 SEN BLUMENTHAL DEMANDS ANSWERS ON TESLA CYBERTRUCK PURCHASE

Sen. Richard Blumenthal is pressing Secretary of State Marco Rubio over reports that the State Department plans to spend $400M on armored Tesla Cybertrucks for diplomats. 

He’s demanding records on Elon’s involvement, why “Tesla” was removed from documents, and whether DOGE officials influenced the deal. 

With Cybertruck sales struggling, Blumenthal warns of serious conflicts of interest and has given the department until Feb. 21 to respond.

Source: Reuters",MarioNawfal,2138680.0,"[Quoting @MarioNawfal]: 🇺🇸 SEN BLUMENTHAL DEMANDS ANSWERS ON TESLA CYBERTRUCK PURCHASE

Sen. Richard Blumenthal is pressing Secretary of State Marco Rubio over reports that the State Department plans to spend $400M on armored Tesla Cybertrucks for diplomats. 

He’s demanding records on Elon’s involvement, why “Tesla” was removed from documents, and whether DOGE officials influenced the deal. 

With Cybertruck sales struggling, Blumenthal warns of serious conflicts of interest and has given the department until Feb. 21 to respond.

Source: Reuters
[Musk]: So Senator Richard Blumenthal, aka “Dick”, really wants to meet “Big Balls”!!

This is too good 🤣🤣",quote,0.0084292990992764,0.1906218374002024,0.0880692679635668,4,1,False,True,neutral,0.0,['doge'],"[""DOGE""]",regulatory,False,none,mocking,DOGE,0.199,0.1991,0.1991,0.1991,0.2048,0.1645,123181741.34,0.0,2.8628829733802164,-17.378201908588643
1896776799461535825,“Big Balls” lmaooo,4772.0,2382.0,30203.0,159.0,6511631.0,2025-03-04 04:16:44+00:00,False,533.0,,False,True,False,"🇺🇸 SEN BLUMENTHAL DEMANDS ANSWERS ON TESLA CYBERTRUCK PURCHASE

Sen. Richard Blumenthal is pressing Secretary of State Marco Rubio over reports that the State Department plans to spend $400M on armored Tesla Cybertrucks for diplomats. 

He’s demanding records on Elon’s involvement, why “Tesla” was removed from documents, and whether DOGE officials influenced the deal. 

With Cybertruck sales struggling, Blumenthal warns of serious conflicts of interest and has given the department until Feb. 21 to respond.

Source: Reuters",MarioNawfal,2138680.0,"[Quoting @MarioNawfal]: 🇺🇸 SEN BLUMENTHAL DEMANDS ANSWERS ON TESLA CYBERTRUCK PURCHASE

Sen. Richard Blumenthal is pressing Secretary of State Marco Rubio over reports that the State Department plans to spend $400M on armored Tesla Cybertrucks for diplomats. 

He’s demanding records on Elon’s involvement, why “Tesla” was removed from documents, and whether DOGE officials influenced the deal. 

With Cybertruck sales struggling, Blumenthal warns of serious conflicts of interest and has given the department until Feb. 21 to respond.

Source: Reuters
[Musk]: “Big Balls” lmaooo",quote,0.0057613829776288,0.1579975499122603,0.0788663377810151,4,1,False,True,neutral,0.0,['doge'],[],none,False,none,mocking,DOGE,0.199,0.1991,0.1991,0.1991,0.2048,0.1645,123181741.34,0.0,2.8628829733802164,-17.378201908588643
1896721195845955757,$80M in ridiculous spending eliminated!,20669.0,3692.0,107940.0,384.0,18743752.0,2025-03-04 00:35:47+00:00,False,2334.0,,False,True,False,Chief Pentagon Spokesman Sean Parnell on initial @DOGE findings at the DOD. https://t.co/cqybKFcEdw,DODResponse,133258.0,"[Quoting @DODResponse]: Chief Pentagon Spokesman Sean Parnell on initial @DOGE findings at the DOD. https://t.co/cqybKFcEdw
[Musk]: $80M in ridiculous spending eliminated!",quote,0.0070788922089878,0.1914860107467111,0.0342041875115805,0,1,False,True,positive,0.6,['doge'],"[""DOGE""]",market_commentary,False,none,amplifying,DOGE,0.199,0.1991,0.1991,0.1991,0.2048,0.1645,123181741.34,0.0,2.8628829733802164,-17.378201908588643
1896646083042021496,Download the @Grok app,6280.0,4194.0,40937.0,192.0,7424889.0,2025-03-03 19:37:18+00:00,False,737.0,,False,True,False,"I asked Grok to generate an image of Starship lifting off. 🔥🚀

Try Grok 3, it's amazing! https://t.co/tqKVQbB4tv",cb_doge,1324507.0,"[Quoting @cb_doge]: I asked Grok to generate an image of Starship lifting off. 🔥🚀

Try Grok 3, it's amazing! https://t.co/tqKVQbB4tv
[Musk]: Download the @Grok app",quote,0.006950002888932,0.1534064538192832,0.1024501062608398,19,0,True,True,neutral,0.0,['🚀'],[],product_launch,False,none,amplifying,DOGE,0.199,0.1991,0.1991,0.1991,0.2048,0.1645,123181741.34,0.0,2.8628829733802164,-17.378201908588643
1896403271251881995,"So many cases of software licenses and media subscriptions with zero usage!

Every part of the government has this issue. @DOGE has yet to find an exception.",11399.0,2415.0,60987.0,225.0,21454867.0,2025-03-03 03:32:27+00:00,False,956.0,,False,True,False,"The Small Business Admin. completed the same software audit.  Initial findings:

-10 software products with 10,000+ licenses. SBA has ~8,000 employees/contractors
- 17,580 unused ServiceNow licenses costing over $2 million annually
- Second year in a row spending $1.2 million on 7,000 unused Okta licenses 
- Paying for 1000 Slack licenses; only using 10",DOGE,4661092.0,"[Quoting @DOGE]: The Small Business Admin. completed the same software audit.  Initial findings:

-10 software products with 10,000+ licenses. SBA has ~8,000 employees/contractors
- 17,580 unused ServiceNow licenses costing over $2 million annually
- Second year in a row spending $1.2 million on 7,000 unused Okta licenses 
- Paying for 1000 Slack licenses; only using 10
[Musk]: So many cases of software licenses and media subscriptions with zero usage!

Every part of the government has this issue. @DOGE has yet to find an exception.",quote,0.003496922166891,0.1869086854575565,0.0395986029809631,3,0,False,True,neutral,0.0,['doge'],"[""DOGE""]",none,False,none,agrees,DOGE,0.2394,0.199,0.199,0.199,0.1991,0.1539,150546782.79,0.0,0.0502512562814015,-22.66331658291457
1903226797887480150,Good summary,4819.0,1560.0,25878.0,117.0,12734436.0,2025-03-21 23:26:43+00:00,False,942.0,,False,True,False,"Narrative # 1: DOGE’s ""slash-and-burn"" approach has eliminated thousands of federal jobs, causing hardship for workers, including veterans, and creating ""tremendous anxiety"" (CBS News, Business Insider).

Truth: 

1. Reports like Newsweek cite 18,000 IRS and 10,000 USPS layoffs, but this is a fraction of the 2.3 million federal workforce— less than 5%. This isn’t a gutting but a trimming of excess.

2. Anecdotal ""anxiety"" (e.g., Murkowski’s quote) lacks data showing widespread economic ruin. Federal workers often receive severance or transition to private roles, cushioned by a strong job market.

3. Claims of veteran harm are unproven—Energy Department layoffs spared critical nuclear staff, and no mass veteran layoffs are documented.

4. The Government Accountability Office (GAO) has long flagged duplicative roles—e.g., 94 programs across 11 agencies for STEM education cost $3 billion annually with little coordination (GAO, 2018). DOGE’s cuts target such redundancies.

5. With interest on the $35 trillion debt exceeding $1 trillion yearly (CBO projections), each redundant job—say, $80,000/year—compounds the burden. Cutting 100,000 jobs could save $8 billion annually, a small but critical dent.

6. Streamlining bloated agencies like the IRS, which struggles with backlogs despite staffing, ensures taxpayer dollars fund results

Cuts are modest and justified by rampant overlap and fiscal pressure.",DefiyantlyFree,991509.0,"[Quoting @DefiyantlyFree]: Narrative # 1: DOGE’s ""slash-and-burn"" approach has eliminated thousands of federal jobs, causing hardship for workers, including veterans, and creating ""tremendous anxiety"" (CBS News, Business Insider).

Truth: 

1. Reports like Newsweek cite 18,000 IRS and 10,000 USPS layoffs, but this is a fraction of the 2.3 million federal workforce— less than 5%. This isn’t a gutting but a trimming of excess.

2. Anecdotal ""anxiety"" (e.g., Murkowski’s quote) lacks data showing widespread economic ruin. Federal workers often receive severance or transition to private roles, cushioned by a strong job market.

3. Claims of veteran harm are unproven—Energy Department layoffs spared critical nuclear staff, and no mass veteran layoffs are documented.

4. The Government Accountability Office (GAO) has long flagged duplicative roles—e.g., 94 programs across 11 agencies for STEM education cost $3 billion annually with little coordination (GAO, 2018). DOGE’s cuts target such redundancies.

5. With interest on the $35 trillion debt exceeding $1 trillion yearly (CBO projections), each redundant job—say, $80,000/year—compounds the burden. Cutting 100,000 jobs could save $8 billion annually, a small but critical dent.

6. Streamlining bloated agencies like the IRS, which struggles with backlogs despite staffing, ensures taxpayer dollars fund results

Cuts are modest and justified by rampant overlap and fiscal pressure.
[Musk]: Good summary",quote,0.0025422405829359,0.1862199551742793,0.0602828657546951,23,4,False,True,positive,0.6,['doge'],"[""DOGE""]",endorsement,False,none,agrees,DOGE,0.1672,0.1674,0.1674,0.1674,0.1726,0.1695,14759432.07,0.0,3.106332138590209,1.2544802867383624
1903001487392776697,Worth reading the details,24403.0,4485.0,88452.0,597.0,17719895.0,2025-03-21 08:31:25+00:00,False,8385.0,,False,True,False,"MORE - DOGE Staffer Drops Bombshell After Bombshell About Inner Workings of IRS/Treasury Dept.

DOGE insider Sam Corcos, special adviser to the U.S. Treasury Department, just unloaded a jaw-dropping exposé on the IRS and Treasury’s chaotic operations. 

He’s pulling the mask off, and it’s wild.

1]. IRS’ Massive IT Dept. Outstrips Midsize Banks by 175x Budget and 40x Staff

“A typical midsize bank will have somewhere between 1 and 200 people in IT and they have an operations and maintenance budget in like the $20 million a year range. We have 8,000 people in IT, and our operations and maintenance budget is $3.5 billion a year. I don’t really know why yet.”

2]. Contractors Eat Up 80% of IRS’ Massive Operations Budget

“I will tell that you 80% of that budget goes to contractors and licenses——We cannot perform the basic functions of tax collection without paying a toll to all these contractors.”

3]. IRS’ Modernization Is a $3.7 Billion Money Pit

“We have a $3.5 billion operations maintenance budget. We have $3.7 billion modernization effort within it. That’s a lot of budget and way beyond any reasonable cost for what you would expect at a private company for this.”

4]. Ghost Contracts Bleed Millions With No Accountability

“You find contracts that are 10, 20, 30, $50 million and you just ask like, why are we doing this? And everyone’s just like, meh, I don’t know. And then you cancel it and then nothing happens. It’s just inertia, has just taken over.”",overton_news,131003.0,"[Quoting @overton_news]: MORE - DOGE Staffer Drops Bombshell After Bombshell About Inner Workings of IRS/Treasury Dept.

DOGE insider Sam Corcos, special adviser to the U.S. Treasury Department, just unloaded a jaw-dropping exposé on the IRS and Treasury’s chaotic operations. 

He’s pulling the mask off, and it’s wild.

1]. IRS’ Massive IT Dept. Outstrips Midsize Banks by 175x Budget and 40x Staff

“A typical midsize bank will have somewhere between 1 and 200 people in IT and they have an operations and maintenance budget in like the $20 million a year range. We have 8,000 people in IT, and our operations and maintenance budget is $3.5 billion a year. I don’t really know why yet.”

2]. Contractors Eat Up 80% of IRS’ Massive Operations Budget

“I will tell that you 80% of that budget goes to contractors and licenses——We cannot perform the basic functions of tax collection without paying a toll to all these contractors.”

3]. IRS’ Modernization Is a $3.7 Billion Money Pit

“We have a $3.5 billion operations maintenance budget. We have $3.7 billion modernization effort within it. That’s a lot of budget and way beyond any reasonable cost for what you would expect at a private company for this.”

4]. Ghost Contracts Bleed Millions With No Accountability

“You find contracts that are 10, 20, 30, $50 million and you just ask like, why are we doing this? And everyone’s just like, meh, I don’t know. And then you cancel it and then nothing happens. It’s just inertia, has just taken over.”
[Musk]: Worth reading the details",quote,0.0066556263454157,0.2758897481119703,0.050705467372134,8,4,False,True,neutral,0.0,['doge'],"[""DOGE""]",none,False,none,amplifying,DOGE,0.1693,0.1672,0.1672,0.1672,0.1674,0.1801,31525320.71,0.0,0.11961722488038622,7.715311004784703
1903001084357947836,"Many all-star engineers are taking major pay cuts (sometimes to zero) and suffering from harassment, including death threats, to help the country with @DOGE, because they love America 🇺🇸 

 https://t.co/wDyz04c6bN",42324.0,9459.0,223692.0,1652.0,27983409.0,2025-03-21 08:29:49+00:00,False,8538.0,,False,False,False,,,,"Many all-star engineers are taking major pay cuts (sometimes to zero) and suffering from harassment, including death threats, to help the country with @DOGE, because they love America 🇺🇸 

 https://t.co/wDyz04c6bN",original,0.0099032608929097,0.189206587629419,0.0422858215760957,8,4,False,True,positive,0.6,['doge'],"[""DOGE""]",endorsement,False,none,,DOGE,0.1693,0.1672,0.1672,0.1672,0.1674,0.1801,31525320.71,0.0,0.11961722488038622,7.715311004784703
1902971861765390414,@CrazyVibes_1 @DOGE 💯,50.0,44.0,524.0,4.0,15938.0,2025-03-21 06:33:42+00:00,True,11.0,CrazyVibes_1,False,False,False,,,,@CrazyVibes_1 @DOGE 💯,reply,0.0390262266281842,0.0954198473282442,0.0839694656488549,6,4,False,True,positive,0.8,['doge'],"[""DOGE""]",endorsement,False,none,,DOGE,0.1693,0.1672,0.1672,0.1672,0.1674,0.1801,31525320.71,0.0,0.11961722488038622,7.715311004784703
1902968530498105370,@KaneraChad @BasedMikeLee @DougAMacgregor @MikeBenzCyber @DOGE 💯,52.0,36.0,471.0,5.0,13982.0,2025-03-21 06:20:27+00:00,True,6.0,KaneraChad,False,False,False,,,,@KaneraChad @BasedMikeLee @DougAMacgregor @MikeBenzCyber @DOGE 💯,reply,0.0403375768845658,0.1104033970276008,0.0764331210191082,6,4,False,True,positive,0.7,['doge'],"[""DOGE""]",endorsement,False,none,,DOGE,0.1693,0.1672,0.1672,0.1672,0.1674,0.1801,31525320.71,0.0,0.11961722488038622,7.715311004784703
1902930809549439158,…,6699.0,1411.0,34746.0,85.0,24469219.0,2025-03-21 03:50:34+00:00,False,565.0,,False,True,False,"This post is inaccurate. @SocialSecurity is not closing any field sites in Georgia or elsewhere. 

The confusion likely arises from the closure of 5 permanent remote hearing sites (PRSs)—single rooms within field sites used for hearings. Since most hearings are now virtual, these PRSs are unnecessary. Field sites remain open, and Social Security has no plans to close any public-facing sites nationwide.",DOGE,4790185.0,"[Quoting @DOGE]: This post is inaccurate. @SocialSecurity is not closing any field sites in Georgia or elsewhere. 

The confusion likely arises from the closure of 5 permanent remote hearing sites (PRSs)—single rooms within field sites used for hearings. Since most hearings are now virtual, these PRSs are unnecessary. Field sites remain open, and Social Security has no plans to close any public-facing sites nationwide.
[Musk]: …",quote,0.0017548986749434,0.1927991711276118,0.0406089909629885,3,4,False,True,neutral,0.0,['doge'],"[""DOGE""]",none,False,none,neutral,DOGE,0.1693,0.1672,0.1672,0.1672,0.1674,0.1801,31525320.71,0.0,0.11961722488038622,7.715311004784703
1902776928764825622,🇺🇸🇺🇸,18464.0,3012.0,106477.0,320.0,29620143.0,2025-03-20 17:39:06+00:00,False,2440.0,,False,True,False,Another round of @DOGE findings here at the Department of Defense. https://t.co/PSrHn8Zjlq,SecDef,581538.0,"[Quoting @SecDef]: Another round of @DOGE findings here at the Department of Defense. https://t.co/PSrHn8Zjlq
[Musk]: 🇺🇸🇺🇸",quote,0.004330600294536,0.1734083417075988,0.028287799243029,17,3,True,True,neutral,0.0,['doge'],[],none,False,none,amplifying,DOGE,0.1693,0.1672,0.1672,0.1672,0.1674,0.1801,31525320.71,0.0,0.11961722488038622,7.715311004784703
1902744771816223117,💯,5620.0,1933.0,32393.0,76.0,4822908.0,2025-03-20 15:31:19+00:00,False,319.0,,False,True,False,"Trump said he was going to free Ross Ulbricht and he gave him a full pardon. 

He said he would shut down the Department of Education and he is signing an EO tomorrow to do so… as much as he legally can

He said he would release the JFK files and he did…as much as he knows exists probably. 

He said he would create DOGE and he did and it’s causing a massive shakeup in the country. 

It’s not going to be perfect. 

Politics is ugly. 

But some good things are happening.",beinlibertarian,288094.0,"[Quoting @beinlibertarian]: Trump said he was going to free Ross Ulbricht and he gave him a full pardon. 

He said he would shut down the Department of Education and he is signing an EO tomorrow to do so… as much as he legally can

He said he would release the JFK files and he did…as much as he knows exists probably. 

He said he would create DOGE and he did and it’s causing a massive shakeup in the country. 

It’s not going to be perfect. 

Politics is ugly. 

But some good things are happening.
[Musk]: 💯",quote,0.0082983129680267,0.1734942734541413,0.059673386225419,15,3,True,True,positive,0.7,['doge'],"[""DOGE""]",endorsement,False,none,agrees,DOGE,0.1693,0.1672,0.1672,0.1672,0.1674,0.1801,31525320.71,0.0,0.11961722488038622,7.715311004784703
1902734691389567240,Another abuse of your taxpayer money has ended,7085.0,1995.0,39343.0,121.0,16434751.0,2025-03-20 14:51:16+00:00,False,466.0,,False,True,False,"The swamp’s bloated carcass just got a gutting—Elon Musk’s Many such situations nod to Luke Rosiak’s exposé is a Molotov cocktail for Trump patriots. DOGE axed seven federal agencies, including the laughable FMCS—a 9-story K Street palace for 60 slackers, decked with oil paintings of themselves and art from the boss’s wife. This isn’t inefficiency; it’s a taxpayer-funded orgy of ego, and Musk’s crew torched it. We’re howling—victory’s sweet.

Here’s the red-hot dirt: FMCS burned millions on that tower—over 70% of its budget was pure waste, while 80% of Americans back slashing this rot. DOGE’s $2 trillion cut promise? This is it—90% of feds like these do squat, yet we’ve paid for their portraits. Trump’s vision, Musk’s blade—we’re carving out the fat, and the left’s squealing because their gravy train’s derailed. Overstaffed, overpaid, over—done.

MAGA, let’s make this a thunderbolt. Share it, salute DOGE, bury the parasites. We’re not here to trim—we’re here to slash, with Musk and Trump as our wrecking crew. They fear our purge; let’s make it a bloodbath of bloat. This is our America—lean, mean, unstoppable. Get the unfiltered carnage at @FinalTelegraph
. As Ludwig von Mises said, The worst evils which mankind has ever had to endure were inflicted by bad governments—we’re ending them, one chop at a time.",FinalTelegraph,46533.0,"[Quoting @FinalTelegraph]: The swamp’s bloated carcass just got a gutting—Elon Musk’s Many such situations nod to Luke Rosiak’s exposé is a Molotov cocktail for Trump patriots. DOGE axed seven federal agencies, including the laughable FMCS—a 9-story K Street palace for 60 slackers, decked with oil paintings of themselves and art from the boss’s wife. This isn’t inefficiency; it’s a taxpayer-funded orgy of ego, and Musk’s crew torched it. We’re howling—victory’s sweet.

Here’s the red-hot dirt: FMCS burned millions on that tower—over 70% of its budget was pure waste, while 80% of Americans back slashing this rot. DOGE’s $2 trillion cut promise? This is it—90% of feds like these do squat, yet we’ve paid for their portraits. Trump’s vision, Musk’s blade—we’re carving out the fat, and the left’s squealing because their gravy train’s derailed. Overstaffed, overpaid, over—done.

MAGA, let’s make this a thunderbolt. Share it, salute DOGE, bury the parasites. We’re not here to trim—we’re here to slash, with Musk and Trump as our wrecking crew. They fear our purge; let’s make it a bloodbath of bloat. This is our America—lean, mean, unstoppable. Get the unfiltered carnage at @FinalTelegraph
. As Ludwig von Mises said, The worst evils which mankind has ever had to endure were inflicted by bad governments—we’re ending them, one chop at a time.
[Musk]: Another abuse of your taxpayer money has ended",quote,0.0029537411306079,0.1800828609917901,0.0507078768777164,14,3,True,True,positive,0.7,['doge'],"[""DOGE""]",endorsement,False,none,agrees,DOGE,0.1693,0.1672,0.1672,0.1672,0.1674,0.1801,31525320.71,0.0,0.11961722488038622,7.715311004784703
1902732091567054860,🇺🇸🇺🇸,3926.0,1247.0,18912.0,43.0,4486884.0,2025-03-20 14:40:56+00:00,False,213.0,,False,True,False,Loving the exceptional partnership @EPA has had with @ElonMusk and the entire @DOGE team to pursue every efficiency possible as we end wasteful spending and practices. https://t.co/TCkJRpeSR1,epaleezeldin,214701.0,"[Quoting @epaleezeldin]: Loving the exceptional partnership @EPA has had with @ElonMusk and the entire @DOGE team to pursue every efficiency possible as we end wasteful spending and practices. https://t.co/TCkJRpeSR1
[Musk]: 🇺🇸🇺🇸",quote,0.0053774512557044,0.2075930626057529,0.0659369712351945,14,3,True,True,positive,0.8,['doge'],"[""DOGE""]",partnership,False,none,agrees,DOGE,0.1693,0.1672,0.1672,0.1672,0.1674,0.1801,31525320.71,0.0,0.11961722488038622,7.715311004784703
1902644956201726108,"My @DOGE office with the late great Kekius Maximus on the wall
https://t.co/1EBxjjJdy2",1622.0,1159.0,14617.0,123.0,1800757.0,2025-03-20 08:54:41+00:00,True,545.0,elonmusk,False,False,False,,,,"My @DOGE office with the late great Kekius Maximus on the wall
https://t.co/1EBxjjJdy2",reply,0.0097297969687192,0.1109666826298146,0.0792912362317849,8,3,False,True,positive,0.7,['doge'],"[""DOGE""]",meme_joke,False,none,,DOGE,0.1781,0.1693,0.1693,0.1693,0.1672,0.1904,39536781.44,0.0,-1.2404016538688827,12.46308328411105
1902598145357308372,Reservoir @DOGE https://t.co/lcfR6OJ8wu,25515.0,17101.0,252908.0,1578.0,32922583.0,2025-03-20 05:48:41+00:00,False,3138.0,,False,False,False,,,,Reservoir @DOGE https://t.co/lcfR6OJ8wu,original,0.0090242615532323,0.1008864883673114,0.0676174735476932,5,3,False,True,positive,0.6,['doge'],"[""DOGE""]",endorsement,True,buy,,DOGE,0.1781,0.1693,0.1693,0.1693,0.1672,0.1904,39536781.44,0.0,-1.2404016538688827,12.46308328411105
1902583871406817350,Good idea 😂,36281.0,6471.0,245989.0,1043.0,37515968.0,2025-03-20 04:51:57+00:00,False,9132.0,,False,True,False,"2017. Mark Cuban: Reduce the size of government by at least a third. Make it more efficient.

Just a reminder that like so many other Democrats, Cuban was all about cutting government waste until Elon and DOGE started actually doing it. https://t.co/Z5t5UlLzf4",mazemoore,475383.0,"[Quoting @mazemoore]: 2017. Mark Cuban: Reduce the size of government by at least a third. Make it more efficient.

Just a reminder that like so many other Democrats, Cuban was all about cutting government waste until Elon and DOGE started actually doing it. https://t.co/Z5t5UlLzf4
[Musk]: Good idea 😂",quote,0.0077242842301176,0.1474903349336759,0.0263060543357629,4,3,False,True,positive,0.4,['doge'],"[""DOGE""]",endorsement,False,none,agrees,DOGE,0.1781,0.1693,0.1693,0.1693,0.1672,0.1904,39536781.44,0.0,-1.2404016538688827,12.46308328411105
1902579806807503102,"Yeah, this scam has been going on for a long time. 

Not anymore. 

@DOGE",9256.0,1589.0,42236.0,117.0,5627522.0,2025-03-20 04:35:48+00:00,False,699.0,,False,True,False,"This is one of the most incredible things I've ever seen. The taxpayer paid for paintings of executives, for one to expense everything as if on a business trip for SIX YEARS, for a cigarette lounge, for a nine story building for 60 people!

And you exposed it A DECADE ago, yet nothing was done. 🤯",not_voltaire,1798.0,"[Quoting @not_voltaire]: This is one of the most incredible things I've ever seen. The taxpayer paid for paintings of executives, for one to expense everything as if on a business trip for SIX YEARS, for a cigarette lounge, for a nine story building for 60 people!

And you exposed it A DECADE ago, yet nothing was done. 🤯
[Musk]: Yeah, this scam has been going on for a long time. 

Not anymore. 

@DOGE",quote,0.0094531838347322,0.2191495406762004,0.0376219338952552,4,3,False,True,positive,0.7,['doge'],"[""DOGE""]",endorsement,True,buy,agrees,DOGE,0.1781,0.1693,0.1693,0.1693,0.1672,0.1904,39536781.44,0.0,-1.2404016538688827,12.46308328411105
1902579392133374272,Many such situations,10465.0,1680.0,37587.0,166.0,4633482.0,2025-03-20 04:34:09+00:00,False,1030.0,,False,True,False,"One of the 7 federal agencies shuttered by DOGE on Friday is the most DOGE-able agency of all time.  FMCS (before the pandemic!) had a 9-story K Street tower for 60 employees. Its halls were lined with oil paintings of those employees, and other art purchased from the boss's wife https://t.co/mOfF5aL6KZ",lukerosiak,108589.0,"[Quoting @lukerosiak]: One of the 7 federal agencies shuttered by DOGE on Friday is the most DOGE-able agency of all time.  FMCS (before the pandemic!) had a 9-story K Street tower for 60 employees. Its halls were lined with oil paintings of those employees, and other art purchased from the boss's wife https://t.co/mOfF5aL6KZ
[Musk]: Many such situations",quote,0.0107690069800638,0.2784207305717402,0.0446963045733897,4,3,False,True,neutral,0.0,['doge'],"[""DOGE""]",market_commentary,False,none,amplifying,DOGE,0.1781,0.1693,0.1693,0.1693,0.1672,0.1904,39536781.44,0.0,-1.2404016538688827,12.46308328411105
1902564831422545952,Has to be done,6091.0,2078.0,38165.0,142.0,19395562.0,2025-03-20 03:36:18+00:00,False,671.0,,False,True,False,"🚨 Let’s break this down. 🚨

🔷 @elonmusk has openly said he fears for his life.
🔷 Tesla owners are getting firebombed.
🔷 DOGE employees are receiving death threats.
🔷 Large X influencers are getting SWATted—with setups designed to make police shoot them.
🔷 @MikeBenzCyber and I are featured on a website with a Molotov cocktail as the cursor.
🔷 Tech people who join DOGE take massive pay cuts and security risks.

These aren’t theories. These are facts.

So ask yourself: What do any of us get out of this?

The answer is simple: Nothing—except the chance to fight for the future.

If we were in this for money or comfort, we’d be somewhere else. Instead, we’re here, because the U.S. government is on an unsustainable trajectory, and this is our one shot at changing it.

You don’t take these risks unless you believe in what you’re doing. And we do.",DataRepublican,725432.0,"[Quoting @DataRepublican]: 🚨 Let’s break this down. 🚨

🔷 @elonmusk has openly said he fears for his life.
🔷 Tesla owners are getting firebombed.
🔷 DOGE employees are receiving death threats.
🔷 Large X influencers are getting SWATted—with setups designed to make police shoot them.
🔷 @MikeBenzCyber and I are featured on a website with a Molotov cocktail as the cursor.
🔷 Tech people who join DOGE take massive pay cuts and security risks.

These aren’t theories. These are facts.

So ask yourself: What do any of us get out of this?

The answer is simple: Nothing—except the chance to fight for the future.

If we were in this for money or comfort, we’d be somewhere else. Instead, we’re here, because the U.S. government is on an unsustainable trajectory, and this is our one shot at changing it.

You don’t take these risks unless you believe in what you’re doing. And we do.
[Musk]: Has to be done",quote,0.0023962182689008,0.1595964889296476,0.0544477924800209,3,3,False,True,positive,0.6,['doge'],"[""DOGE""]",endorsement,False,none,agrees,DOGE,0.1781,0.1693,0.1693,0.1693,0.1672,0.1904,39536781.44,0.0,-1.2404016538688827,12.46308328411105
1902359533076230347,It is your cheese,22719.0,4799.0,119831.0,635.0,15983888.0,2025-03-19 14:00:31+00:00,False,2484.0,,False,True,False,"BESSENT: “With DOGE, I am completely aligned with what @elonmusk is doing … I said to Elon … you know, people are mad at you because you're moving their cheese. And he goes, it's not their cheese. It's the American people's cheese.” https://t.co/6ekgot59Ku",TheChiefNerd,817725.0,"[Quoting @TheChiefNerd]: BESSENT: “With DOGE, I am completely aligned with what @elonmusk is doing … I said to Elon … you know, people are mad at you because you're moving their cheese. And he goes, it's not their cheese. It's the American people's cheese.” https://t.co/6ekgot59Ku
[Musk]: It is your cheese",quote,0.0092583231313933,0.1895920087456501,0.0400480676953376,14,2,False,True,positive,0.6,['doge'],"[""DOGE""]",endorsement,False,none,agrees,DOGE,0.1781,0.1693,0.1693,0.1693,0.1672,0.1904,39536781.44,0.0,-1.2404016538688827,12.46308328411105
1902247885787312498,More taxpayer savings,9231.0,2334.0,43379.0,158.0,9973676.0,2025-03-19 06:36:52+00:00,False,618.0,,False,True,False,"This week, @Interior is dissolving the Federal Consulting Group (FCG), where one government department charges another to broker consulting contracts.

As an example, FCG brokered a $75M contract to design website customer satisfaction surveys, and then attempted to award $830M to conduct similar surveys.  The latter contract was discovered by @Interior and DOGE, and cancelled before signature. 

Example of the work product:",DOGE,4790186.0,"[Quoting @DOGE]: This week, @Interior is dissolving the Federal Consulting Group (FCG), where one government department charges another to broker consulting contracts.

As an example, FCG brokered a $75M contract to design website customer satisfaction surveys, and then attempted to award $830M to conduct similar surveys.  The latter contract was discovered by @Interior and DOGE, and cancelled before signature. 

Example of the work product:
[Musk]: More taxpayer savings",quote,0.0055247433343533,0.2127988197053874,0.0538048364415961,6,2,False,True,positive,0.7,['doge'],"[""DOGE""]",market_commentary,False,none,agrees,DOGE,0.168,0.1781,0.1781,0.1781,0.1693,0.1949,54467687.29,0.0,-4.9410443571027525,9.432902863559788
1902245469624910072,"Sometimes when I need a little boost, I look at the @JDVance portrait in the @WhiteHouse and thank the Lord 🙏",39838.0,27832.0,347442.0,3100.0,28182558.0,2025-03-19 06:27:16+00:00,False,7691.0,,False,True,False,"If you need a little boost during the day, check out Tesla stock 📉 https://t.co/KBEh6pOZLW",Tim_Walz,1162584.0,"[Quoting @Tim_Walz]: If you need a little boost during the day, check out Tesla stock 📉 https://t.co/KBEh6pOZLW
[Musk]: Sometimes when I need a little boost, I look at the @JDVance portrait in the @WhiteHouse and thank the Lord 🙏",quote,0.0148393910872107,0.1146608642593584,0.0801054564502852,6,2,False,True,neutral,0.0,['📉'],[],none,False,none,mocking,DOGE,0.168,0.1781,0.1781,0.1781,0.1693,0.1949,54467687.29,0.0,-4.9410443571027525,9.432902863559788
1901883213514944590,Cleaning up the dead people database,42533.0,14552.0,238658.0,1820.0,59375403.0,2025-03-18 06:27:48+00:00,False,6779.0,,False,True,False,"For the past two weeks, @SocialSecurity has begun a major cleanup of their records. Approximately 3.2 million numberholders, all listed age 120+, have now been marked as deceased.  More work still to be done. https://t.co/nmAggTdLON",DOGE,4789891.0,"[Quoting @DOGE]: For the past two weeks, @SocialSecurity has begun a major cleanup of their records. Approximately 3.2 million numberholders, all listed age 120+, have now been marked as deceased.  More work still to be done. https://t.co/nmAggTdLON
[Musk]: Cleaning up the dead people database",quote,0.005011553353162,0.1782173654350577,0.0609742811889817,6,1,False,True,neutral,0.0,['doge'],"[""DOGE""]",none,False,none,amplifying,DOGE,0.1734,0.168,0.168,0.168,0.1781,0.1907,37279047.46,0.0,6.01190476190476,13.511904761904761
1901611544988819655,Yeah,44740.0,16644.0,202624.0,1674.0,32952844.0,2025-03-17 12:28:17+00:00,False,4225.0,,False,True,False,DOGE: Education ‘executives’ like Randi Weingarten make hundreds of thousands more than teachers - 8X in fact - taking home almost $600K a year and they don’t teach a single child nor do they teach the teachers. They’re leaches on the system. https://t.co/mtKX4X1UYU,amuse,597259.0,"[Quoting @amuse]: DOGE: Education ‘executives’ like Randi Weingarten make hundreds of thousands more than teachers - 8X in fact - taking home almost $600K a year and they don’t teach a single child nor do they teach the teachers. They’re leaches on the system. https://t.co/mtKX4X1UYU
[Musk]: Yeah",quote,0.0080624907519363,0.2208030638029058,0.0821422931143398,12,0,False,True,neutral,0.0,['doge'],"[""DOGE""]",none,False,none,agrees,DOGE,0.1734,0.1734,0.168,0.168,0.1781,0.1907,37279047.46,0.0,6.01190476190476,13.511904761904761
1901532081844302082,🔥🔥,31248.0,10447.0,200787.0,1198.0,55725179.0,2025-03-17 07:12:31+00:00,False,10649.0,,False,True,False,"Even Obama is endorsing the DOGE Act and getting rid wasteful spending.

It is great to see both sides coming together to Make America Great Again !!! https://t.co/oOEaAwboyL",WallStreetMav,1630851.0,"[Quoting @WallStreetMav]: Even Obama is endorsing the DOGE Act and getting rid wasteful spending.

It is great to see both sides coming together to Make America Great Again !!! https://t.co/oOEaAwboyL
[Musk]: 🔥🔥",quote,0.0043728886003219,0.1556276053728578,0.0520302609232669,7,0,False,True,positive,0.7,['doge'],"[""DOGE""]",endorsement,False,none,agrees,DOGE,0.1682,0.1734,0.1734,0.1734,0.168,0.183,38360942.18,0.0,-3.1141868512110658,5.5363321799307945
1901470670774518086,Yes,40927.0,7034.0,197570.0,1195.0,45498471.0,2025-03-17 03:08:30+00:00,False,12301.0,,False,True,False,"2010. VP Joe Biden: We waste a heck of a lot of money. One third of Medicare goes to nothing useful. We have to figure out how to stop it from bankrupting the country.

Welcome to DOGE. https://t.co/VVhZo1LAi3",mazemoore,475383.0,"[Quoting @mazemoore]: 2010. VP Joe Biden: We waste a heck of a lot of money. One third of Medicare goes to nothing useful. We have to figure out how to stop it from bankrupting the country.

Welcome to DOGE. https://t.co/VVhZo1LAi3
[Musk]: Yes",quote,0.00542273167817,0.207151895530698,0.0356025712405729,3,0,False,True,positive,0.6,['doge'],"[""DOGE""]",endorsement,True,buy,agrees,DOGE,0.1682,0.1734,0.1734,0.1734,0.168,0.183,38360942.18,0.0,-3.1141868512110658,5.5363321799307945
1901415777489592456,"❤️🚀🚀❤️
 https://t.co/aAkJRKsu1Q",65939.0,19792.0,462077.0,2774.0,67255104.0,2025-03-16 23:30:22+00:00,False,17829.0,,False,False,False,,,,"❤️🚀🚀❤️
 https://t.co/aAkJRKsu1Q",original,0.0081864716170835,0.1427013246709964,0.0428326880584837,23,6,False,True,positive,0.7,['🚀'],[],none,False,none,,DOGE,0.1682,0.1734,0.1734,0.1734,0.168,0.183,38360942.18,0.0,-3.1141868512110658,5.5363321799307945
1901392047463903486,Such is my nature,7350.0,4915.0,46569.0,227.0,11917200.0,2025-03-16 21:56:04+00:00,False,966.0,,False,True,False,"Sept 2023: Walter Isaacson tells Vanity Fair that Elon Musk is the most intense person he’s met, focused on engineering and expanding humanity to Mars. “Nobody else was that way.” 

Does Elon bring that same intensity to @DOGE or will he finally get enough sleep? https://t.co/waU6RGheSi",GailAlfarATX,127527.0,"[Quoting @GailAlfarATX]: Sept 2023: Walter Isaacson tells Vanity Fair that Elon Musk is the most intense person he’s met, focused on engineering and expanding humanity to Mars. “Nobody else was that way.” 

Does Elon bring that same intensity to @DOGE or will he finally get enough sleep? https://t.co/waU6RGheSi
[Musk]: Such is my nature",quote,0.0049559460275903,0.157830316304838,0.1055423135562284,21,6,False,True,neutral,0.0,['doge'],"[""DOGE""]",none,False,none,neutral,DOGE,0.1682,0.1734,0.1734,0.1734,0.168,0.183,38360942.18,0.0,-3.1141868512110658,5.5363321799307945
1901200314973245480,Exactly,28337.0,3618.0,108043.0,613.0,17985684.0,2025-03-16 09:14:12+00:00,False,3970.0,,False,True,False,"NEW - David Sacks Exposes Real Reason Swamp Dems Are Hysterical About Musk’s DOGE Cuts |

“Then it hit me, they actually have come to believe that this taxpayer money is theirs and by returning it to the Treasury, Elon is stealing from them.”

David Sacks just nailed the swamp’s meltdown over Elon Musk and DOGE, arguing they’re raging because they see taxpayer cash as their personal piggy bank—not the American voter’s.

@DavidSacks laid it all out: 

“I was at the State of the Union and I was up in the balcony. I was looking down at the Democrats holding up these silly little signs and the sign that I saw the most was one that said ‘Musk steals’.”

“I really thought about that, which is, you know, how is Elon stealing? He’s returning money to the Treasury.”

“And then it hit me, they actually have come to believe that this taxpayer money is theirs and by returning it to the Treasury, Elon is stealing from them.”

“That’s my best explanation of why they’re in such hysterical state about this.”

“But of course, Elon isn’t stealing anything. He is making sure that the federal government is taking good care of our money and that we’re not wasting it, it’s not going to corruption or fraud, and I think that just has the swamp in an absolute tizzy because he, along with the president——they are draining the swamp.”",overton_news,131005.0,"[Quoting @overton_news]: NEW - David Sacks Exposes Real Reason Swamp Dems Are Hysterical About Musk’s DOGE Cuts |

“Then it hit me, they actually have come to believe that this taxpayer money is theirs and by returning it to the Treasury, Elon is stealing from them.”

David Sacks just nailed the swamp’s meltdown over Elon Musk and DOGE, arguing they’re raging because they see taxpayer cash as their personal piggy bank—not the American voter’s.

@DavidSacks laid it all out: 

“I was at the State of the Union and I was up in the balcony. I was looking down at the Democrats holding up these silly little signs and the sign that I saw the most was one that said ‘Musk steals’.”

“I really thought about that, which is, you know, how is Elon stealing? He’s returning money to the Treasury.”

“And then it hit me, they actually have come to believe that this taxpayer money is theirs and by returning it to the Treasury, Elon is stealing from them.”

“That’s my best explanation of why they’re in such hysterical state about this.”

“But of course, Elon isn’t stealing anything. He is making sure that the federal government is taking good care of our money and that we’re not wasting it, it’s not going to corruption or fraud, and I think that just has the swamp in an absolute tizzy because he, along with the president——they are draining the swamp.”
[Musk]: Exactly",quote,0.0078179400905742,0.2622752052423572,0.0334866673454087,9,6,False,True,positive,0.7,['doge'],"[""DOGE""]",endorsement,False,none,agrees,DOGE,0.176,0.1682,0.1682,0.1682,0.1734,0.1726,39189719.56,0.0,3.0915576694411477,2.615933412604052
1518677066325053441,🚀💫♥️ Yesss!!! ♥️💫🚀 https://t.co/0T9HzUHuh6,311782.0,134165.0,2391541.0,59375.0,,2022-04-25 19:43:22+00:00,False,8487.0,,False,False,False,,,,🚀💫♥️ Yesss!!! ♥️💫🚀 https://t.co/0T9HzUHuh6,original,,0.1303686618795161,0.056099811794989,19,0,True,True,positive,0.8,['🚀'],[],none,False,none,,DOGE,0.1581,0.1377,0.1377,0.1377,0.14,0.1294,273734258.45,0.0,1.6702977487291388,-6.0275962236746565
1516168344860307464,@Erdayastronaut ♥️🚀✨,728.0,1137.0,20877.0,40.0,,2022-04-18 21:34:37+00:00,True,17.0,Erdayastronaut,False,False,False,,,,@Erdayastronaut ♥️🚀✨,reply,,0.0348709105714422,0.0544618479666618,21,0,False,True,positive,0.6,['🚀'],[],none,False,none,,DOGE,0.1402,0.1427,0.1427,0.1427,0.1407,0.1377,36778111.78,0.0,-1.4015416958654534,-3.5038542396636334
1449862940610514954,"(\_/)
( •_•)
/ &gt;🚀",43512.0,51391.0,366097.0,6115.0,,2021-10-17 22:20:36+00:00,False,981.0,,False,False,False,,,,"(\_/)
( •_•)
/ &gt;🚀",original,,0.1188537464114701,0.1403753649988937,22,6,False,True,positive,0.7,['🚀'],[],meme_joke,False,none,,DOGE,0.2378,0.2472,0.2472,0.2472,0.2455,0.2649,215396355.91,0.0,-0.6877022653721712,7.160194174757289
1401096409428934659,💦🚀 –&gt; 🌙,23659.0,50074.0,267028.0,6780.0,,2021-06-05 08:39:49+00:00,False,483.0,,False,False,False,,,,💦🚀 –&gt; 🌙,original,,0.0886011953802597,0.1875234057851611,8,5,False,True,positive,0.8,"['🌙', '🚀']","[""DOGE""]",meme_joke,True,buy,,DOGE,0.3762,0.3717,0.3717,0.3717,0.3713,0.3119,148813006.71,0.0,-0.107613666935689,-16.088243206887263
1400620080090730501,#Bitcoin 💔 https://t.co/lNnEfMdtJf,18683.0,49098.0,188236.0,8940.0,,2021-06-04 01:07:04+00:00,False,913.0,,False,False,False,,,,#Bitcoin 💔 https://t.co/lNnEfMdtJf,original,,0.0992530653010051,0.2608321468794492,1,4,False,True,negative,-0.6,['bitcoin'],"[""BTC""]",market_commentary,True,sell,,BTC,39229.66,36861.5,36861.5,36861.5,35538.4,37339.98,1837944242.33,0.0,-3.5893818753984474,1.2980480989650536
1395027147161489412,Tesla has 💎 🙌,48438.0,62126.0,406750.0,17803.0,,2021-05-19 14:42:44+00:00,False,686.0,,False,False,False,,,,Tesla has 💎 🙌,original,,0.1190854333128457,0.1527375537799631,14,2,True,True,positive,0.7,['💎'],[],payment_adoption,True,buy,,DOGE,0.3313,0.3993,0.3993,0.3993,0.3588,0.3337,410833750.44,0.0,-10.142749812171296,-16.428750313047832
1538406040374595585,I will keep supporting Dogecoin,31721.0,33197.0,353037.0,5944.0,,2022-06-19 06:19:16+00:00,False,817.0,,False,False,False,,,,I will keep supporting Dogecoin,original,,0.0898517719105929,0.0940326368057739,6,6,False,True,positive,0.8,['dogecoin'],"[""DOGE""]",endorsement,True,buy,,DOGE,0.05282,0.06042,0.06042,0.06042,0.05996,0.07295,103019758.27,0.0,-0.7613373055279743,20.738166170142335
1531699416490557440,"@BillyM2k @PinballReed @crikey_news @ummjackson @cameronwilson You’re humble bro. 

Billy’s sense of humor &amp; irreverence is a big part of why people love Dogecoin.",1032.0,817.0,10748.0,68.0,,2022-05-31 18:09:33+00:00,True,43.0,BillyM2k,False,False,False,,,,"@BillyM2k @PinballReed @crikey_news @ummjackson @cameronwilson You’re humble bro. 

Billy’s sense of humor &amp; irreverence is a big part of why people love Dogecoin.",reply,,0.0960178637886118,0.0760141421659843,18,1,True,True,positive,0.7,['dogecoin'],"[""DOGE""]",endorsement,False,none,,DOGE,0.08581,0.08094,0.08094,0.08094,0.0827,0.07923,46665315.12,0.0,2.17445021003212,-2.1126760563380325
1531696049064116225,@PinballReed @crikey_news @ummjackson @cameronwilson And Palmer always forgets to mention that he never wrote a single line of Dogecoin code …,258.0,186.0,3320.0,38.0,,2022-05-31 17:56:10+00:00,True,38.0,elonmusk,False,False,False,,,,@PinballReed @crikey_news @ummjackson @cameronwilson And Palmer always forgets to mention that he never wrote a single line of Dogecoin code …,reply,,0.0777108433734939,0.0560240963855421,17,1,True,True,negative,-0.4,['dogecoin'],"[""DOGE""]",criticism,False,none,,DOGE,0.08581,0.08094,0.08094,0.08094,0.0827,0.07923,46665315.12,0.0,2.17445021003212,-2.1126760563380325
1530209049261658112,"Tesla merch can be bought with Doge, soon SpaceX merch too",16494.0,11917.0,181128.0,2632.0,,2022-05-27 15:27:21+00:00,False,348.0,,False,False,False,,,,"Tesla merch can be bought with Doge, soon SpaceX merch too",original,,0.0910626739101629,0.0657932511814849,15,4,True,True,positive,0.7,['doge'],"[""DOGE""]",payment_adoption,True,buy,,DOGE,0.08142,0.08179,0.08179,0.08179,0.08266,0.08181,31570841.07,0.0,1.0636997187920232,0.024452867098657842
1529963471248449556,"@davidgokhshtein Dogecoin Trillionaire, the Movie 🍿",2076.0,1248.0,15724.0,305.0,,2022-05-26 23:11:31+00:00,True,62.0,davidgokhshtein,False,False,False,,,,"@davidgokhshtein Dogecoin Trillionaire, the Movie 🍿",reply,,0.1320274739252098,0.0793691172729585,23,3,False,True,positive,0.6,['dogecoin'],"[""DOGE""]",meme_joke,False,none,,DOGE,0.07782,0.08142,0.08142,0.08142,0.08179,0.0802,79828605.84,0.0,0.4544338000491222,-1.4984033407025457
1522669381435596800,@BillyM2k Like thrust on a 🚀!,1064.0,1631.0,24709.0,82.0,,2022-05-06 20:07:25+00:00,True,48.0,BillyM2k,False,False,False,,,,@BillyM2k Like thrust on a 🚀!,reply,,0.0430612327492007,0.0660083370431826,20,4,True,True,positive,0.7,['🚀'],"[""DOGE""]",meme_joke,False,none,,DOGE,0.1277,0.1275,0.1275,0.1275,0.1241,0.08931,50817386.96,0.0,-2.666666666666667,-29.95294117647059
1520657179908448258,@pmarca Haha he says “Bitcoin” so many times,1754.0,1671.0,26350.0,164.0,,2022-05-01 06:51:38+00:00,True,112.0,pmarca,False,False,False,,,,@pmarca Haha he says “Bitcoin” so many times,reply,,0.0665654648956356,0.063415559772296,6,6,False,True,neutral,0.0,['bitcoin'],"[""BTC""]",meme_joke,False,none,,BTC,37650.13,38480.53,38480.53,38480.53,38513.01,34033.77,659030267.75,0.0,0.084406321846407,-11.555869942539779
1517681356125392897,@BillyM2k @engineers_feed So many “verified” scam crypto bots!,902.0,1017.0,12851.0,109.0,,2022-04-23 01:46:47+00:00,True,17.0,BillyM2k,False,False,False,,,,@BillyM2k @engineers_feed So many “verified” scam crypto bots!,reply,,0.0701890903431639,0.0791378102871371,1,5,False,True,negative,-0.6,['crypto'],[],criticism,False,none,,DOGE,0.1363,0.1339,0.1339,0.1339,0.1319,0.1274,17596162.82,0.0,-1.4936519790888736,-4.854368932038819
1512954808394731521,@GonzaAbalos Maybe even an option to pay in Doge?,3811.0,2582.0,30642.0,871.0,,2022-04-10 00:45:10+00:00,True,76.0,elonmusk,False,False,False,,,,@GonzaAbalos Maybe even an option to pay in Doge?,reply,,0.1243717772991319,0.0842634292800731,0,6,False,True,positive,0.6,['doge'],"[""DOGE""]",payment_adoption,False,none,,DOGE,0.1442,0.1482,0.1482,0.1482,0.1342,0.1393,134244472.46,0.0,-9.446693657219962,-6.005398110661263
1512802419301826575,@jspeedymorris22 @darrenrovell Now subtract crypto scam accounts that twitter constantly shows as “real” people in everyone’s feed,2215.0,2701.0,24401.0,307.0,,2022-04-09 14:39:37+00:00,True,42.0,jspeedymorris22,False,False,False,,,,@jspeedymorris22 @darrenrovell Now subtract crypto scam accounts that twitter constantly shows as “real” people in everyone’s feed,reply,,0.0907749682390066,0.1106921847465267,14,5,False,True,negative,-0.7,['crypto'],[],criticism,False,none,,DOGE,0.1442,0.1482,0.1482,0.1482,0.1342,0.1393,134244472.46,0.0,-9.446693657219962,-6.005398110661263
1510694443476729865,"@Erdayastronaut @Tesla Raptor pump power is over 100MW per engine &amp; 33 engines, means over 3GW. Not even remotely possible for electric motors &amp; batteries to compete.",544.0,478.0,9893.0,63.0,,2022-04-03 19:03:17+00:00,True,64.0,Erdayastronaut,False,False,False,,,,"@Erdayastronaut @Tesla Raptor pump power is over 100MW per engine &amp; 33 engines, means over 3GW. Not even remotely possible for electric motors &amp; batteries to compete.",reply,,0.0549883756191246,0.0483169918123926,19,6,False,True,neutral,0.0,['pump'],[],none,False,none,,DOGE,0.1465,0.1484,0.1484,0.1484,0.1724,0.1342,145020648.33,0.0,16.17250673854447,-9.568733153638806
1261416824459030529,"@jk_rowling Pretty much, although massive currency issuance by govt central banks is making Bitcoin Internet 👻 money look solid by comparison",2434.0,625.0,13348.0,545.0,,2020-05-15 22:03:01+00:00,True,137.0,jk_rowling,False,False,False,,,,"@jk_rowling Pretty much, although massive currency issuance by govt central banks is making Bitcoin Internet 👻 money look solid by comparison",reply,,0.1823494156427929,0.0468234941564279,22,4,False,True,positive,0.4,['bitcoin'],"[""BTC""]",market_commentary,False,none,,BTC,9311.69,9387.08,9387.08,9387.08,9670.56,9186.19,348262438.61,0.0,3.0198954307409713,-2.140069116274703
1258582518573350912,"@raytech247 @flcnhvy @Erdayastronaut @ValkyrieBaron11 @NASASpaceflight Yes, mostly because you can use the ship every week going to the moon instead of every two years for Mars (best case)",58.0,59.0,1364.0,4.0,,2020-05-08 02:20:30+00:00,True,9.0,theraymerbrown,False,False,False,,,,"@raytech247 @flcnhvy @Erdayastronaut @ValkyrieBaron11 @NASASpaceflight Yes, mostly because you can use the ship every week going to the moon instead of every two years for Mars (best case)",reply,,0.0425219941348973,0.0432551319648093,2,4,False,True,neutral,0.0,['to the moon'],[],none,False,none,,DOGE,0.002612,0.002603,0.002603,0.002603,0.00257,0.002513,54641.38,0.0,-1.2677679600461023,-3.457548981943903
1256353943765921792,@Bitcoin How much for some anime Bitcoin? https://t.co/itqRslFNcb,2091.0,964.0,16612.0,549.0,,2020-05-01 22:44:56+00:00,True,244.0,Bitcoin,False,False,False,,,,@Bitcoin How much for some anime Bitcoin? https://t.co/itqRslFNcb,reply,,0.1258728629906092,0.0580303395136046,22,4,False,True,positive,0.3,['bitcoin'],"[""BTC""]",meme_joke,False,none,,BTC,8829.12,8981.11,8981.11,8981.11,8907.19,9541.13,321429140.42,0.0,-0.8230608465991406,6.235532133555859
1254039929333649409,@28delayslater @justpaulinelol Dogecoin Mode,257.0,134.0,2275.0,81.0,,2020-04-25 13:29:52+00:00,True,23.0,28delayslater,False,False,False,,,,@28delayslater @justpaulinelol Dogecoin Mode,reply,,0.1129670329670329,0.0589010989010989,13,5,False,True,positive,0.6,['dogecoin'],"[""DOGE""]",endorsement,True,buy,,DOGE,0.002118,0.002416,0.002416,0.002416,0.002349,0.002544,74525.83,0.0,-2.773178807947029,5.298013245033097
1253113227095007233,"In advance of this, please try to hack Starlink &amp; Tesla Mothership!",1678.0,649.0,19832.0,174.0,,2020-04-23 00:07:29+00:00,False,141.0,,False,True,False,"We’re excited to announce that @ElonMusk is doing an AMA this Friday at 1pm PT / 4pm ET with Hack Club students! 🚀🛰☀️🚘🧠🕳

Follow us at @hackclub we'll post a link to the livestream 20 min before the AMA starts so you can tune in! https://t.co/y3CCnDaVsa",hackclub,18229.0,"[Quoting @hackclub]: We’re excited to announce that @ElonMusk is doing an AMA this Friday at 1pm PT / 4pm ET with Hack Club students! 🚀🛰☀️🚘🧠🕳

Follow us at @hackclub we'll post a link to the livestream 20 min before the AMA starts so you can tune in! https://t.co/y3CCnDaVsa
[Musk]: In advance of this, please try to hack Starlink &amp; Tesla Mothership!",quote,,0.0846107301331181,0.0327248890681726,0,3,False,True,neutral,0.0,['🚀'],[],none,False,none,amplifying,DOGE,0.002038,0.002062,0.002062,0.002062,0.002067,0.002464,33535.39,0.0,0.24248302618815695,19.495635305528612
1251670939177152512,"@Erdayastronaut I sure hope so! This will inspire the world &amp; get people excited about the future, just as Apollo did. It wasn’t just that a few people went to the moon, they went there for all humankind.",162.0,84.0,2450.0,9.0,,2020-04-19 00:36:21+00:00,True,12.0,Erdayastronaut,False,False,False,,,,"@Erdayastronaut I sure hope so! This will inspire the world &amp; get people excited about the future, just as Apollo did. It wasn’t just that a few people went to the moon, they went there for all humankind.",reply,,0.0661224489795918,0.0342857142857142,0,6,False,True,neutral,0.0,['to the moon'],[],none,False,none,,DOGE,0.00209,0.002077,0.002077,0.002077,0.002049,0.002416,54092.77,0.0,-1.348098218584488,16.32161771786232
1251345322883727361,Orbital human spaceflight returns to the Cape in six weeks!,2962.0,775.0,26490.0,212.0,,2020-04-18 03:02:28+00:00,False,88.0,,False,True,False,"Before our Apollo astronauts launched to the Moon, they had to walk out of these doors at @NASAKennedy. 

And when we launch @AstroBehnken and @Astro_Doug on the @SpaceX Demo-2 mission, these doors will be used again.

Prepare to #LaunchAmerica on May 27: https://t.co/BtWva5fpmF https://t.co/PAYSDdl6Cm",NASA,85831331.0,"[Quoting @NASA]: Before our Apollo astronauts launched to the Moon, they had to walk out of these doors at @NASAKennedy. 

And when we launch @AstroBehnken and @Astro_Doug on the @SpaceX Demo-2 mission, these doors will be used again.

Prepare to #LaunchAmerica on May 27: https://t.co/BtWva5fpmF https://t.co/PAYSDdl6Cm
[Musk]: Orbital human spaceflight returns to the Cape in six weeks!",quote,,0.1118157795394488,0.0292563231408078,3,5,False,True,positive,0.7,['to the moon'],[],none,False,none,amplifying,DOGE,0.002058,0.00209,0.00209,0.00209,0.002077,0.002118,35898.02,0.0,-0.62200956937799,1.339712918660299
1806942360552829011,"𝕏 US usage reaches all-time high! 🚀

76B total user-seconds in the US, beating the previous record by 5%.",8146.0,7837.0,102283.0,844.0,46952244.0,2024-06-29 06:46:44+00:00,False,1455.0,,False,False,False,,,,"𝕏 US usage reaches all-time high! 🚀

76B total user-seconds in the US, beating the previous record by 5%.",original,0.0025368329573342,0.0796417782036115,0.0766207483159469,6,5,False,True,positive,0.7,['🚀'],[],none,False,none,,DOGE,0.1228,0.1217,0.1217,0.1217,0.1243,0.1135,10886784.39,0.0,2.136400986031217,-6.737880032867706
1800595236416364845,"@SciGuySpace I think we can do it. Progress is accelerating. 

Starship offers a path to far greater payload to the Moon than is currently anticipated in the Artemis program. 

A permanently crewed Moon base is possible.",198.0,128.0,2614.0,35.0,98032.0,2024-06-11 18:25:32+00:00,True,76.0,SciGuySpace,False,False,False,,,,"@SciGuySpace I think we can do it. Progress is accelerating. 

Starship offers a path to far greater payload to the Moon than is currently anticipated in the Artemis program. 

A permanently crewed Moon base is possible.",reply,0.0303472335563897,0.0757459831675593,0.0489671002295332,18,1,True,True,neutral,0.0,['to the moon'],[],none,False,none,,DOGE,0.1381,0.1462,0.1462,0.1462,0.141,0.1225,90361315.59,0.0,-3.5567715458276403,-16.210670314637483
1799644167171125613,"Publish full-length, complex articles on 𝕏!",2933.0,2178.0,28059.0,147.0,26176065.0,2024-06-09 03:26:19+00:00,False,691.0,,False,True,False,I just published my first 𝕏 Article! Thank you @elonmusk for creating a platform for citizen journalism. 🚀,OwenSparks_,23281.0,"[Quoting @OwenSparks_]: I just published my first 𝕏 Article! Thank you @elonmusk for creating a platform for citizen journalism. 🚀
[Musk]: Publish full-length, complex articles on 𝕏!",quote,0.0012728039909741,0.104529740903097,0.0776221533197904,3,6,False,True,neutral,0.0,['🚀'],[],none,False,none,amplifying,DOGE,0.1459,0.1468,0.1468,0.1468,0.1447,0.137,22449720.16,0.0,-1.4305177111716745,-6.675749318801091
1798735740018516218,🚀🚀 Stainless Steel Rocket 🚀🚀,6169.0,5642.0,111460.0,693.0,48652558.0,2024-06-06 15:16:33+00:00,False,1413.0,,False,False,False,,,,🚀🚀 Stainless Steel Rocket 🚀🚀,original,0.0025479441389289,0.0553472097613493,0.0506190561636461,15,3,True,True,neutral,0.0,['🚀'],[],none,False,none,,DOGE,0.1601,0.1482,0.1482,0.1482,0.1459,0.1349,86818750.04,0.0,-1.5519568151147074,-8.974358974358978
1796716717927711094,"@Rothmus Over time, SpaceX will enable anyone to go to space and travel to the moon and Mars",147.0,298.0,1847.0,33.0,63151.0,2024-06-01 01:33:41+00:00,True,61.0,Rothmus,False,False,False,,,,"@Rothmus Over time, SpaceX will enable anyone to go to space and travel to the moon and Mars",reply,0.0368165191366724,0.0795885219274499,0.1613427179209529,1,5,False,True,neutral,0.0,['to the moon'],[],none,False,none,,DOGE,0.1589,0.1602,0.1602,0.1602,0.1571,0.1459,21551170.12,0.0,-1.9350811485643067,-8.926342072409492
1796211398088810731,"@cb_doge Pretty sure I’ve never discussed crypto with Trump, although I am generally in favor of things that shift power from government to the people, which crypto can do",1148.0,806.0,8646.0,303.0,665381.0,2024-05-30 16:05:43+00:00,True,298.0,cb_doge,False,False,False,,,,"@cb_doge Pretty sure I’ve never discussed crypto with Trump, although I am generally in favor of things that shift power from government to the people, which crypto can do",reply,0.0163861005949974,0.1327781633125144,0.0932222993291695,16,3,True,True,positive,0.4,['crypto'],[],market_commentary,False,none,,DOGE,0.1594,0.1589,0.1589,0.1589,0.1602,0.1482,47604648.84,0.0,0.8181246066708593,-6.73379483952172
1794022958996033811,"OG Doge has ascended to heaven to be with his friend Harambe

(@Not_the_Bee)",2318.0,2200.0,33246.0,224.0,4251937.0,2024-05-24 15:09:39+00:00,True,602.0,elonmusk,False,False,False,,,,"OG Doge has ascended to heaven to be with his friend Harambe

(@Not_the_Bee)",reply,0.0089342810112191,0.0697226734043193,0.0661733742405101,15,4,True,True,positive,0.7,['doge'],"[""DOGE""]",meme_joke,False,none,,DOGE,0.1638,0.1739,0.1739,0.1739,0.1661,0.1602,75982764.91,0.0,-4.485336400230018,-7.878090856814255
1420529868404518913,"@heydave7 We don’t have that many Bitcoin, but it’s close",1147.0,2795.0,22850.0,136.0,,2021-07-28 23:41:27+00:00,True,38.0,heydave7,False,False,False,,,,"@heydave7 We don’t have that many Bitcoin, but it’s close",reply,,0.0501969365426695,0.1223194748358862,23,2,False,True,neutral,0.1,['bitcoin'],"[""BTC""]",none,False,none,,BTC,40030.01,40030.52,40030.52,40030.52,42231.83,40888.18,1257968294.92,0.0,5.499079202568453,2.142515260855976
1416593609302945792,@ArtifactsHub And all-time hodl champion,785.0,919.0,9053.0,79.0,,2021-07-18 03:00:10+00:00,True,11.0,elonmusk,False,False,False,,,,@ArtifactsHub And all-time hodl champion,reply,,0.0867115873191207,0.101513310504805,3,6,False,True,positive,0.7,['hodl'],[],meme_joke,False,none,,DOGE,0.187,0.1818,0.1818,0.1818,0.1735,0.198,51854983.36,0.0,-4.565456545654567,8.910891089108922
1416441034469527556,@AshleyIllusion1 @lexfridman Lil X is hodling his Doge like a champ. Literally never said the word “sell” even once!,2455.0,1073.0,13188.0,261.0,,2021-07-17 16:53:53+00:00,True,62.0,AshleyIllusion1,False,False,False,,,,@AshleyIllusion1 @lexfridman Lil X is hodling his Doge like a champ. Literally never said the word “sell” even once!,reply,,0.1861540794661813,0.0813618441006976,16,5,False,True,positive,0.7,['doge'],"[""DOGE""]",endorsement,True,hold,,DOGE,0.187,0.1818,0.1818,0.1818,0.1735,0.198,51854983.36,0.0,-4.565456545654567,8.910891089108922
1414774945335361548,"@CGDaveMac Maybe if it sees a Shiba Inu, the car renders a Dogecoin …",3339.0,1792.0,19641.0,357.0,,2021-07-13 02:33:26+00:00,True,54.0,CGDaveMac,False,False,False,,,,"@CGDaveMac Maybe if it sees a Shiba Inu, the car renders a Dogecoin …",reply,,0.1700015274171376,0.0912377170205183,2,1,False,True,positive,0.4,"['dogecoin', 'shiba']","[""DOGE""]",meme_joke,False,none,,DOGE,0.2081,0.1999,0.1999,0.1999,0.1975,0.1705,40542243.5,0.0,-1.2006003001500678,-14.70735367683841
1413396249546563586,"@MattWallace888 BTC &amp; ETH are pursuing a multilayer transaction system, but base layer transaction rate is slow &amp; transaction cost is high.

There is merit imo to Doge maximizing base layer transaction rate &amp; minimizing transaction cost with exchanges acting as the de facto secondary layer.",5577.0,5950.0,23755.0,1407.0,,2021-07-09 07:15:00+00:00,True,196.0,MattWallace888,False,False,False,,,,"@MattWallace888 BTC &amp; ETH are pursuing a multilayer transaction system, but base layer transaction rate is slow &amp; transaction cost is high.

There is merit imo to Doge maximizing base layer transaction rate &amp; minimizing transaction cost with exchanges acting as the de facto secondary layer.",reply,,0.2347716270258892,0.2504735845085245,7,4,False,True,positive,0.6,"['btc', 'doge', 'eth']","[""BTC"", ""ETH"", ""DOGE""]",market_commentary,True,buy,,DOGE,0.2071,0.2198,0.2198,0.2198,0.2137,0.172,59237401.14,0.0,-2.7752502274795243,-21.74704276615105
1413012804437696513,I love this 🤣🤣,7564.0,6683.0,109637.0,645.0,,2021-07-08 05:51:19+00:00,False,854.0,,False,True,False,@elonmusk pump btc elon https://t.co/jef2gsd0Ql,Crypt0men,89199.0,"[Quoting @Crypt0men]: @elonmusk pump btc elon https://t.co/jef2gsd0Ql
[Musk]: I love this 🤣🤣",quote,,0.0689913076789769,0.0609556992621104,5,3,False,True,positive,0.7,"['btc', 'pump']","[""BTC""]",meme_joke,False,none,amplifying,BTC,33880.79,32874.01,32874.01,32874.01,33804.2,31867.46,1573967671.27,0.0,2.8295604947494843,-3.061841253926743
1410797794630070278,@RenataKonkoly @thesheetztweetz @rookisaacman @johnkrausphotos @wapodavenport @blueorigin But can I pay in Doge?,2894.0,1262.0,14843.0,299.0,,2021-07-02 03:09:40+00:00,True,24.0,RenataKonkoly,False,False,False,,,,@RenataKonkoly @thesheetztweetz @rookisaacman @johnkrausphotos @wapodavenport @blueorigin But can I pay in Doge?,reply,,0.1949740618473354,0.0850232432796604,3,4,False,True,positive,0.3,['doge'],"[""DOGE""]",payment_adoption,False,none,,DOGE,0.2443,0.2452,0.2452,0.2452,0.2464,0.2198,30430571.55,0.0,0.48939641109298804,-10.35889070146819
1410529698497630212,"Baby Doge, doo, doo, doo, doo, doo,
Baby Doge, doo, doo, doo, doo, doo,
Baby Doge, doo, doo, doo, doo, doo,
Baby Doge",57397.0,55658.0,276721.0,12320.0,,2021-07-01 09:24:21+00:00,False,1142.0,,False,False,False,,,,"Baby Doge, doo, doo, doo, doo, doo,
Baby Doge, doo, doo, doo, doo, doo,
Baby Doge, doo, doo, doo, doo, doo,
Baby Doge",original,,0.2074183021888472,0.2011339941674104,9,3,False,True,positive,0.6,['doge'],"[""BABYDOGE""]",meme_joke,False,none,,BABYDOGE,,,,,,,,,,
1410519466518233089,Release the Doge! https://t.co/9bXCWQLIhu,13736.0,9730.0,114774.0,1435.0,,2021-07-01 08:43:41+00:00,False,393.0,,False,False,False,,,,Release the Doge! https://t.co/9bXCWQLIhu,original,,0.1196786728701622,0.0847752975412549,8,3,False,True,positive,0.7,['doge'],"[""DOGE""]",meme_joke,False,none,,DOGE,0.2541,0.2443,0.2443,0.2443,0.2452,0.2071,67184655.34,0.0,0.36839950880065986,-15.227179697093732
1098619793844797441,"@katlinegrey SpaceX commercial 🚀 launch market share went from 0% in 2010 to 65% in 2018. Despite massive subsidies to Boeing/Lockeed, they have never won a fair competition against SpaceX for several years. https://t.co/sqAYCCcJtd",182.0,61.0,1757.0,26.0,,2019-02-21 16:25:44+00:00,True,20.0,elonmusk,False,False,False,,,,"@katlinegrey SpaceX commercial 🚀 launch market share went from 0% in 2010 to 65% in 2018. Despite massive subsidies to Boeing/Lockeed, they have never won a fair competition against SpaceX for several years. https://t.co/sqAYCCcJtd",reply,,0.1035856573705179,0.0347182697780307,16,3,True,True,positive,0.7,['🚀'],[],none,False,none,,DOGE,0.002037,0.002069,0.002069,0.002069,0.002073,0.001989,77463.7,0.0,0.1933301111648186,-3.8666022232962884
1098535502846648320,@Tom_Heats @coindesk Whoever owns the early BTC deserves a Nobel prize in delayed gratification,898.0,192.0,5780.0,116.0,,2019-02-21 10:50:48+00:00,True,23.0,hansruscha,False,False,False,,,,@Tom_Heats @coindesk Whoever owns the early BTC deserves a Nobel prize in delayed gratification,reply,,0.1553633217993079,0.0332179930795847,10,3,False,True,positive,0.7,['btc'],"[""BTC""]",market_commentary,False,none,,BTC,3974.05,3937.04,3937.04,3937.04,3983.53,3823.37,187314178.85,0.0,1.1808363643752726,-2.887194440493367
1095505171763716096,"@jack @karaswisher Thanks Jack, Twitter rocks! 🤡😎🌪💩🔥🥜💨🍃💫🚀🥰",377.0,188.0,6501.0,89.0,,2019-02-13 02:09:21+00:00,True,19.0,jack,False,False,False,,,,"@jack @karaswisher Thanks Jack, Twitter rocks! 🤡😎🌪💩🔥🥜💨🍃💫🚀🥰",reply,,0.0579910782956468,0.0289186279033994,2,2,False,True,positive,0.7,['🚀'],[],none,False,none,,DOGE,0.001817,0.001867,0.001867,0.001867,0.001881,0.002069,25537.23,0.0,0.7498660953401245,10.81949651847885
1088671896332165120,"If test flight of 🐉 goes well next month, @NASA 👨‍🚀 👩‍🚀 will 🚀 to @Space_Station this summer!",3142.0,888.0,40923.0,241.0,,2019-01-25 05:36:21+00:00,False,33.0,,False,False,False,,,,"If test flight of 🐉 goes well next month, @NASA 👨‍🚀 👩‍🚀 will 🚀 to @Space_Station this summer!",original,,0.0767783398089094,0.0216992889084377,5,4,False,True,positive,0.8,['🚀'],[],none,False,none,,DOGE,0.002069,0.002042,0.002042,0.002042,0.002039,0.00187,23170.26,0.0,-0.14691478942213343,-8.423114593535752
1085728774811865088,"@WevolverApp @SpaceX Dragon 2 was originally designed to land with thrusters, but it’s not the right architecture for heavy transport to the moon or Mars, so we decided not to qualify it for thruster landings",154.0,83.0,4773.0,7.0,,2019-01-17 02:41:26+00:00,True,4.0,WevolverApp,False,False,False,,,,"@WevolverApp @SpaceX Dragon 2 was originally designed to land with thrusters, but it’s not the right architecture for heavy transport to the moon or Mars, so we decided not to qualify it for thruster landings",reply,,0.0322648229624973,0.0173894825057615,2,3,False,True,neutral,0.0,['to the moon'],[],none,False,none,,DOGE,0.00207,0.002085,0.002085,0.002085,0.002056,0.002069,37222.54,0.0,-1.390887290167863,-0.7673860911270962
1896334881619378556,The American people like what they see,16449.0,6840.0,108955.0,506.0,8612022.0,2025-03-02 23:00:42+00:00,False,1016.0,,False,True,False,"🚨🇺🇸WHITE HOUSE: 76% OF AMERICANS BACK DOGE—ELON AND TRUMP DELIVERING RESULTS

With government bloat shrinking, illegal border crossings at a 15-year low, and record-high approval for Trump’s policies, Americans are seeing real results—and they approve.

While Democrats hit their lowest approval since 2018, Trump’s policies are winning big. Efficiency. Security. Savings. The new era of government is here.

Source: CBS 4 Local, Harvard/Harris Poll",MarioNawfal,2124218.0,"[Quoting @MarioNawfal]: 🚨🇺🇸WHITE HOUSE: 76% OF AMERICANS BACK DOGE—ELON AND TRUMP DELIVERING RESULTS

With government bloat shrinking, illegal border crossings at a 15-year low, and record-high approval for Trump’s policies, Americans are seeing real results—and they approve.

While Democrats hit their lowest approval since 2018, Trump’s policies are winning big. Efficiency. Security. Savings. The new era of government is here.

Source: CBS 4 Local, Harvard/Harris Poll
[Musk]: The American people like what they see",quote,0.0154144984766643,0.1509705841861318,0.0627782111881051,23,6,False,True,positive,0.7,['doge'],"[""DOGE""]",endorsement,False,none,agrees,DOGE,0.2394,0.199,0.199,0.199,0.1991,0.1539,150546782.79,0.0,0.0502512562814015,-22.66331658291457
1896154201547501838,"@DOGE is a threat to the bureaucracy 
 https://t.co/nFw18EFBCz",2748.0,993.0,24092.0,133.0,835992.0,2025-03-02 11:02:45+00:00,True,383.0,DOGE,False,False,False,,,,"@DOGE is a threat to the bureaucracy 
 https://t.co/nFw18EFBCz",reply,0.0334524732294088,0.1140627594222148,0.0412170014942719,11,6,False,True,positive,0.7,['doge'],"[""DOGE""]",market_commentary,False,none,,DOGE,0.2067,0.2394,0.2394,0.199,0.199,0.168,155180157.85,-16.87552213868003,-16.87552213868003,-29.82456140350877
1896146184793903406,"@stillgray Just another far left propaganda machine. 

@DOGE has pushed to hire, not fire air traffic controllers!",346.0,248.0,2695.0,21.0,2261286.0,2025-03-02 10:30:53+00:00,True,78.0,stillgray,False,False,False,,,,"@stillgray Just another far left propaganda machine. 

@DOGE has pushed to hire, not fire air traffic controllers!",reply,0.0014637688465766,0.1283858998144712,0.0920222634508348,10,6,False,True,positive,0.6,['doge'],"[""DOGE""]",endorsement,False,none,,DOGE,0.2067,0.2394,0.2394,0.2394,0.199,0.168,155180157.85,0.0,-16.87552213868003,-29.82456140350877
1895972940950487425,Exactly,22488.0,3547.0,89925.0,255.0,15910057.0,2025-03-01 23:02:29+00:00,False,1704.0,,False,True,False,"NEW: Sen. Pete Ricketts says Elon Musk and DOGE found ""stunning"" waste like 37,000 software licenses for a government agency with 13,000 employees.

""Many of the licenses had never been used.""

""We got 2.4 million federal employees. We have 4.6 million credit cards out there. That just leads to opportunities for fraud.""

""He said there are 22 million people in our Social Security system that are clearly dead. These are the kinds of things that open it up to fraud.""

""Subscriptions that aren't being used.""

""You have a contract officer who retired but didn't turn off the faucet. The money was still going out. Most companies getting federal dollars probably don't say anything.""

""Even if they wanted to say, 'Hey, we're not supposed to get this money anymore,' you'd have almost no way to find out who to contact to get the money shut off and make sure taxpayer dollars weren't being wasted.""",KanekoaTheGreat,1069075.0,"[Quoting @KanekoaTheGreat]: NEW: Sen. Pete Ricketts says Elon Musk and DOGE found ""stunning"" waste like 37,000 software licenses for a government agency with 13,000 employees.

""Many of the licenses had never been used.""

""We got 2.4 million federal employees. We have 4.6 million credit cards out there. That just leads to opportunities for fraud.""

""He said there are 22 million people in our Social Security system that are clearly dead. These are the kinds of things that open it up to fraud.""

""Subscriptions that aren't being used.""

""You have a contract officer who retired but didn't turn off the faucet. The money was still going out. Most companies getting federal dollars probably don't say anything.""

""Even if they wanted to say, 'Hey, we're not supposed to get this money anymore,' you'd have almost no way to find out who to contact to get the money shut off and make sure taxpayer dollars weren't being wasted.""
[Musk]: Exactly",quote,0.0073044992862062,0.2500750625521267,0.0394439810953572,23,5,False,True,positive,0.7,['doge'],"[""DOGE""]",endorsement,False,none,agrees,DOGE,0.2067,0.2394,0.2394,0.2394,0.199,0.168,155180157.85,0.0,-16.87552213868003,-29.82456140350877
1895942156197703763,"@nicksortor DOGE has very high approval from the people as a whole, but the grifters super hate it",448.0,442.0,3972.0,28.0,76759.0,2025-03-01 21:00:09+00:00,True,38.0,nicksortor,False,False,False,,,,"@nicksortor DOGE has very high approval from the people as a whole, but the grifters super hate it",reply,0.0637058846519626,0.1127895266868076,0.1112789526686807,21,5,False,True,positive,0.7,['doge'],"[""DOGE""]",endorsement,True,buy,,DOGE,0.2067,0.2394,0.2394,0.2394,0.199,0.168,155180157.85,0.0,-16.87552213868003,-29.82456140350877
1895933029262246189,"@samstein All federal government departments are cooperating with @DOGE. 

For State, DoD and a few others, the supervisors are gathering the weekly accomplishments on behalf of individual contributors.",93.0,96.0,912.0,18.0,53943.0,2025-03-01 20:23:53+00:00,True,28.0,samstein,False,False,False,,,,"@samstein All federal government departments are cooperating with @DOGE. 

For State, DoD and a few others, the supervisors are gathering the weekly accomplishments on behalf of individual contributors.",reply,0.0207441187920582,0.1019736842105263,0.1052631578947368,20,5,False,True,positive,0.6,['doge'],"[""DOGE""]",partnership,False,none,,DOGE,0.2067,0.2394,0.2394,0.2394,0.199,0.168,155180157.85,0.0,-16.87552213868003,-29.82456140350877
1895914700917051595,More of your tax dollars saved,18153.0,5771.0,99284.0,456.0,22891588.0,2025-03-01 19:11:03+00:00,False,1257.0,,False,True,False,"Yesterday, agencies cancelled 128 contracts for ~$60M of savings.  Total terminations of wasteful contracts has now surpassed 3,000 since DOGE’s inception!

This included a $3.5M consulting contract for “larval fish monitoring” that “the Bureau of Reclamation identified as non-essential.”",DOGE,4628942.0,"[Quoting @DOGE]: Yesterday, agencies cancelled 128 contracts for ~$60M of savings.  Total terminations of wasteful contracts has now surpassed 3,000 since DOGE’s inception!

This included a $3.5M consulting contract for “larval fish monitoring” that “the Bureau of Reclamation identified as non-essential.”
[Musk]: More of your tax dollars saved",quote,0.0054021590813184,0.1828391281576084,0.0581261834736714,19,5,False,True,positive,0.7,['doge'],"[""DOGE""]",endorsement,False,none,agrees,DOGE,0.2067,0.2394,0.2394,0.2394,0.199,0.168,155180157.85,0.0,-16.87552213868003,-29.82456140350877
1895855353407123584,"The President has made it clear that this is mandatory for the executive branch. 

Anyone working on classified or other sensitive matters is still required to respond if they receive the email, but can simply reply that their work is sensitive.",19585.0,5922.0,106405.0,477.0,20075619.0,2025-03-01 15:15:14+00:00,False,2106.0,,False,True,False,"🚨DEF SEC HEGSETH TO REQUIRE DoD STAFF TO RESPOND TO DOGE’S ‘WHAT DID YOU DO LAST WEEK’ EMAIL

He will ask DoD personnel to submit the report to supervisors while cc’ing OPM.

Employees were initially told to delay responding to the ‘What did you do last week’ email from DOGE.

Hegseth is expected to formalize the directive in a memo next week.

Source: @ShelbyTalcott , Semafor, @DOGE",MarioNawfal,2124218.0,"[Quoting @MarioNawfal]: 🚨DEF SEC HEGSETH TO REQUIRE DoD STAFF TO RESPOND TO DOGE’S ‘WHAT DID YOU DO LAST WEEK’ EMAIL

He will ask DoD personnel to submit the report to supervisors while cc’ing OPM.

Employees were initially told to delay responding to the ‘What did you do last week’ email from DOGE.

Hegseth is expected to formalize the directive in a memo next week.

Source: @ShelbyTalcott , Semafor, @DOGE
[Musk]: The President has made it clear that this is mandatory for the executive branch. 

Anyone working on classified or other sensitive matters is still required to respond if they receive the email, but can simply reply that their work is sensitive.",quote,0.0065945164629792,0.1840608993938254,0.055655279357173,15,5,False,True,neutral,0.0,['doge'],"[""DOGE""]",regulatory,False,none,amplifying,DOGE,0.2067,0.2394,0.2394,0.2394,0.199,0.168,155180157.85,0.0,-16.87552213868003,-29.82456140350877
1895840275618283992,Reducing fraud &amp; waste of your tax dollars by a trillion dollars in 2026 is possible,33433.0,9938.0,179278.0,915.0,30610951.0,2025-03-01 14:15:19+00:00,False,3029.0,,False,True,False,DON JR: “DOGE has uncovered $100 billion in waste. $100 billion. Imagine what we could do for American people who have been suffering … Think of what we can do with four years of these kinds of finds once @elonmusk and his team get into the rest of … the agencies” https://t.co/HDY6MXIRbZ,TheChiefNerd,810217.0,"[Quoting @TheChiefNerd]: DON JR: “DOGE has uncovered $100 billion in waste. $100 billion. Imagine what we could do for American people who have been suffering … Think of what we can do with four years of these kinds of finds once @elonmusk and his team get into the rest of … the agencies” https://t.co/HDY6MXIRbZ
[Musk]: Reducing fraud &amp; waste of your tax dollars by a trillion dollars in 2026 is possible",quote,0.0073033993618819,0.1864869086000513,0.0554334608819821,14,5,False,True,positive,0.7,['doge'],"[""DOGE""]",endorsement,False,none,agrees,DOGE,0.2067,0.2394,0.2394,0.2394,0.199,0.168,155180157.85,0.0,-16.87552213868003,-29.82456140350877
1895677018710425710,@DOGE Not good uses of taxpayer money,571.0,559.0,10586.0,20.0,421317.0,2025-03-01 03:26:35+00:00,True,73.0,DOGE,False,False,False,,,,@DOGE Not good uses of taxpayer money,reply,0.0278555102215196,0.0539391649348195,0.052805592291706,3,5,False,True,negative,-0.7,['doge'],"[""DOGE""]",criticism,False,none,,DOGE,0.2017,0.2067,0.2067,0.2067,0.2394,0.1922,43241595.41,0.0,15.820029027576203,-7.01499758103531
1895582575714058346,@BasedMikeLee @DOGE This will be interesting indeed,163.0,100.0,1856.0,6.0,47419.0,2025-02-28 21:11:18+00:00,True,20.0,BasedMikeLee,False,False,False,,,,@BasedMikeLee @DOGE This will be interesting indeed,reply,0.0448132605073915,0.0878232758620689,0.0538793103448275,21,4,False,True,positive,0.4,['doge'],"[""DOGE""]",market_commentary,False,none,,DOGE,0.2017,0.2067,0.2067,0.2067,0.2394,0.1922,43241595.41,0.0,15.820029027576203,-7.01499758103531
1895516784301846973,@MarshaBlackburn @DOGE Your support and that of the whole DOGE caucus is much appreciated!,190.0,161.0,2110.0,11.0,65395.0,2025-02-28 16:49:53+00:00,True,25.0,MarshaBlackburn,False,False,False,,,,@MarshaBlackburn @DOGE Your support and that of the whole DOGE caucus is much appreciated!,reply,0.0378010551265387,0.0900473933649289,0.076303317535545,16,4,True,True,positive,0.7,['doge'],"[""DOGE""]",endorsement,False,none,,DOGE,0.2017,0.2067,0.2067,0.2067,0.2394,0.1922,43241595.41,0.0,15.820029027576203,-7.01499758103531
1895491914994192597,Cool,3699.0,1048.0,24329.0,70.0,11324462.0,2025-02-28 15:11:03+00:00,False,230.0,,False,True,False,"Florida, Georgia, Iowa, Kansas, Missouri, New Hampshire, North Carolina, Oklahoma, South Carolina, Texas, and Wisconsin have created their own task forces and committees to find ways to cut state spending. 

DOGE is sweeping the country. 

Strange New York and California who need a DOGE the most don’t seem to want to cut spending. 

Not sure how democrats will get away with the position that cutting government waste, fraud and abuse is a bad thing but they are certainly trying.",DefiyantlyFree,947237.0,"[Quoting @DefiyantlyFree]: Florida, Georgia, Iowa, Kansas, Missouri, New Hampshire, North Carolina, Oklahoma, South Carolina, Texas, and Wisconsin have created their own task forces and committees to find ways to cut state spending. 

DOGE is sweeping the country. 

Strange New York and California who need a DOGE the most don’t seem to want to cut spending. 

Not sure how democrats will get away with the position that cutting government waste, fraud and abuse is a bad thing but they are certainly trying.
[Musk]: Cool",quote,0.002573720499923,0.1520407743844794,0.0430761642484278,15,4,True,True,positive,0.6,['doge'],"[""DOGE""]",endorsement,False,none,agrees,DOGE,0.2017,0.2067,0.2067,0.2067,0.2394,0.1922,43241595.41,0.0,15.820029027576203,-7.01499758103531
1895487378959294940,Cool,3411.0,1370.0,26934.0,64.0,17977952.0,2025-02-28 14:53:02+00:00,False,366.0,,False,True,False,This is the first official confirmation that DOGE is a huge success,zerohedge,2058821.0,"[Quoting @zerohedge]: This is the first official confirmation that DOGE is a huge success
[Musk]: Cool",quote,0.0017676651934547,0.1266429048785921,0.0508650775970891,14,4,True,True,positive,0.6,['doge'],"[""DOGE""]",endorsement,True,buy,agrees,DOGE,0.2017,0.2067,0.2067,0.2067,0.2394,0.1922,43241595.41,0.0,15.820029027576203,-7.01499758103531
1895373080807252068,So many such situations,3131.0,1011.0,17071.0,56.0,11156623.0,2025-02-28 07:18:51+00:00,False,248.0,,False,True,False,"In 2023, @USOPM took out a $6M loan (Technology Modernization Fund) to convert the https://t.co/kL4x9kEjGd website to a new platform. After spending $5M, it is nowhere near complete and, if it was finished, would cost $400k/year to host (current OPM website hosting cost is <$1k/year).  OPM has cancelled the project and will give back the remaining funds.",DOGE,4628942.0,"[Quoting @DOGE]: In 2023, @USOPM took out a $6M loan (Technology Modernization Fund) to convert the https://t.co/kL4x9kEjGd website to a new platform. After spending $5M, it is nowhere near complete and, if it was finished, would cost $400k/year to host (current OPM website hosting cost is <$1k/year).  OPM has cancelled the project and will give back the remaining funds.
[Musk]: So many such situations",quote,0.001906401247044,0.1834104621873352,0.0592232440981781,7,4,False,True,neutral,0.0,['doge'],"[""DOGE""]",none,False,none,agrees,DOGE,0.2067,0.2017,0.2017,0.2017,0.2067,0.1983,134347863.61,0.0,2.478929102627667,-1.6856717897868054
1895298016418111972,@dvorahfr @SpaceX Cool 🚀,37.0,65.0,560.0,5.0,22173.0,2025-02-28 02:20:34+00:00,True,4.0,dvorahfr,False,False,False,,,,@dvorahfr @SpaceX Cool 🚀,reply,0.0300816308122491,0.0660714285714285,0.1160714285714285,2,4,False,True,neutral,0.0,['🚀'],[],none,False,none,,DOGE,0.2067,0.2017,0.2017,0.2017,0.2067,0.1983,134347863.61,0.0,2.478929102627667,-1.6856717897868054
1895291448700137673,Minecraft,4506.0,2126.0,29094.0,155.0,6604186.0,2025-02-28 01:54:28+00:00,False,888.0,,False,True,False,"Update on the mine!

OPM has successfully executed the first ever fully digital retirement.  The process took 2 days and more work is needed, but this is a great improvement from the current paper solution taking multiple months. Great job by the @USOPM team. https://t.co/2wzKcZsTdF",DOGE,4628942.0,"[Quoting @DOGE]: Update on the mine!

OPM has successfully executed the first ever fully digital retirement.  The process took 2 days and more work is needed, but this is a great improvement from the current paper solution taking multiple months. Great job by the @USOPM team. https://t.co/2wzKcZsTdF
[Musk]: Minecraft",quote,0.0054330692684912,0.1548772942874819,0.0730734859421186,1,4,False,True,positive,0.7,['doge'],"[""DOGE""]",endorsement,False,none,agrees,DOGE,0.2067,0.2017,0.2017,0.2017,0.2067,0.1983,134347863.61,0.0,2.478929102627667,-1.6856717897868054
1895291379808632929,@GailAlfarATX @DOGE @USOPM @DOGE_OPM Exactly,40.0,45.0,553.0,3.0,19013.0,2025-02-28 01:54:12+00:00,True,6.0,GailAlfarATX,False,False,False,,,,@GailAlfarATX @DOGE @USOPM @DOGE_OPM Exactly,reply,0.0337137747856729,0.0723327305605786,0.081374321880651,1,4,False,True,positive,0.7,['doge'],"[""DOGE""]",endorsement,False,none,,DOGE,0.2067,0.2017,0.2017,0.2017,0.2067,0.1983,134347863.61,0.0,2.478929102627667,-1.6856717897868054
1895257132515369295,Same playbook,17118.0,2391.0,59740.0,207.0,10931473.0,2025-02-27 23:38:07+00:00,False,2112.0,,False,True,False,"In March 1998, reports surfaced that federal bureaucrats were swapping job titles to dodge President Clinton’s mass layoffs.  

""You are asking the same bureaucracy that created itself to turn around and reduce itself. They have become very creative in protecting their own skins.""  

Clinton and Gore aimed to cut 50% of the 700,000 supervisors in the federal government.  

To avoid layoffs, many supervisors rebranded themselves as ""team leaders,"" ""staff assistants,"" or ""management support specialists,"" all while giving themselves pay raises.

Even the press, which supported Clinton’s push to cut the deficit and shrink government, called them out.

Fast forward to today, and the legacy press is running an all-out propaganda campaign to malign President Trump, Elon Musk, and DOGE for daring to slash bureaucratic bloat.",KanekoaTheGreat,1069068.0,"[Quoting @KanekoaTheGreat]: In March 1998, reports surfaced that federal bureaucrats were swapping job titles to dodge President Clinton’s mass layoffs.  

""You are asking the same bureaucracy that created itself to turn around and reduce itself. They have become very creative in protecting their own skins.""  

Clinton and Gore aimed to cut 50% of the 700,000 supervisors in the federal government.  

To avoid layoffs, many supervisors rebranded themselves as ""team leaders,"" ""staff assistants,"" or ""management support specialists,"" all while giving themselves pay raises.

Even the press, which supported Clinton’s push to cut the deficit and shrink government, called them out.

Fast forward to today, and the legacy press is running an all-out propaganda campaign to malign President Trump, Elon Musk, and DOGE for daring to slash bureaucratic bloat.
[Musk]: Same playbook",quote,0.0072685538353339,0.2865416806160026,0.0400234348844995,23,3,False,True,positive,0.6,['doge'],"[""DOGE""]",endorsement,True,buy,agrees,DOGE,0.2067,0.2017,0.2017,0.2017,0.2067,0.1983,134347863.61,0.0,2.478929102627667,-1.6856717897868054
1895243547319902343,Thanks!,3954.0,1271.0,30270.0,60.0,16713194.0,2025-02-27 22:44:08+00:00,False,446.0,,False,True,False,"Excited to share I’m bringing my designer brain and start-up spirit into the government. My first project at DOGE is improving the slow and paper-based retirement process.

Since leaving my operating role at Airbnb in 2022, I’ve been looking for the next digital design challenge. And I can think of few more important ones than volunteering to improve the user experience within our government.

If anyone else in good standing wants to help design beautiful, user-friendly digital products, reach out.",jgebbia,167390.0,"[Quoting @jgebbia]: Excited to share I’m bringing my designer brain and start-up spirit into the government. My first project at DOGE is improving the slow and paper-based retirement process.

Since leaving my operating role at Airbnb in 2022, I’ve been looking for the next digital design challenge. And I can think of few more important ones than volunteering to improve the user experience within our government.

If anyone else in good standing wants to help design beautiful, user-friendly digital products, reach out.
[Musk]: Thanks!",quote,0.0021273611734537,0.1306243805748265,0.0419887677568549,22,3,False,True,positive,0.6,['doge'],"[""DOGE""]",partnership,False,none,agrees,DOGE,0.2067,0.2017,0.2017,0.2017,0.2067,0.1983,134347863.61,0.0,2.478929102627667,-1.6856717897868054
1895175354819715292,So crazy,11973.0,4400.0,47223.0,442.0,9650068.0,2025-02-27 18:13:09+00:00,False,2911.0,,False,True,False,"Why would Donald Trump, Elon Musk and DOGE want to know if federal workers are working?

🚨 SHOCKING: Internal sensitive data from inside the Department of Veterans Affairs Building Portfolio

- VA Central Office 810 Vermont Avenue is a 618,000 square foot building
- It has 2,483 seats, meaning that's how many staff they can fit
- The monthly rent is $27.2 million
- Their average logins is 387 people, that’s people logging in every month to work
- That building is sitting at 16% occupancy rate (So we're paying $27.2 million a month for that building with 16% occupancy rate)

6 More Leased Government Buildings Stats:

811 Vermont Avenue:
- 266,000 square feet
- 1294 seats
- $14 million dollars a month rent
- 124 average logins
- This is a 10% occupancy rate

18000 G Street
- 207,000 square feet
- 1243 seats
- $11.3 million dollars a month rent
- 146 average logins
- This is a 11% occupancy rate

1100 First Street
- 48,000 square feet
- 190 seats
- $2.4 million dollars a month rent
- 55 average logins
- This is a 20% occupancy rate

1574 I Street
- 37,000 square feet
- 156 seats
- $1.7 million dollars a month rent
- No login data, this building lease is being terminated

428 I Street
- 175,000 square feet
- 583 seats
- $12.7 million dollars a month rent
- 60 average logins
- This is a 10% occupancy rate

801 I Street
- 18,000 square feet
- 86 seats
- $1.1 million dollars a month rent
- 8 average logins
- This is a 9% occupancy rate

“That’s from the Department of Veterans Affairs Building portfolio”",WallStreetApes,856159.0,"[Quoting @WallStreetApes]: Why would Donald Trump, Elon Musk and DOGE want to know if federal workers are working?

🚨 SHOCKING: Internal sensitive data from inside the Department of Veterans Affairs Building Portfolio

- VA Central Office 810 Vermont Avenue is a 618,000 square foot building
- It has 2,483 seats, meaning that's how many staff they can fit
- The monthly rent is $27.2 million
- Their average logins is 387 people, that’s people logging in every month to work
- That building is sitting at 16% occupancy rate (So we're paying $27.2 million a month for that building with 16% occupancy rate)

6 More Leased Government Buildings Stats:

811 Vermont Avenue:
- 266,000 square feet
- 1294 seats
- $14 million dollars a month rent
- 124 average logins
- This is a 10% occupancy rate

18000 G Street
- 207,000 square feet
- 1243 seats
- $11.3 million dollars a month rent
- 146 average logins
- This is a 11% occupancy rate

1100 First Street
- 48,000 square feet
- 190 seats
- $2.4 million dollars a month rent
- 55 average logins
- This is a 20% occupancy rate

1574 I Street
- 37,000 square feet
- 156 seats
- $1.7 million dollars a month rent
- No login data, this building lease is being terminated

428 I Street
- 175,000 square feet
- 583 seats
- $12.7 million dollars a month rent
- 60 average logins
- This is a 10% occupancy rate

801 I Street
- 18,000 square feet
- 86 seats
- $1.1 million dollars a month rent
- 8 average logins
- This is a 9% occupancy rate

“That’s from the Department of Veterans Affairs Building portfolio”
[Musk]: So crazy",quote,0.0066360154146064,0.253541706371895,0.0931749359422315,18,3,True,True,negative,-0.7,['doge'],"[""DOGE""]",criticism,False,none,amplifying,DOGE,0.2067,0.2017,0.2017,0.2017,0.2067,0.1983,134347863.61,0.0,2.478929102627667,-1.6856717897868054
1895166657460330563,The Eisen crime family,21357.0,2625.0,73309.0,310.0,13312345.0,2025-02-27 17:38:36+00:00,False,2206.0,,False,True,False,"BREAKING:

Buckle up, folks! 

We've got a sizzling scoop that'll make your head spin! 

Tamar Eisen, daughter of Norm Eisen – the mastermind behind a slew of lawsuits targeting @DOGE's efforts at @USAID – was a key player at a shady DC nonprofit that's been swimming in MILLIONS from, you guessed it, @USAID! 

The National Democratic Institute (NDI) just pulled a sneaky move, scrubbing its page that proudly boasted about guzzling @USAID funds. Coincidence? We think not! Tamar was strutting her stuff as a Program Officer for NDI's Gender, Women and Democracy team for almost three years. 

Talk about a jaw-dropping conflict of interest! This bombshell has ""swamp creature"" written all over it! 😱💥",MilaLovesJoe,174189.0,"[Quoting @MilaLovesJoe]: BREAKING:

Buckle up, folks! 

We've got a sizzling scoop that'll make your head spin! 

Tamar Eisen, daughter of Norm Eisen – the mastermind behind a slew of lawsuits targeting @DOGE's efforts at @USAID – was a key player at a shady DC nonprofit that's been swimming in MILLIONS from, you guessed it, @USAID! 

The National Democratic Institute (NDI) just pulled a sneaky move, scrubbing its page that proudly boasted about guzzling @USAID funds. Coincidence? We think not! Tamar was strutting her stuff as a Program Officer for NDI's Gender, Women and Democracy team for almost three years. 

Talk about a jaw-dropping conflict of interest! This bombshell has ""swamp creature"" written all over it! 😱💥
[Musk]: The Eisen crime family",quote,0.0073316158798468,0.2913284862704443,0.0358073360706052,17,3,True,True,neutral,0.0,['doge'],"[""DOGE""]",none,False,none,amplifying,DOGE,0.2067,0.2017,0.2017,0.2017,0.2067,0.1983,134347863.61,0.0,2.478929102627667,-1.6856717897868054
1895141645655449797,Good thread,3182.0,1586.0,16852.0,64.0,11294280.0,2025-02-27 15:59:13+00:00,False,399.0,,False,True,False,"🧵What’s the Senate DOGE Caucus been up to?

Working alongside @DOGE to root out waste, fraud, and abuse and ensure government is working for Americans!

We have hit the ground running 👇",SenJoniErnst,245744.0,"[Quoting @SenJoniErnst]: 🧵What’s the Senate DOGE Caucus been up to?

Working alongside @DOGE to root out waste, fraud, and abuse and ensure government is working for Americans!

We have hit the ground running 👇
[Musk]: Good thread",quote,0.0019199099012951,0.1888203180631379,0.0941134583432233,15,3,True,True,positive,0.3,['doge'],"[""DOGE""]",regulatory,False,none,agrees,DOGE,0.2067,0.2017,0.2017,0.2017,0.2067,0.1983,134347863.61,0.0,2.478929102627667,-1.6856717897868054
1895140518708867277,"The New York Times is pure propaganda. 

And a bunch of a$$holes.",16224.0,10054.0,79617.0,730.0,11458921.0,2025-02-27 15:54:44+00:00,False,1394.0,,False,True,False,"The New York Times is putting the lives of DOGE employees at risk.

You’ll notice they have no problem detailing the individuals cutting fraud and wasteful federal spend, while hiding the names of the so-called reporters who worked on this hit piece.

Why do you think they left their reporter’s names out of this article?",BreannaMorello,289907.0,"[Quoting @BreannaMorello]: The New York Times is putting the lives of DOGE employees at risk.

You’ll notice they have no problem detailing the individuals cutting fraud and wasteful federal spend, while hiding the names of the so-called reporters who worked on this hit piece.

Why do you think they left their reporter’s names out of this article?
[Musk]: The New York Times is pure propaganda. 

And a bunch of a$$holes.",quote,0.009304977318545,0.2037755755680319,0.1262795634098245,15,3,True,True,negative,-0.8,['doge'],"[""DOGE""]",criticism,False,none,agrees,DOGE,0.2067,0.2017,0.2017,0.2017,0.2067,0.1983,134347863.61,0.0,2.478929102627667,-1.6856717897868054
1895135979645870451,"Hundreds of federal workers are being promoted daily every time we encounter excellence. The @DOGE team will be more clear about this. 

The goal is to make the federal government a meritocracy as much as possible.",16455.0,3650.0,118055.0,484.0,22186160.0,2025-02-27 15:36:42+00:00,False,2148.0,,False,True,False,"Dear @elonmusk and @realDonaldTrump — IDEA: For every 1,000 federal workers fired, promote ten each week who are exceptional or under-appreciated.  Highlight on social media.  Give them a bonus.  Maybe a trip to the Oval.  Counter the negative narrative.
@DOGE @DOGECommittee",Michele_Tafoya,201544.0,"[Quoting @Michele_Tafoya]: Dear @elonmusk and @realDonaldTrump — IDEA: For every 1,000 federal workers fired, promote ten each week who are exceptional or under-appreciated.  Highlight on social media.  Give them a bonus.  Maybe a trip to the Oval.  Counter the negative narrative.
@DOGE @DOGECommittee
[Musk]: Hundreds of federal workers are being promoted daily every time we encounter excellence. The @DOGE team will be more clear about this. 

The goal is to make the federal government a meritocracy as much as possible.",quote,0.0062491210736783,0.1393841853373427,0.0309177925543179,15,3,True,True,positive,0.6,['doge'],"[""DOGE""]",none,False,none,agrees,DOGE,0.2067,0.2017,0.2017,0.2017,0.2067,0.1983,134347863.61,0.0,2.478929102627667,-1.6856717897868054
1895132217581400260,"The taxpayer savings receipts, including corrections when mistakes are made, are posted on the DOGE website. 

When there are complaints, they should be directed towards specific items, but they just yell “constitutional crisis!” and avoid mention of specific line items.",7912.0,1915.0,44243.0,149.0,12842723.0,2025-02-27 15:21:45+00:00,False,741.0,,False,True,False,"I'm growing increasingly confident backlash from Democrats against DOGE will backfire immensely.

Short term there's a lot of chaos and hate being thrown - mostly because of the chaotic nature of the process.

But once results start to show up, it'll be a 180. No one on the left seriously believes DOGE and Trump admin will get rid of corruption, waste, and layers upon layers of bureaucracy.

Once those results start flowing through, it'll likely cripple the party to the point of no return.

These are the dying gasps of a party that nearly deleted the 1st amendment during COVID, covered up the cognitive decline of the president, covered up the insanity at the border, and forced one of the least popular candidates in history through a primary without a democratic process - amongst other gigantic failings.",farzyness,314045.0,"[Quoting @farzyness]: I'm growing increasingly confident backlash from Democrats against DOGE will backfire immensely.

Short term there's a lot of chaos and hate being thrown - mostly because of the chaotic nature of the process.

But once results start to show up, it'll be a 180. No one on the left seriously believes DOGE and Trump admin will get rid of corruption, waste, and layers upon layers of bureaucracy.

Once those results start flowing through, it'll likely cripple the party to the point of no return.

These are the dying gasps of a party that nearly deleted the 1st amendment during COVID, covered up the cognitive decline of the president, covered up the insanity at the border, and forced one of the least popular candidates in history through a primary without a democratic process - amongst other gigantic failings.
[Musk]: The taxpayer savings receipts, including corrections when mistakes are made, are posted on the DOGE website. 

When there are complaints, they should be directed towards specific items, but they just yell “constitutional crisis!” and avoid mention of specific line items.",quote,0.0042217682340419,0.1788305494654521,0.0432836832945324,15,3,True,True,positive,0.7,['doge'],"[""DOGE""]",endorsement,False,none,agrees,DOGE,0.2067,0.2017,0.2017,0.2017,0.2067,0.1983,134347863.61,0.0,2.478929102627667,-1.6856717897868054
1895122935674749421,Pushing fake outrage will backfire on them,32904.0,8015.0,103906.0,948.0,13290038.0,2025-02-27 14:44:52+00:00,False,3217.0,,False,True,False,"ASTROTURF: The fake outrage at DOGE at GOP townhalls is being coordinated by a Soros-backed NGO called Indivisible. President Trump and his DOGE efforts are overwhelmingly popular among Republicans and Independents. Even a majority of Democrats approve of the cost cutting. 

h/t @paulsperry_",amuse,576441.0,"[Quoting @amuse]: ASTROTURF: The fake outrage at DOGE at GOP townhalls is being coordinated by a Soros-backed NGO called Indivisible. President Trump and his DOGE efforts are overwhelmingly popular among Republicans and Independents. Even a majority of Democrats approve of the cost cutting. 

h/t @paulsperry_
[Musk]: Pushing fake outrage will backfire on them",quote,0.0109685916624166,0.3166708371027659,0.0771370276981117,14,3,True,True,positive,0.6,['doge'],"[""DOGE""]",endorsement,False,none,agrees,DOGE,0.2067,0.2017,0.2017,0.2017,0.2067,0.1983,134347863.61,0.0,2.478929102627667,-1.6856717897868054
1895113845447827802,"It is much easier to hide corruption when the system is extremely inefficient. 

However, corruption sticks out like a sore thumb in an efficient system.",19989.0,9722.0,107405.0,712.0,36916393.0,2025-02-27 14:08:44+00:00,False,2770.0,,False,True,False,"If Musk’s approach to @DOGE is so horrendous why doesn’t the opposition start their own DOGE? A better, faster, more effective one? Compete!

Opposing congress, senators, &amp; 11,000 media/pundits all with their thumbs up their asses. All talk, no action. People voted for change.",thejefflutz,42109.0,"[Quoting @thejefflutz]: If Musk’s approach to @DOGE is so horrendous why doesn’t the opposition start their own DOGE? A better, faster, more effective one? Compete!

Opposing congress, senators, &amp; 11,000 media/pundits all with their thumbs up their asses. All talk, no action. People voted for change.
[Musk]: It is much easier to hide corruption when the system is extremely inefficient. 

However, corruption sticks out like a sore thumb in an efficient system.",quote,0.0037335175188973,0.1861086541594898,0.0905172012476141,14,3,False,True,positive,0.6,['doge'],"[""DOGE""]",endorsement,False,none,agrees,DOGE,0.2067,0.2017,0.2017,0.2017,0.2067,0.1983,134347863.61,0.0,2.478929102627667,-1.6856717897868054
1894990649876979949,@BasedMikeLee @DOGE Sounds logical,104.0,92.0,1829.0,10.0,61066.0,2025-02-27 05:59:12+00:00,True,18.0,BasedMikeLee,False,False,False,,,,@BasedMikeLee @DOGE Sounds logical,reply,0.0333245996135329,0.0568616730453799,0.050300710770913,5,3,False,True,positive,0.6,['doge'],"[""DOGE""]",endorsement,False,none,,DOGE,0.2032,0.2067,0.2067,0.2067,0.2017,0.2015,58637231.83,0.0,-2.418964683115629,-2.515723270440243
1894976360210149594,@DOGE $30B/year of credit card spend!,760.0,737.0,6893.0,45.0,246933.0,2025-02-27 05:02:25+00:00,True,111.0,DOGE,False,False,False,,,,@DOGE $30B/year of credit card spend!,reply,0.0341590633896644,0.110256782242855,0.1069200638328739,5,3,False,True,positive,0.7,['doge'],"[""DOGE""]",market_commentary,False,none,,DOGE,0.2032,0.2067,0.2067,0.2067,0.2017,0.2015,58637231.83,0.0,-2.418964683115629,-2.515723270440243
1894952568368795830,It’s so crazy,4359.0,2011.0,26008.0,91.0,17672150.0,2025-02-27 03:27:53+00:00,False,628.0,,False,True,False,"An exposition of the Bureaucracy, Deep State, USAID and Biden in sworn testimony to the House DOGE subcommittee…nuts.",chamath,1846800.0,"[Quoting @chamath]: An exposition of the Bureaucracy, Deep State, USAID and Biden in sworn testimony to the House DOGE subcommittee…nuts.
[Musk]: It’s so crazy",quote,0.001837297668931,0.1676022762227007,0.0773223623500461,3,3,False,True,neutral,0.0,['doge'],"[""DOGE""]",none,False,none,amplifying,DOGE,0.2032,0.2067,0.2067,0.2067,0.2017,0.2015,58637231.83,0.0,-2.418964683115629,-2.515723270440243
1894944572213465441,Yeah! 😀,16019.0,7036.0,92245.0,315.0,9399600.0,2025-02-27 02:56:07+00:00,False,1045.0,,False,True,False,"🇺🇸 SPEAKER JOHNSON: AMERICANS WANT A LEANER, ACCOUNTABLE GOVERNMENT

""The DOGE efforts are polling over 80%. 

Americans want a smaller, more efficient government that works for the people. 

This is about restoring common sense, and the Republican Party is committed to making it happen.""

Source: CNN @DOGE @SpeakerJohnson",MarioNawfal,2124281.0,"[Quoting @MarioNawfal]: 🇺🇸 SPEAKER JOHNSON: AMERICANS WANT A LEANER, ACCOUNTABLE GOVERNMENT

""The DOGE efforts are polling over 80%. 

Americans want a smaller, more efficient government that works for the people. 

This is about restoring common sense, and the Republican Party is committed to making it happen.""

Source: CNN @DOGE @SpeakerJohnson
[Musk]: Yeah! 😀",quote,0.0122999914889995,0.173657108786384,0.0762751368637866,2,3,False,True,positive,0.7,['doge'],"[""DOGE""]",endorsement,False,none,agrees,DOGE,0.2032,0.2067,0.2067,0.2067,0.2017,0.2015,58637231.83,0.0,-2.418964683115629,-2.515723270440243
1894880977211605452,No more wasting your hard-earned money!,33984.0,10570.0,199525.0,972.0,29226858.0,2025-02-26 22:43:24+00:00,False,3261.0,,False,True,False,"🚨BREAKING: Trump signs new DOGE Executive Order mandating Federal Agencies implement a technology solution to review and cut ALL spending, track employee spending with clear identifications, and report to a DOGE liason.

TLDR: All Federal agencies are going through DOGE cutting https://t.co/wwKiS9rFdp",AutismCapital,821572.0,"[Quoting @AutismCapital]: 🚨BREAKING: Trump signs new DOGE Executive Order mandating Federal Agencies implement a technology solution to review and cut ALL spending, track employee spending with clear identifications, and report to a DOGE liason.

TLDR: All Federal agencies are going through DOGE cutting https://t.co/wwKiS9rFdp
[Musk]: No more wasting your hard-earned money!",quote,0.008384445567156,0.1703245207367497,0.0529758175667209,22,2,False,True,positive,0.7,['doge'],"[""DOGE""]",endorsement,False,none,agrees,DOGE,0.2032,0.2067,0.2067,0.2067,0.2017,0.2015,58637231.83,0.0,-2.418964683115629,-2.515723270440243
1894872438527209687,Corruption,12905.0,2781.0,60477.0,225.0,17037149.0,2025-02-26 22:09:29+00:00,False,1052.0,,False,True,False,"A former ICE employee and Biden transition team member joined Family Endeavors in early 2021 and helped secure a sole-source HHS contract for overflow housing from licensed care facilities. 

As a result, Family Endeavors’ cash and portfolio of investments grew from $8.3M in 2020 to $520.4M in 2023. 

Since March 2024, HHS has paid ~$18M/month to keep the Pecos facility open despite sitting empty. 

With national licensed facility occupancy now below 20%, HHS was able to terminate this contract, saving taxpayers over $215M annually.",DOGE,4628956.0,"[Quoting @DOGE]: A former ICE employee and Biden transition team member joined Family Endeavors in early 2021 and helped secure a sole-source HHS contract for overflow housing from licensed care facilities. 

As a result, Family Endeavors’ cash and portfolio of investments grew from $8.3M in 2020 to $520.4M in 2023. 

Since March 2024, HHS has paid ~$18M/month to keep the Pecos facility open despite sitting empty. 

With national licensed facility occupancy now below 20%, HHS was able to terminate this contract, saving taxpayers over $215M annually.
[Musk]: Corruption",quote,0.0044836140131192,0.2133869074193495,0.0459844238305471,22,2,False,True,negative,-0.7,['doge'],"[""DOGE""]",criticism,False,none,agrees,DOGE,0.2032,0.2067,0.2067,0.2067,0.2017,0.2015,58637231.83,0.0,-2.418964683115629,-2.515723270440243
1894767144153333829,"The people love @DOGE !

 https://t.co/MCIQHLccvf",28106.0,9422.0,194516.0,1265.0,41483090.0,2025-02-26 15:11:04+00:00,False,9006.0,,False,False,False,,,,"The people love @DOGE !

 https://t.co/MCIQHLccvf",original,0.0056241953046409,0.1444919698122519,0.0484381747516913,15,2,True,True,positive,0.8,['doge'],"[""DOGE""]",endorsement,True,buy,,DOGE,0.2032,0.2067,0.2067,0.2067,0.2017,0.2015,58637231.83,0.0,-2.418964683115629,-2.515723270440243
1894756352544673852,Correct. The parasites are thrashing hard.,24800.0,4595.0,136312.0,505.0,44816982.0,2025-02-26 14:28:11+00:00,False,1760.0,,False,True,False,"DOGE is not just exposing waste and saving $$;  it is undermining the business model which has enriched the Political Class in Washington, D.C.   THAT is why there is such a pushback. @elonmusk",peterschweizer,194972.0,"[Quoting @peterschweizer]: DOGE is not just exposing waste and saving $$;  it is undermining the business model which has enriched the Political Class in Washington, D.C.   THAT is why there is such a pushback. @elonmusk
[Musk]: Correct. The parasites are thrashing hard.",quote,0.0037086834628891,0.181935559598568,0.033709431304654,14,2,False,True,positive,0.7,['doge'],"[""DOGE""]",endorsement,True,buy,agrees,DOGE,0.2032,0.2067,0.2067,0.2067,0.2017,0.2015,58637231.83,0.0,-2.418964683115629,-2.515723270440243
1894618258365366558,@EricTrump @DOGE Absolutely,175.0,168.0,2672.0,4.0,103097.0,2025-02-26 05:19:27+00:00,True,18.0,EricTrump,False,False,False,,,,@EricTrump @DOGE Absolutely,reply,0.029283102321115,0.0654940119760479,0.0628742514970059,5,2,False,True,positive,0.7,['doge'],"[""DOGE""]",endorsement,True,buy,,DOGE,0.2113,0.2032,0.2032,0.2032,0.2067,0.2048,89697245.57,0.0,1.7224409448818911,0.7874015748031586
1894612222552211497,@FoxNews I will send him some @DOGE merch to comfort him while he recovers from this injury,240.0,321.0,4125.0,18.0,87212.0,2025-02-26 04:55:28+00:00,True,33.0,FoxNews,False,False,False,,,,@FoxNews I will send him some @DOGE merch to comfort him while he recovers from this injury,reply,0.0539375315323579,0.0581818181818181,0.0778181818181818,4,2,False,True,positive,0.6,['doge'],"[""DOGE""]",endorsement,False,none,,DOGE,0.2113,0.2032,0.2032,0.2032,0.2067,0.2048,89697245.57,0.0,1.7224409448818911,0.7874015748031586
1894607204902215739,@DOGE Crazy that the government was just renting and paying for upkeep services of hundreds of empty buildings!,741.0,674.0,8102.0,44.0,267790.0,2025-02-26 04:35:32+00:00,True,93.0,DOGE,False,False,False,,,,@DOGE Crazy that the government was just renting and paying for upkeep services of hundreds of empty buildings!,reply,0.035703349639643,0.0914588990372747,0.083189335966428,4,2,False,True,neutral,0.0,['doge'],"[""DOGE""]",none,False,none,,DOGE,0.2113,0.2032,0.2032,0.2032,0.2067,0.2048,89697245.57,0.0,1.7224409448818911,0.7874015748031586
1894561938215964672,"More of your tax dollars saved!

Most of these items are mundane and may not seem like much individually, but there are millions of minor savings that add up to billions of dollars cumulatively. 

Ultimately, there will be a trillion+ dollars of waste and fraud eliminated.",13444.0,5533.0,78909.0,408.0,12621705.0,2025-02-26 01:35:39+00:00,False,1175.0,,False,True,False,"This audit was repeated at the Department of Labor. Initial results:

- 380 Microsoft 365 licenses with zero users
- 128 Microsoft Teams conference room licenses; only installed in 30 rooms
- 250 VSCode licenses; only using 33
- 129 Photoshop licenses; only using 22.
- 5 cybersecurity licenses, each with > 20k seats; DOL headcount is < 15k",DOGE,4628957.0,"[Quoting @DOGE]: This audit was repeated at the Department of Labor. Initial results:

- 380 Microsoft 365 licenses with zero users
- 128 Microsoft Teams conference room licenses; only installed in 30 rooms
- 250 VSCode licenses; only using 33
- 129 Photoshop licenses; only using 22.
- 5 cybersecurity licenses, each with > 20k seats; DOL headcount is < 15k
[Musk]: More of your tax dollars saved!

Most of these items are mundane and may not seem like much individually, but there are millions of minor savings that add up to billions of dollars cumulatively. 

Ultimately, there will be a trillion+ dollars of waste and fraud eliminated.",quote,0.0077876958778548,0.1703734681721983,0.0701187443764336,1,2,False,True,positive,0.7,['doge'],"[""DOGE""]",endorsement,False,none,agrees,DOGE,0.2113,0.2032,0.2032,0.2032,0.2067,0.2048,89697245.57,0.0,1.7224409448818911,0.7874015748031586
1894529801903395062,People want their money spent wisely. Simple as that.,19704.0,17709.0,114978.0,666.0,9785494.0,2025-02-25 23:27:58+00:00,False,1677.0,,False,True,False,Poll reveals DOGE is very popular with Americans despite the mainstream media trying to make it seem otherwise. https://t.co/qu10Gzyohh,DefiantLs,1502380.0,"[Quoting @DefiantLs]: Poll reveals DOGE is very popular with Americans despite the mainstream media trying to make it seem otherwise. https://t.co/qu10Gzyohh
[Musk]: People want their money spent wisely. Simple as that.",quote,0.0156412134124245,0.171371914627146,0.1540207691906277,23,1,False,True,positive,0.6,['doge'],"[""DOGE""]",endorsement,False,none,agrees,DOGE,0.2113,0.2032,0.2032,0.2032,0.2067,0.2048,89697245.57,0.0,1.7224409448818911,0.7874015748031586
1894486190365315578,"More tax dollars saved. 

Why was American taxpayer money sent to the WEF? It’s a wealthy boondoggle in Switzerland!",27544.0,8666.0,111659.0,890.0,11496778.0,2025-02-25 20:34:40+00:00,False,2302.0,,False,True,False,"🚨 DOGE BREAKING: US taxpayer dollars were going to be spent on the following items, all which have been cancelled:

-$69mm for the Eurasia Foundation to do ""digital transformation activity"" in Europe
-$32mm to Internews for programs including ""media enabling democracy, inclusion, and accountability in Moldova"" and the promotion of “sustainable media outlets""
-$7mm for the American Bar Association to promote the ""resilience"" of the ""Eurasian legal sector and civic society""
-$520mm for a consultant to do ESG investments in Africa and ""mobilize private sector resources and expertise”
-$25mm to “promote biodiversity conservation and promote licit livelihoods” by developing “socially responsible” behaviors in Colombia
-$40mm to ""improve the social and economic inclusion of sedentary migrants""
-$42mm for Johns Hopkins to research and drive ""social and behavior change"" in Uganda
-$45mm to ""address[] the needs, opportunities, and challenges identified by activists and other civic actors engaged in nonviolent collective action""
-$52mm for the World Economic Forum",cb_doge,1317550.0,"[Quoting @cb_doge]: 🚨 DOGE BREAKING: US taxpayer dollars were going to be spent on the following items, all which have been cancelled:

-$69mm for the Eurasia Foundation to do ""digital transformation activity"" in Europe
-$32mm to Internews for programs including ""media enabling democracy, inclusion, and accountability in Moldova"" and the promotion of “sustainable media outlets""
-$7mm for the American Bar Association to promote the ""resilience"" of the ""Eurasian legal sector and civic society""
-$520mm for a consultant to do ESG investments in Africa and ""mobilize private sector resources and expertise”
-$25mm to “promote biodiversity conservation and promote licit livelihoods” by developing “socially responsible” behaviors in Colombia
-$40mm to ""improve the social and economic inclusion of sedentary migrants""
-$42mm for Johns Hopkins to research and drive ""social and behavior change"" in Uganda
-$45mm to ""address[] the needs, opportunities, and challenges identified by activists and other civic actors engaged in nonviolent collective action""
-$52mm for the World Economic Forum
[Musk]: More tax dollars saved. 

Why was American taxpayer money sent to the WEF? It’s a wealthy boondoggle in Switzerland!",quote,0.0129391904410087,0.2466796227800714,0.0776112986861784,20,1,True,True,positive,0.7,['doge'],"[""DOGE""]",endorsement,False,none,agrees,DOGE,0.2113,0.2032,0.2032,0.2032,0.2067,0.2048,89697245.57,0.0,1.7224409448818911,0.7874015748031586
1894469667516993841,Who funds these groups?,11851.0,7815.0,71672.0,451.0,44214634.0,2025-02-25 19:29:00+00:00,False,1073.0,,False,True,False,Meet the far-left groups funding anti-DOGE protests at GOP offices across the country https://t.co/W0UDvm4rCV,FoxNews,25848256.0,"[Quoting @FoxNews]: Meet the far-left groups funding anti-DOGE protests at GOP offices across the country https://t.co/W0UDvm4rCV
[Musk]: Who funds these groups?",quote,0.0020759868780096,0.1653504855452617,0.1090383971425382,19,1,True,True,neutral,0.0,['doge'],"[""DOGE""]",regulatory,False,none,neutral,DOGE,0.2113,0.2032,0.2032,0.2032,0.2067,0.2048,89697245.57,0.0,1.7224409448818911,0.7874015748031586
1894468659571298735,"The @DOGE department/agency leaderboard shows progress within the government, so the public can see for themselves who is making the most or least progress!",6153.0,2637.0,27904.0,183.0,3207049.0,2025-02-25 19:25:00+00:00,False,412.0,,False,True,False,"MAKING IT RAIN: DOGE is launching an ""Agency Efficiency Leaderboard,"" that shows which government agencies have saved the most through canceled contracts and other cost-cutting measures, to be ""fully transparent"" with American taxpayers. https://t.co/dKm40xT47f https://t.co/Ea5ORpI4gq",FoxNews,25848256.0,"[Quoting @FoxNews]: MAKING IT RAIN: DOGE is launching an ""Agency Efficiency Leaderboard,"" that shows which government agencies have saved the most through canceled contracts and other cost-cutting measures, to be ""fully transparent"" with American taxpayers. https://t.co/dKm40xT47f https://t.co/Ea5ORpI4gq
[Musk]: The @DOGE department/agency leaderboard shows progress within the government, so the public can see for themselves who is making the most or least progress!",quote,0.0114987329473294,0.2205060206422018,0.0945025802752293,19,1,True,True,positive,0.7,['doge'],"[""DOGE""]",partnership,False,none,agrees,DOGE,0.2113,0.2032,0.2032,0.2032,0.2067,0.2048,89697245.57,0.0,1.7224409448818911,0.7874015748031586
1894452572003713366,"Yeah, it’s mostly fake",4845.0,1223.0,32851.0,75.0,11519361.0,2025-02-25 18:21:05+00:00,False,485.0,,False,True,False,"One of the most exciting aspects of DOGE is it suggests the entire world-conquering Radical Left is fake. 

Tax-funded astroturf.

Meaning for any country all you have to do is get a populist in one time, DOGE that sucker, and the entire left simply vanishes 🤯",profstonge,253048.0,"[Quoting @profstonge]: One of the most exciting aspects of DOGE is it suggests the entire world-conquering Radical Left is fake. 

Tax-funded astroturf.

Meaning for any country all you have to do is get a populist in one time, DOGE that sucker, and the entire left simply vanishes 🤯
[Musk]: Yeah, it’s mostly fake",quote,0.0033850835996892,0.1474840948525159,0.0372286992785607,18,1,True,True,positive,0.6,['doge'],"[""DOGE""]",endorsement,False,none,agrees,DOGE,0.2113,0.2032,0.2032,0.2032,0.2067,0.2048,89697245.57,0.0,1.7224409448818911,0.7874015748031586
1894422002754359460,"Wow, I didn’t know that",53507.0,7021.0,218983.0,936.0,15584863.0,2025-02-25 16:19:36+00:00,False,9175.0,,False,True,False,"Democrats are flailing over Musk &amp; DOGE gaining access to IRS data.

But in 2023, Joe Biden gave 53 unpaid researchers &amp; student volunteers access to the SAME SYSTEM &amp; they said NOTHING.

Democrats have no problem with waste, fraud, &amp; abuse as long as their ideology is promoted. https://t.co/MLzfYimmnz",ByronDonalds,1062120.0,"[Quoting @ByronDonalds]: Democrats are flailing over Musk &amp; DOGE gaining access to IRS data.

But in 2023, Joe Biden gave 53 unpaid researchers &amp; student volunteers access to the SAME SYSTEM &amp; they said NOTHING.

Democrats have no problem with waste, fraud, &amp; abuse as long as their ideology is promoted. https://t.co/MLzfYimmnz
[Musk]: Wow, I didn’t know that",quote,0.0179948325500198,0.2443431681911381,0.032061849549965,16,1,True,True,neutral,0.0,['doge'],"[""DOGE""]",regulatory,False,none,amplifying,DOGE,0.2113,0.2032,0.2032,0.2032,0.2067,0.2048,89697245.57,0.0,1.7224409448818911,0.7874015748031586
1894420154815279147,Will do,5922.0,1592.0,34072.0,86.0,9954404.0,2025-02-25 16:12:16+00:00,False,290.0,,False,True,False,".@elonmusk & @DOGE , I have one piece of advice (despite all the pushback and lawfare attacks):

1. KEEP EXPOSING THE FRAUD.

2. KEEP EXPOSING THE ILLEGALITIES IN OUR GOVERNMENT.

3. KEEP EXPOSING THE TRUTH.  

PEOPLE IN AND OUTSIDE OF GOVERNMENT ARE STARTING TO TALK.

MORE TO FOLLOW.",GenFlynn,2023161.0,"[Quoting @GenFlynn]: .@elonmusk & @DOGE , I have one piece of advice (despite all the pushback and lawfare attacks):

1. KEEP EXPOSING THE FRAUD.

2. KEEP EXPOSING THE ILLEGALITIES IN OUR GOVERNMENT.

3. KEEP EXPOSING THE TRUTH.  

PEOPLE IN AND OUTSIDE OF GOVERNMENT ARE STARTING TO TALK.

MORE TO FOLLOW.
[Musk]: Will do",quote,0.004186287797843,0.1738084057290443,0.0467245832355012,16,1,True,True,positive,0.6,['doge'],"[""DOGE""]",endorsement,False,none,agrees,DOGE,0.2113,0.2032,0.2032,0.2032,0.2067,0.2048,89697245.57,0.0,1.7224409448818911,0.7874015748031586
1894419548650311924,Exactly,1902.0,878.0,12012.0,37.0,7291979.0,2025-02-25 16:09:51+00:00,False,228.0,,False,True,False,"A lot of people doubt DOGE’s ability to cut the deficit because entitlements & medicare account for the bulk of spend. But that spend isn’t as rigid as it might seem: the entire medical billing system is built on fraud. There are countless drugs and procedures that are either miscoded or unnecessary. This amounts to hundreds of billions of dollars.

Yes, it will get stalled in court but ultimately the executive office of the president has the right to interpret what “fraud” is and execute the law.

Anyhow, if you don’t own treasuries right now, you will be in a world of pain.",nikitabier,470175.0,"[Quoting @nikitabier]: A lot of people doubt DOGE’s ability to cut the deficit because entitlements & medicare account for the bulk of spend. But that spend isn’t as rigid as it might seem: the entire medical billing system is built on fraud. There are countless drugs and procedures that are either miscoded or unnecessary. This amounts to hundreds of billions of dollars.

Yes, it will get stalled in court but ultimately the executive office of the president has the right to interpret what “fraud” is and execute the law.

Anyhow, if you don’t own treasuries right now, you will be in a world of pain.
[Musk]: Exactly",quote,0.0020336043205829,0.1583416583416583,0.073093573093573,16,1,True,True,positive,0.6,['doge'],"[""DOGE""]",endorsement,False,none,agrees,DOGE,0.2113,0.2032,0.2032,0.2032,0.2067,0.2048,89697245.57,0.0,1.7224409448818911,0.7874015748031586
1894409963256320281,"This is an amazing story and exactly what @DOGE aims to do!

The federal government has a MUCH larger amount of WASTE &amp; FRAUD than a local or state government could ever have, because it can always print more money. 

Unfortunately, there is no free lunch and that extra money",12640.0,2898.0,61732.0,325.0,8934415.0,2025-02-25 15:31:46+00:00,False,1918.0,,False,True,False,"When I was County Judge Executive in Lewis County Kentucky, I was responsible for signing the check that paid for every phone landline and cellphone billed to the county.

At first it seemed impossible to ferret out the waste, fraud, and abuse for these phone plans.

How many phones were taxpayers paying for that were defunct? How many were former county employees who were no longer employed but had been able to keep their phone and mooch off the taxpayer? Was any of it fraudulent or inaccurate billing by the service provider?

But then I came up with an idea… I told every county department (Sheriff, Clerk, Road Crew, Jail, etc.) to give me a list of their phones matched to their county employees or offices.

In one month, I would DEACTIVATE EVERY PHONE that wasn’t on one of these lists.

A month went by and only about 80% complied with the directive to list their phones. I gave them one more month and issued a serious warning that their phones would be turned off at the end of the next month.

Finally, I directed the phone company to deactivate all phones that weren’t accounted for. Guess what?

The jailer called me up and said the finger print machine wouldn’t send finger prints to the state police anymore. Ha! That was the only legitimate phone line that I deactivated. We quickly got it reactivated.

I ended up saving our county thousands of dollars on the phone bill, much to the chagrin of the phone company and a few moochers who no longer had free phone plans. I think most of the savings came from phones that just weren’t in service but had been left on the bill.

Why do I tell this story? Because what Elon is doing by asking federal employees to list five things they did in a week is brilliant. Requiring any kind of an affirmative response from a worker will prove whether that worker even exists and can be reached. Don’t forget, the Inspector General for Afghanistan found out we were paying millions for soldiers and police in Afghanistan who didn’t even exist (ghost employees). There’s no telling what Elon’s plan will uncover. We will find some employees can’t use email or aren’t even literate enough to write five things. So everyone take a chill pill and write down your five things to let us know you exist and you can read email and you aren’t completely insubordinate. Then we can clean the roster.",RepThomasMassie,1226689.0,"[Quoting @RepThomasMassie]: When I was County Judge Executive in Lewis County Kentucky, I was responsible for signing the check that paid for every phone landline and cellphone billed to the county.

At first it seemed impossible to ferret out the waste, fraud, and abuse for these phone plans.

How many phones were taxpayers paying for that were defunct? How many were former county employees who were no longer employed but had been able to keep their phone and mooch off the taxpayer? Was any of it fraudulent or inaccurate billing by the service provider?

But then I came up with an idea… I told every county department (Sheriff, Clerk, Road Crew, Jail, etc.) to give me a list of their phones matched to their county employees or offices.

In one month, I would DEACTIVATE EVERY PHONE that wasn’t on one of these lists.

A month went by and only about 80% complied with the directive to list their phones. I gave them one more month and issued a serious warning that their phones would be turned off at the end of the next month.

Finally, I directed the phone company to deactivate all phones that weren’t accounted for. Guess what?

The jailer called me up and said the finger print machine wouldn’t send finger prints to the state police anymore. Ha! That was the only legitimate phone line that I deactivated. We quickly got it reactivated.

I ended up saving our county thousands of dollars on the phone bill, much to the chagrin of the phone company and a few moochers who no longer had free phone plans. I think most of the savings came from phones that just weren’t in service but had been left on the bill.

Why do I tell this story? Because what Elon is doing by asking federal employees to list five things they did in a week is brilliant. Requiring any kind of an affirmative response from a worker will prove whether that worker even exists and can be reached. Don’t forget, the Inspector General for Afghanistan found out we were paying millions for soldiers and police in Afghanistan who didn’t even exist (ghost employees). There’s no telling what Elon’s plan will uncover. We will find some employees can’t use email or aren’t even literate enough to write five things. So everyone take a chill pill and write down your five things to let us know you exist and you can read email and you aren’t completely insubordinate. Then we can clean the roster.
[Musk]: This is an amazing story and exactly what @DOGE aims to do!

The federal government has a MUCH larger amount of WASTE &amp; FRAUD than a local or state government could ever have, because it can always print more money. 

Unfortunately, there is no free lunch and that extra money",quote,0.0086849558700821,0.2047560422471327,0.0469448584202682,15,1,True,True,positive,0.8,['doge'],"[""DOGE""]",endorsement,False,none,agrees,DOGE,0.2113,0.2032,0.2032,0.2032,0.2067,0.2048,89697245.57,0.0,1.7224409448818911,0.7874015748031586
1894331922589126849,"On one hand, @DOGE computer nerds review government data to eliminate waste &amp; fraud. 

On the other hand, demented creeps at intelligence agencies spy on you at will.

Which is of greater concern?",20548.0,5788.0,87838.0,569.0,6468160.0,2025-02-25 10:21:39+00:00,False,1769.0,,False,True,False,"EXCLUSIVE: @GrossmanHannah and I have obtained logs from the NSA’s secret transgender sex chatroom, in which NSA, CIA, and DIA employees discuss genital castration, artificial vaginas, piss fetishes, sex polycules, and gangbangs—all on government time.

This is insane. 🧵",realchrisrufo,816265.0,"[Quoting @realchrisrufo]: EXCLUSIVE: @GrossmanHannah and I have obtained logs from the NSA’s secret transgender sex chatroom, in which NSA, CIA, and DIA employees discuss genital castration, artificial vaginas, piss fetishes, sex polycules, and gangbangs—all on government time.

This is insane. 🧵
[Musk]: On one hand, @DOGE computer nerds review government data to eliminate waste &amp; fraud. 

On the other hand, demented creeps at intelligence agencies spy on you at will.

Which is of greater concern?",quote,0.0177396663038638,0.2339306450511168,0.0658940321956328,10,1,False,True,neutral,0.0,['doge'],"[""DOGE""]",none,False,none,amplifying,DOGE,0.2104,0.2113,0.2113,0.2113,0.2032,0.1991,163758134.42,0.0,-3.833412210127779,-5.773781353525788
1894318296583082060,"This is our one &amp; only chance to restore democracy from the dictatorship of the bureaucracy. 

It is now or never. 

It must be now.",20081.0,6067.0,97808.0,794.0,12898155.0,2025-02-25 09:27:31+00:00,False,2429.0,,False,True,False,"I'm  concerned that many people do not understand the historical and institutional context in which the DOGE labor reforms are unfolding. They look at this as if these are some random, chaotic, arbitrary, strange, and even cruel measures to impose on a devoted civil service. 

The reality is very different, and I'm not even sure that Elon entirely understands this. For more than a century, even dating back to 1883, the civil service has grown and grown without check from the elected branch, either the presidency or the legislature . The bureaucracies have ballooned from a few to 450 or so. The bloat and absurdities have grown too. 

Get this: no one has ever known what to do about it. Not Coolidge, not Hoover, not Nixon, not Reagan, not Clinton, no one. No president has been able to crack this nut. The only reforms ever to have made it through are those that make the administrative state bigger, never smaller. 

Countless cabinet secretaries have come and gone, always with the intention of making a change but leaving saddened, demoralized, outwitted, outgunned, and ultimately devoured. 

No president has seriously taken on this problem because they simply did not know how. The unions are powerful, the intimidation from the deep institutional knowledge is overwhelming, the fear of the media as been powerful, and every single president comes to power vaguely feeling threatened by the intelligence agencies. The industries that have captured every single agency were also far too powerful to unseat or control. 

This combination of institutional inertia has blocked serious reform for a full century. No one has dared. No one has even had a theory or strategy about what to do about this problem. It had become so terrible that most people in politics have simply surrendered, like homeowners who know there are rats in the basement and bats in the attic but long ago gave up trying to fix the issue. 

All this time, the American people have felt themselves ever more oppressed, weighed upon, taxed and regulated, spied upon, brow beaten, and otherwise overwhelmed. Voting never made any difference because the politicians no longer controlled the system. The bureaucracies ruled all. 

The Biden years underscored the point. We didn't even need a conscious and present executive. We only needed a figurehead to pretend to be president, just like the Soviet premiers in the old days. The institutions ran everything and the people controlled nothing. 

How to deal with this? Trump alone figured it out in his last term: he simply took charge of the agencies in a limited way. There were screams of horror and plots galore. They performed a long stream of clever schemes to destroy him and show him who is boss, which is not the democratically elected president but the forces behind the scenes. 

The job of the president, goes the message from all the insiders, is to PRETEND to be in charge but not actually do anything meaningful. Shut up, mug up, obey, and disturb nothing, let the administrative state do its thing without oversight or disruption, and then you will get your honorary library and bestselling autobiography and go down in history as great. 

Trump refused the deal and look what happened. 

Four years have gone by and Trump is back again, this time with a determination to slay this beast, one that he knows all-to-well. The efforts of DOGE and MAHA and MAGA are epic in scope, breaking a century of pathetic acquiescence toward the deep, middle, and shallow states, at last using moral courage to confront the problem head on, come what may. 

They are profoundly aware that they MUST act fast and with some degree of ferocity, even recklessness, else we will default back to the status quo of leaders who pretend to be in charge while the embedded system runs things behind the scenes. 

It has been this way for TOO LONG. The voters this time have demanded change, and mustered the faith to believe that change is possible. This is precisely what DOGE is attempting, to make good on a promise, a promise that for once the voters actually believed was credible. 

They simply must succeed. There might never be another chance. The way of failure is the path everyone knows the US was on, toward economic stagnation, political scolerosis, and eventual irrelevance in the unfolding of the next stage of social evolution.",jeffreyatucker,247086.0,"[Quoting @jeffreyatucker]: I'm  concerned that many people do not understand the historical and institutional context in which the DOGE labor reforms are unfolding. They look at this as if these are some random, chaotic, arbitrary, strange, and even cruel measures to impose on a devoted civil service. 

The reality is very different, and I'm not even sure that Elon entirely understands this. For more than a century, even dating back to 1883, the civil service has grown and grown without check from the elected branch, either the presidency or the legislature . The bureaucracies have ballooned from a few to 450 or so. The bloat and absurdities have grown too. 

Get this: no one has ever known what to do about it. Not Coolidge, not Hoover, not Nixon, not Reagan, not Clinton, no one. No president has been able to crack this nut. The only reforms ever to have made it through are those that make the administrative state bigger, never smaller. 

Countless cabinet secretaries have come and gone, always with the intention of making a change but leaving saddened, demoralized, outwitted, outgunned, and ultimately devoured. 

No president has seriously taken on this problem because they simply did not know how. The unions are powerful, the intimidation from the deep institutional knowledge is overwhelming, the fear of the media as been powerful, and every single president comes to power vaguely feeling threatened by the intelligence agencies. The industries that have captured every single agency were also far too powerful to unseat or control. 

This combination of institutional inertia has blocked serious reform for a full century. No one has dared. No one has even had a theory or strategy about what to do about this problem. It had become so terrible that most people in politics have simply surrendered, like homeowners who know there are rats in the basement and bats in the attic but long ago gave up trying to fix the issue. 

All this time, the American people have felt themselves ever more oppressed, weighed upon, taxed and regulated, spied upon, brow beaten, and otherwise overwhelmed. Voting never made any difference because the politicians no longer controlled the system. The bureaucracies ruled all. 

The Biden years underscored the point. We didn't even need a conscious and present executive. We only needed a figurehead to pretend to be president, just like the Soviet premiers in the old days. The institutions ran everything and the people controlled nothing. 

How to deal with this? Trump alone figured it out in his last term: he simply took charge of the agencies in a limited way. There were screams of horror and plots galore. They performed a long stream of clever schemes to destroy him and show him who is boss, which is not the democratically elected president but the forces behind the scenes. 

The job of the president, goes the message from all the insiders, is to PRETEND to be in charge but not actually do anything meaningful. Shut up, mug up, obey, and disturb nothing, let the administrative state do its thing without oversight or disruption, and then you will get your honorary library and bestselling autobiography and go down in history as great. 

Trump refused the deal and look what happened. 

Four years have gone by and Trump is back again, this time with a determination to slay this beast, one that he knows all-to-well. The efforts of DOGE and MAHA and MAGA are epic in scope, breaking a century of pathetic acquiescence toward the deep, middle, and shallow states, at last using moral courage to confront the problem head on, come what may. 

They are profoundly aware that they MUST act fast and with some degree of ferocity, even recklessness, else we will default back to the status quo of leaders who pretend to be in charge while the embedded system runs things behind the scenes. 

It has been this way for TOO LONG. The voters this time have demanded change, and mustered the faith to believe that change is possible. This is precisely what DOGE is attempting, to make good on a promise, a promise that for once the voters actually believed was credible. 

They simply must succeed. There might never be another chance. The way of failure is the path everyone knows the US was on, toward economic stagnation, political scolerosis, and eventual irrelevance in the unfolding of the next stage of social evolution.
[Musk]: This is our one &amp; only chance to restore democracy from the dictatorship of the bureaucracy. 

It is now or never. 

It must be now.",quote,0.0096719259459977,0.2053104040569278,0.0620296908228365,9,1,False,True,positive,0.8,['doge'],"[""DOGE""]",endorsement,True,buy,agrees,DOGE,0.2104,0.2113,0.2113,0.2113,0.2032,0.1991,163758134.42,0.0,-3.833412210127779,-5.773781353525788
1894314375810617375,What @DOGE does to big government,9120.0,4810.0,83445.0,381.0,15886622.0,2025-02-25 09:11:56+00:00,False,2060.0,,False,True,False,"Shredding a full engine
https://t.co/go903UslhI",Rainmaker1973,2378377.0,"[Quoting @Rainmaker1973]: Shredding a full engine
https://t.co/go903UslhI
[Musk]: What @DOGE does to big government",quote,0.0061533534315853,0.1092935466474923,0.0576427587033375,9,1,False,True,positive,0.6,['doge'],"[""DOGE""]",endorsement,True,buy,amplifying,DOGE,0.2104,0.2113,0.2113,0.2113,0.2032,0.1991,163758134.42,0.0,-3.833412210127779,-5.773781353525788
1894246005853622666,"Please DM any insights regarding waste or fraud in your department/agency. 

🇺🇸🇺🇸🇺🇸  Save America!  🇺🇸🇺🇸🇺🇸",8535.0,3070.0,36719.0,229.0,9621866.0,2025-02-25 04:40:15+00:00,False,834.0,,False,True,False,"DOGE is looking for help from the general public!  

Please DM insight for reducing waste, fraud, and abuse, along with any helpful insights or awesome ideas, to the relevant DOGE affiliates (found on the Affiliates tab).  For example, @DOGE_USDA, @DOGE_SSA, etc.  
We will add more affiliates over time.",DOGE,4628958.0,"[Quoting @DOGE]: DOGE is looking for help from the general public!  

Please DM insight for reducing waste, fraud, and abuse, along with any helpful insights or awesome ideas, to the relevant DOGE affiliates (found on the Affiliates tab).  For example, @DOGE_USDA, @DOGE_SSA, etc.  
We will add more affiliates over time.
[Musk]: Please DM any insights regarding waste or fraud in your department/agency. 

🇺🇸🇺🇸🇺🇸  Save America!  🇺🇸🇺🇸🇺🇸",quote,0.0050461105985055,0.2324409706146681,0.0836079413927394,4,1,False,True,positive,0.7,['doge'],"[""DOGE""]",partnership,False,none,amplifying,DOGE,0.2104,0.2113,0.2113,0.2113,0.2032,0.1991,163758134.42,0.0,-3.833412210127779,-5.773781353525788
1894228014533427648,Exactly,2077.0,831.0,15021.0,38.0,4945993.0,2025-02-25 03:28:46+00:00,False,158.0,,False,True,False,"If we do not control our government spending/waste, it will not matter what President Trump does or what policies he put forward. You can not sustain yourself when you spend more than you take in, and there is only so much to be taken from the taxpayer. This is why DOGE is vital to the success of this nation.",Sadie_NC,209635.0,"[Quoting @Sadie_NC]: If we do not control our government spending/waste, it will not matter what President Trump does or what policies he put forward. You can not sustain yourself when you spend more than you take in, and there is only so much to be taken from the taxpayer. This is why DOGE is vital to the success of this nation.
[Musk]: Exactly",quote,0.0036326375714644,0.1382730843485786,0.0553225484321949,3,1,False,True,positive,0.7,['doge'],"[""DOGE""]",endorsement,False,none,agrees,DOGE,0.2104,0.2113,0.2113,0.2113,0.2032,0.1991,163758134.42,0.0,-3.833412210127779,-5.773781353525788
1894221644182217201,Awesome 😎,14714.0,2437.0,82885.0,257.0,5214771.0,2025-02-25 03:03:27+00:00,False,1192.0,,False,True,False,"🚨 Brand-new polling shows OVERWHELMING support for the @DOGE cuts!

67% think the federal debt is unsustainable
60% say DOGE is helping make major cuts
58% support giving DOGE access to sensitive data

🔥 Plus, 72% of DEMOCRATS support reducing government expenditures. https://t.co/2akEw6t5KD",RobertBluey,23763.0,"[Quoting @RobertBluey]: 🚨 Brand-new polling shows OVERWHELMING support for the @DOGE cuts!

67% think the federal debt is unsustainable
60% say DOGE is helping make major cuts
58% support giving DOGE access to sensitive data

🔥 Plus, 72% of DEMOCRATS support reducing government expenditures. https://t.co/2akEw6t5KD
[Musk]: Awesome 😎",quote,0.0192324840342941,0.1775230741388671,0.0294021837485672,3,1,False,True,positive,0.7,['doge'],"[""DOGE""]",endorsement,False,none,agrees,DOGE,0.2104,0.2113,0.2113,0.2113,0.2032,0.1991,163758134.42,0.0,-3.833412210127779,-5.773781353525788
1894208913907880315,Awesome,2192.0,697.0,18714.0,34.0,6962602.0,2025-02-25 02:12:52+00:00,False,128.0,,False,True,False,"“Maybe you shouldn’t be employed here”

I love how @SecDuffy is backing up @DOGE like this",BasedMikeLee,559266.0,"[Quoting @BasedMikeLee]: “Maybe you shouldn’t be employed here”

I love how @SecDuffy is backing up @DOGE like this
[Musk]: Awesome",quote,0.0031076025888022,0.1171315592604467,0.0372448434327241,2,1,False,True,positive,0.6,['doge'],"[""DOGE""]",endorsement,False,none,agrees,DOGE,0.2104,0.2113,0.2113,0.2113,0.2032,0.1991,163758134.42,0.0,-3.833412210127779,-5.773781353525788
1894187433916264665,Makes sense,2484.0,845.0,16510.0,27.0,5200173.0,2025-02-25 00:47:31+00:00,False,193.0,,False,True,False,"Axios finds three-quarters of swing voters support DOGE. While 90% of Republicans — and more than half of Democrats — want Elon involved in government operations.

Media attacks on DOGE are backfiring because Americans are seeing the receipts: the millions to the Taliban, the drag shows in Ecuador, and the industrial scale corruption.",WallStreetMav,1614666.0,"[Quoting @WallStreetMav]: Axios finds three-quarters of swing voters support DOGE. While 90% of Republicans — and more than half of Democrats — want Elon involved in government operations.

Media attacks on DOGE are backfiring because Americans are seeing the receipts: the millions to the Taliban, the drag shows in Ecuador, and the industrial scale corruption.
[Musk]: Makes sense",quote,0.0038202575183556,0.1504542701393095,0.0511811023622047,0,1,False,True,positive,0.7,['doge'],"[""DOGE""]",endorsement,False,none,agrees,DOGE,0.2104,0.2113,0.2113,0.2113,0.2032,0.1991,163758134.42,0.0,-3.833412210127779,-5.773781353525788
1894186598050533890,Cool,1679.0,812.0,19341.0,36.0,15151778.0,2025-02-25 00:44:11+00:00,False,218.0,,False,True,False,DeSantis announces Florida ‘DOGE task force’ https://t.co/DvuvWonKIG,FoxNews,25848256.0,"[Quoting @FoxNews]: DeSantis announces Florida ‘DOGE task force’ https://t.co/DvuvWonKIG
[Musk]: Cool",quote,0.0014432629622741,0.0868104027713148,0.0419833514296055,0,1,False,True,positive,0.4,['doge'],"[""DOGE""]",regulatory,False,none,agrees,DOGE,0.2104,0.2113,0.2113,0.2113,0.2032,0.1991,163758134.42,0.0,-3.833412210127779,-5.773781353525788
1894184676371435539,More tax dollars saved that go straight to REDUCING YOUR TAXES! 😀,5292.0,1865.0,37156.0,117.0,7593365.0,2025-02-25 00:36:33+00:00,False,445.0,,False,True,False,"The Social Security Admin. completed the same software audit.  Initial findings:

-4 redundant survey tools, ranging from $118K-$1.8M/year
-Paying for 10,000 UI Path licenses; only using 5,011
-Paying for 20,600 Tableau licenses; only using 11,560

Fixes in work.",DOGE,4628958.0,"[Quoting @DOGE]: The Social Security Admin. completed the same software audit.  Initial findings:

-4 redundant survey tools, ranging from $118K-$1.8M/year
-Paying for 10,000 UI Path licenses; only using 5,011
-Paying for 20,600 Tableau licenses; only using 11,560

Fixes in work.
[Musk]: More tax dollars saved that go straight to REDUCING YOUR TAXES! 😀",quote,0.005851160848978,0.1424265259984928,0.0501937775863925,0,1,False,True,positive,0.7,['doge'],"[""DOGE""]",endorsement,False,none,agrees,DOGE,0.2104,0.2113,0.2113,0.2113,0.2032,0.1991,163758134.42,0.0,-3.833412210127779,-5.773781353525788
1894184136799068320,Exactly,2469.0,893.0,16938.0,42.0,5512031.0,2025-02-25 00:34:25+00:00,False,166.0,,False,True,False,"Important that Trump, DOGE, the new FBI leadership etc get as much done in the next 18 months as possible.

Because if the GOP loses the House in 2026 - which is the historical norm - the last two years of Trump 2.0 will be impeachment hearings again. Deep state is wounded and furious.

Of course if the administration can get its achievements and message out well - and the economy is gone - the GOP won’t lose the House.

But better safe than sorry.",FischerKing64,205944.0,"[Quoting @FischerKing64]: Important that Trump, DOGE, the new FBI leadership etc get as much done in the next 18 months as possible.

Because if the GOP loses the House in 2026 - which is the historical norm - the last two years of Trump 2.0 will be impeachment hearings again. Deep state is wounded and furious.

Of course if the administration can get its achievements and message out well - and the economy is gone - the GOP won’t lose the House.

But better safe than sorry.
[Musk]: Exactly",quote,0.003690472713234,0.1457669146298264,0.0527216908725941,0,1,False,True,neutral,0.0,['doge'],"[""DOGE""]",none,False,none,agrees,DOGE,0.2104,0.2113,0.2113,0.2113,0.2032,0.1991,163758134.42,0.0,-3.833412210127779,-5.773781353525788
1894181547072524712,Real work,36051.0,20492.0,328958.0,1102.0,27422823.0,2025-02-25 00:24:07+00:00,False,3591.0,,False,True,False,"Dear US government workers,

Last week, I worked 63 hours.
I drove 2600 miles.
I delivered 130,000 gallons of fuel.
See how easy that was?

Sincerely, 
Jake Logan 
American trucker
@DOGE @elonmusk @realDonaldTrump https://t.co/wP3KWBTDvb",bigskyfit,103334.0,"[Quoting @bigskyfit]: Dear US government workers,

Last week, I worked 63 hours.
I drove 2600 miles.
I delivered 130,000 gallons of fuel.
See how easy that was?

Sincerely, 
Jake Logan 
American trucker
@DOGE @elonmusk @realDonaldTrump https://t.co/wP3KWBTDvb
[Musk]: Real work",quote,0.014097855643819,0.1095914980027845,0.0622936666686932,0,1,False,True,neutral,0.0,['doge'],"[""DOGE""]",none,False,none,agrees,DOGE,0.2104,0.2113,0.2113,0.2113,0.2032,0.1991,163758134.42,0.0,-3.833412210127779,-5.773781353525788
1894180899467792560,@RealEJAntoni @DOGE Sounds like creative accounting,48.0,51.0,656.0,6.0,21195.0,2025-02-25 00:21:33+00:00,True,10.0,RealEJAntoni,False,False,False,,,,@RealEJAntoni @DOGE Sounds like creative accounting,reply,0.0359046945034206,0.073170731707317,0.0777439024390243,0,1,False,True,neutral,0.0,['doge'],"[""DOGE""]",none,False,none,,DOGE,0.2104,0.2113,0.2113,0.2113,0.2032,0.1991,163758134.42,0.0,-3.833412210127779,-5.773781353525788
1894175922301145422,The people are tired of their tax dollars being WASTED!,9171.0,3075.0,84158.0,311.0,35454087.0,2025-02-25 00:01:46+00:00,False,563.0,,False,True,False,'Overwhelmingly popular': Elon Musk touts Americans' DOGE support https://t.co/pr4hfoob48,FoxNews,25848256.0,"[Quoting @FoxNews]: 'Overwhelmingly popular': Elon Musk touts Americans' DOGE support https://t.co/pr4hfoob48
[Musk]: The people are tired of their tax dollars being WASTED!",quote,0.0027278942481299,0.1089735972813042,0.0365384158368782,0,1,False,True,positive,0.7,['doge'],"[""DOGE""]",endorsement,False,none,agrees,DOGE,0.2104,0.2113,0.2113,0.2113,0.2032,0.1991,163758134.42,0.0,-3.833412210127779,-5.773781353525788
1894175651890172141,"Thank you, President @realDonaldTrump",8059.0,1734.0,75443.0,197.0,30326142.0,2025-02-25 00:00:42+00:00,False,678.0,,False,True,False,'If you don't answer ... you're fired': Trump stands behind Musk's DOGE productivity email https://t.co/4EbTMJK8Ec,FoxNews,25848256.0,"[Quoting @FoxNews]: 'If you don't answer ... you're fired': Trump stands behind Musk's DOGE productivity email https://t.co/4EbTMJK8Ec
[Musk]: Thank you, President @realDonaldTrump",quote,0.0028171404064519,0.1068223692058905,0.0229842397571676,0,1,False,True,positive,0.7,['doge'],"[""DOGE""]",endorsement,False,none,agrees,DOGE,0.2104,0.2113,0.2113,0.2113,0.2032,0.1991,163758134.42,0.0,-3.833412210127779,-5.773781353525788
1894137412801978375,"Twitter added far more features with fewer people. 

What really matters for improving American’s standard of living is shifting people from low productivity jobs in government to high productivity jobs in industry. 

Many more people needed in manufacturing!",7984.0,4582.0,65322.0,791.0,12196442.0,2025-02-24 21:28:45+00:00,False,1649.0,,False,True,False,"I support DOGE firing 80% of the federal government employees. 

It worked for Twitter.",GuntherEagleman,1329912.0,"[Quoting @GuntherEagleman]: I support DOGE firing 80% of the federal government employees. 

It worked for Twitter.
[Musk]: Twitter added far more features with fewer people. 

What really matters for improving American’s standard of living is shifting people from low productivity jobs in government to high productivity jobs in industry. 

Many more people needed in manufacturing!",quote,0.0064509797201511,0.1222252839778328,0.0701448210403845,21,0,False,True,positive,0.7,['doge'],"[""DOGE""]",endorsement,True,buy,agrees,DOGE,0.2104,0.2113,0.2113,0.2113,0.2032,0.1991,163758134.42,0.0,-3.833412210127779,-5.773781353525788
1894121371372064769,The President was clear,19630.0,5422.0,125084.0,422.0,25078330.0,2025-02-24 20:25:00+00:00,False,2881.0,,False,True,False,"President Donald Trump commented on the email Elon Musk's DOGE sent to federal employees: ""What did you get done last week?""

President Trump's comment: ""If you don't answer, you're fired."" https://t.co/9DcSKjU95m",iam_smx,80001.0,"[Quoting @iam_smx]: President Donald Trump commented on the email Elon Musk's DOGE sent to federal employees: ""What did you get done last week?""

President Trump's comment: ""If you don't answer, you're fired."" https://t.co/9DcSKjU95m
[Musk]: The President was clear",quote,0.0060035098030849,0.1569345399891273,0.0433468709027533,20,0,True,True,neutral,0.0,['doge'],"[""DOGE""]",none,False,none,agrees,DOGE,0.2104,0.2113,0.2113,0.2113,0.2032,0.1991,163758134.42,0.0,-3.833412210127779,-5.773781353525788
1894077559802908768,There are tens of millions of media subscriptions and software licenses paid for with your TAX dollars that are NEVER used by the federal government!,18104.0,3800.0,81196.0,476.0,12858405.0,2025-02-24 17:30:55+00:00,False,1532.0,,False,True,False,"Agencies often have more software licenses than employees, and the licenses are often idle (i.e. paid for, but not installed on any computer).  For example, at GSA, with 13,000 employees, there are:
- 37,000 WinZip licenses
- 19,000 training software subscriptions (and multiple parallel training software platforms)
-7,500 project management software seats for a division with 5,500 employees
- 3 different ticketing systems running in parallel

Fixes are actively in work.",DOGE,4628944.0,"[Quoting @DOGE]: Agencies often have more software licenses than employees, and the licenses are often idle (i.e. paid for, but not installed on any computer).  For example, at GSA, with 13,000 employees, there are:
- 37,000 WinZip licenses
- 19,000 training software subscriptions (and multiple parallel training software platforms)
-7,500 project management software seats for a division with 5,500 employees
- 3 different ticketing systems running in parallel

Fixes are actively in work.
[Musk]: There are tens of millions of media subscriptions and software licenses paid for with your TAX dollars that are NEVER used by the federal government!",quote,0.0080551203667951,0.2229666486033794,0.0468003349918715,17,0,True,True,negative,-0.6,['doge'],"[""DOGE""]",criticism,False,none,agrees,DOGE,0.2104,0.2113,0.2113,0.2113,0.2032,0.1991,163758134.42,0.0,-3.833412210127779,-5.773781353525788
1894065065340403899,Polls show that @DOGE is overwhelmingly POPULAR and that government spending should be reduced by at least $1 trillion!!,25386.0,6813.0,125794.0,828.0,7538519.0,2025-02-24 16:41:16+00:00,False,2570.0,,False,True,False,"This new poll is absolutely devastating to the Democrats. DOGE is EXTREMELY popular by huge margins.

They screeched about it for weeks on every show and publication but the American people didn’t fall for it. Just shows how irrelevant the media and leftist talking heads are. https://t.co/H2El8Ge4AC",libsoftiktok,4316752.0,"[Quoting @libsoftiktok]: This new poll is absolutely devastating to the Democrats. DOGE is EXTREMELY popular by huge margins.

They screeched about it for weeks on every show and publication but the American people didn’t fall for it. Just shows how irrelevant the media and leftist talking heads are. https://t.co/H2El8Ge4AC
[Musk]: Polls show that @DOGE is overwhelmingly POPULAR and that government spending should be reduced by at least $1 trillion!!",quote,0.0210679312475036,0.2018061274782581,0.0541599758335055,16,0,True,True,positive,0.8,['doge'],"[""DOGE""]",endorsement,True,buy,agrees,DOGE,0.2104,0.2113,0.2113,0.2113,0.2032,0.1991,163758134.42,0.0,-3.833412210127779,-5.773781353525788
1893874039845744777,"Try Grok DeepSearch. 

Tell it to use more time for a better result.",3594.0,6062.0,14536.0,87.0,4541660.0,2025-02-24 04:02:12+00:00,False,4597.0,,False,True,False,"Most people have NO IDEA just how VALUABLE Grok 3 DeepSearch is for studying your competitors 🦾💥

Before Grok 3 😔
> Spend big $$$ on social listening tools
> Schedule endless customer calls
> Try to guess what people actually want

After Grok 3 🚀
> Tell grok your idea + competitors
> Analyze realtime discussions on X
> Build exactly what people are asking for

If you’re using Grok 3 in business you have a WILDLY unfair advantage

Steal my prompts and thank me + @jelanifuel later ⬇️",tedx_ai,12515.0,"[Quoting @tedx_ai]: Most people have NO IDEA just how VALUABLE Grok 3 DeepSearch is for studying your competitors 🦾💥

Before Grok 3 😔
> Spend big $$$ on social listening tools
> Schedule endless customer calls
> Try to guess what people actually want

After Grok 3 🚀
> Tell grok your idea + competitors
> Analyze realtime discussions on X
> Build exactly what people are asking for

If you’re using Grok 3 in business you have a WILDLY unfair advantage

Steal my prompts and thank me + @jelanifuel later ⬇️
[Musk]: Try Grok DeepSearch. 

Tell it to use more time for a better result.",quote,0.0053458427094938,0.2472482113373693,0.4170335718216841,4,0,False,True,positive,0.6,['🚀'],[],product_launch,False,none,amplifying,DOGE,0.2429,0.2104,0.2104,0.2104,0.2113,0.199,115816311.88,0.0,0.4277566539923879,-5.418250950570339
1893870468249141688,Grok 3 customer support,1639.0,1091.0,8606.0,38.0,3513836.0,2025-02-24 03:48:00+00:00,False,2074.0,,False,True,False,"Just created Grok 3 AI Customer Support Agents 🔥

🤖 Grok 3 reads docs &amp; builds the agent @elonmusk  
🔍 DeepSearch for In-depth search 
⚡ Flask web app + API setup 
🚀 Browser-based deploy - @Replit @amasad 
✨ Zero manual coding needed @PraisonAI 

Step-by-Step Tutorial: 👇 https://t.co/YrM7EjvdVr",MervinPraison,8842.0,"[Quoting @MervinPraison]: Just created Grok 3 AI Customer Support Agents 🔥

🤖 Grok 3 reads docs &amp; builds the agent @elonmusk  
🔍 DeepSearch for In-depth search 
⚡ Flask web app + API setup 
🚀 Browser-based deploy - @Replit @amasad 
✨ Zero manual coding needed @PraisonAI 

Step-by-Step Tutorial: 👇 https://t.co/YrM7EjvdVr
[Musk]: Grok 3 customer support",quote,0.0032369182853155,0.1904485242853822,0.1267720195212642,3,0,False,True,neutral,0.0,['🚀'],[],none,False,none,amplifying,DOGE,0.2429,0.2104,0.2104,0.2104,0.2113,0.199,115816311.88,0.0,0.4277566539923879,-5.418250950570339
1893859263526629597,Whoa!,39885.0,5613.0,126300.0,848.0,10731848.0,2025-02-24 03:03:29+00:00,False,5028.0,,False,True,False,"REPORT: The Department of Education just got BUSTED running a rogue “sanctuary program” for illegal immigrants while hiding secrets from DOGE and Congress via an encrypted messaging app.

This conspiracy was revealed by Project Veritas, which dropped a bombshell video exposing Travis Combs, Branch Chief for Applied Innovation and Improvement at the U.S. Department of Education (DOE).

In the undercover footage, Combs admits that DOE employees are intentionally using the encrypted messaging app Signal to hide internal conversations from oversight.

“If you want to have a conversation with somebody, you do have to take it offline, but you’re not supposed to. So, everybody uses… an app called Signal now,” Combs said.

Even more alarming, Combs revealed that the DOE deliberately avoids asking about citizenship status during student enrollment—despite the federal government’s responsibility to uphold immigration laws.

“The one nice thing about the program that I work in is that we don’t ask [citizenship] status, and we’ve been able to keep that out of our federal statute,” Combs stated.

He admitted that “if Congress actually knew” about this practice, “there would be a lot of uproar.”

Big shout-out to Project Veritas for exposing this disgusting abuse of power.",VigilantFox,1608391.0,"[Quoting @VigilantFox]: REPORT: The Department of Education just got BUSTED running a rogue “sanctuary program” for illegal immigrants while hiding secrets from DOGE and Congress via an encrypted messaging app.

This conspiracy was revealed by Project Veritas, which dropped a bombshell video exposing Travis Combs, Branch Chief for Applied Innovation and Improvement at the U.S. Department of Education (DOE).

In the undercover footage, Combs admits that DOE employees are intentionally using the encrypted messaging app Signal to hide internal conversations from oversight.

“If you want to have a conversation with somebody, you do have to take it offline, but you’re not supposed to. So, everybody uses… an app called Signal now,” Combs said.

Even more alarming, Combs revealed that the DOE deliberately avoids asking about citizenship status during student enrollment—despite the federal government’s responsibility to uphold immigration laws.

“The one nice thing about the program that I work in is that we don’t ask [citizenship] status, and we’ve been able to keep that out of our federal statute,” Combs stated.

He admitted that “if Congress actually knew” about this practice, “there would be a lot of uproar.”

Big shout-out to Project Veritas for exposing this disgusting abuse of power.
[Musk]: Whoa!",quote,0.0160872572924998,0.3157957244655582,0.0444418052256532,3,0,False,True,neutral,0.0,['doge'],"[""DOGE""]",none,False,none,amplifying,DOGE,0.2429,0.2104,0.2104,0.2104,0.2113,0.199,115816311.88,0.0,0.4277566539923879,-5.418250950570339
1893818353837306141,Seriously 😂,49387.0,10371.0,453159.0,825.0,58855423.0,2025-02-24 00:20:55+00:00,False,10477.0,,False,True,False,DOGE 🤔 https://t.co/30IuzqYEXu,dogeofficialceo,407124.0,"[Quoting @dogeofficialceo]: DOGE 🤔 https://t.co/30IuzqYEXu
[Musk]: Seriously 😂",quote,0.0087288812791303,0.108983822455253,0.022886006898241,0,0,False,True,positive,0.6,['doge'],"[""DOGE""]",meme_joke,False,none,amplifying,DOGE,0.2429,0.2104,0.2104,0.2104,0.2113,0.199,115816311.88,0.0,0.4277566539923879,-5.418250950570339
1911320865435713679,"RT @DOGE: Follow-up on Defend the Spend:

Since the system was launched, over $700M in daily payments have been subject to payment justific…",3538.0,756.0,19217.0,107.0,3090892.0,2025-04-13 07:29:39+00:00,False,384.0,,True,False,False,,,,"RT @DOGE: Follow-up on Defend the Spend:

Since the system was launched, over $700M in daily payments have been subject to payment justific…",retweet,0.0076411598981782,0.1841078211999791,0.0393401675599729,7,6,False,True,positive,0.6,['doge'],"[""DOGE""]",payment_adoption,False,none,,DOGE,0.1676,0.1625,0.1625,0.1625,0.1585,0.1553,38842722.19,0.0,-2.4615384615384635,-4.430769230769238
1911320445653033094,"RT @DOGE: Contract update!

Yesterday, agencies terminated 102 wasteful contracts with a ceiling value of ~$215M and savings of ~$100M, inc…",4341.0,996.0,24135.0,106.0,1810770.0,2025-04-13 07:27:59+00:00,False,380.0,,True,False,False,,,,"RT @DOGE: Contract update!

Yesterday, agencies terminated 102 wasteful contracts with a ceiling value of ~$215M and savings of ~$100M, inc…",retweet,0.0163344875384504,0.1798632691112492,0.0412678682411435,7,6,False,True,positive,0.7,['doge'],"[""DOGE""]",endorsement,False,none,,DOGE,0.1676,0.1625,0.1625,0.1625,0.1585,0.1553,38842722.19,0.0,-2.4615384615384635,-4.430769230769238
1911245881942081698,RT @johnkrausphotos: Falcon 9 transits the 100% full Moon during tonight’s 8:53:30pm ET launch of 21 Starlink satellites from Florida 🚀🌕 ht…,2874.0,1178.0,18394.0,210.0,1679314.0,2025-04-13 02:31:42+00:00,False,791.0,,True,False,False,,,,RT @johnkrausphotos: Falcon 9 transits the 100% full Moon during tonight’s 8:53:30pm ET launch of 21 Starlink satellites from Florida 🚀🌕 ht…,retweet,0.013491223201855,0.1562466021528759,0.0640426225943242,2,6,False,True,positive,0.6,['🚀'],[],none,False,none,,DOGE,0.1676,0.1625,0.1625,0.1625,0.1585,0.1553,38842722.19,0.0,-2.4615384615384635,-4.430769230769238
1911139984058335561,"RT @MarshaBlackburn: It’s corrupt: @DOGE found that 6,300 aliens admitted with criminal or terror ties went on to receive a SSN and benefit…",6587.0,2109.0,22151.0,230.0,1863362.0,2025-04-12 19:30:54+00:00,False,616.0,,True,False,False,,,,"RT @MarshaBlackburn: It’s corrupt: @DOGE found that 6,300 aliens admitted with criminal or terror ties went on to receive a SSN and benefit…",retweet,0.0166779187296939,0.2973680646471942,0.0952101485260259,19,5,False,True,neutral,0.0,['doge'],[],none,False,none,,DOGE,0.1676,0.1625,0.1625,0.1625,0.1585,0.1553,38842722.19,0.0,-2.4615384615384635,-4.430769230769238
1911058542720589974,"RT @WallStreetApes: Democrats love DOGE

Bill Clinton fired 377,000 federal workers and everyone loved it

“Tonight at midnight, America pu…",6369.0,1087.0,18320.0,240.0,1645036.0,2025-04-12 14:07:16+00:00,False,2668.0,,True,False,False,,,,"RT @WallStreetApes: Democrats love DOGE

Bill Clinton fired 377,000 federal workers and everyone loved it

“Tonight at midnight, America pu…",retweet,0.0158148514682961,0.3476528384279476,0.0593340611353711,14,5,False,True,positive,0.6,['doge'],"[""DOGE""]",endorsement,False,none,,DOGE,0.1676,0.1625,0.1625,0.1625,0.1585,0.1553,38842722.19,0.0,-2.4615384615384635,-4.430769230769238
1910946126796054530,"RT @cb_doge: Elon Musk is just trying to do good things.

-DOGE is saving tax dollars.

-Neuralink is finding cures for paralysis &amp; blindne…",4845.0,2846.0,23919.0,242.0,1806041.0,2025-04-12 06:40:34+00:00,False,693.0,,True,False,False,,,,"RT @cb_doge: Elon Musk is just trying to do good things.

-DOGE is saving tax dollars.

-Neuralink is finding cures for paralysis &amp; blindne…",retweet,0.017636365951825,0.2025586353944563,0.1189849073957941,6,5,False,True,positive,0.7,['doge'],"[""DOGE""]",endorsement,False,none,,DOGE,0.16,0.1676,0.1676,0.1676,0.1625,0.1573,39778004.25,0.0,-3.0429594272076335,-6.145584725536994
1910919311067070469,"RT @amuse: DOGE: The NIH has been funnelling millions to an NGO, The Center for Innovative Public Health Research, which sends text message…",4238.0,1417.0,10188.0,326.0,1419527.0,2025-04-12 04:54:01+00:00,False,932.0,,True,False,False,,,,"RT @amuse: DOGE: The NIH has been funnelling millions to an NGO, The Center for Innovative Public Health Research, which sends text message…",retweet,0.0113904138491201,0.4159795838241067,0.1390851982724774,4,5,False,True,negative,-0.6,['doge'],"[""DOGE""]",criticism,False,none,,DOGE,0.16,0.1676,0.1676,0.1676,0.1625,0.1573,39778004.25,0.0,-3.0429594272076335,-6.145584725536994
1910905047434617300,True,28868.0,3991.0,110749.0,421.0,24589443.0,2025-04-12 03:57:20+00:00,False,2592.0,,False,True,False,"NEW: Byron Donalds says Schumer didn’t just lie about the SAVE Act—he exposed just how desperate Democrats are to keep illegals voting.

Chuck Schumer is calling the SAVE Act “voter suppression.”

But Rep. Byron Donalds says that’s a flat-out lie—and he’s calling him out, hard.

“My response is Chuck Schumer is lying again when it comes to actual voting policy to protect the franchise for the American people.”

Donalds pointed to a basic fact: Every state already uses Real ID—which helps women who change their names. So Schumer’s talking point? Pure fiction.

“So Chuck Schumer is lying and he’s gaslighting.”

And this isn’t the first time they’ve done it.

Back in 2022, Donalds reminded us how Schumer, Biden, Harris, and Pelosi tried to smear Georgia’s new election laws as “Jim Crow 2.0.”

But the truth?

“More Black people in Georgia voted in the midterm elections than in the history of the state of Georgia.”

They lied then. They’re lying now.

“Once again the Democrats are gaslighting, they are lying. They should be joining us to protect the franchise of voting in the United States of America.”

Donalds said the real threat isn’t voter suppression—it’s illegal voting.

And with 30 million illegals that crossed into the U.S., he says it’s not a conspiracy. It’s happening.

“We’ve already seen through the work of DOGE that they have had access to registering to all kinds of programs.”

The fix?

“All we’re saying is proof of citizenship to make sure you’re voting in American elections. This is common sense stuff.”

Donalds dunked on the Dems in his final line: 

“Once again, the Democrats simply are not serious. They would prefer to gaslight than do what’s right on behalf of the American people.”",VigilantFox,1642505.0,"[Quoting @VigilantFox]: NEW: Byron Donalds says Schumer didn’t just lie about the SAVE Act—he exposed just how desperate Democrats are to keep illegals voting.

Chuck Schumer is calling the SAVE Act “voter suppression.”

But Rep. Byron Donalds says that’s a flat-out lie—and he’s calling him out, hard.

“My response is Chuck Schumer is lying again when it comes to actual voting policy to protect the franchise for the American people.”

Donalds pointed to a basic fact: Every state already uses Real ID—which helps women who change their names. So Schumer’s talking point? Pure fiction.

“So Chuck Schumer is lying and he’s gaslighting.”

And this isn’t the first time they’ve done it.

Back in 2022, Donalds reminded us how Schumer, Biden, Harris, and Pelosi tried to smear Georgia’s new election laws as “Jim Crow 2.0.”

But the truth?

“More Black people in Georgia voted in the midterm elections than in the history of the state of Georgia.”

They lied then. They’re lying now.

“Once again the Democrats are gaslighting, they are lying. They should be joining us to protect the franchise of voting in the United States of America.”

Donalds said the real threat isn’t voter suppression—it’s illegal voting.

And with 30 million illegals that crossed into the U.S., he says it’s not a conspiracy. It’s happening.

“We’ve already seen through the work of DOGE that they have had access to registering to all kinds of programs.”

The fix?

“All we’re saying is proof of citizenship to make sure you’re voting in American elections. This is common sense stuff.”

Donalds dunked on the Dems in his final line: 

“Once again, the Democrats simply are not serious. They would prefer to gaslight than do what’s right on behalf of the American people.”
[Musk]: True",quote,0.0058573510591516,0.2606614958148606,0.0360364427669775,3,5,False,True,neutral,0.0,['doge'],"[""DOGE""]",none,False,none,agrees,DOGE,0.16,0.1676,0.1676,0.1676,0.1625,0.1573,39778004.25,0.0,-3.0429594272076335,-6.145584725536994
1910756386885034221,Just ensuring common sense deals for the taxpayer,14193.0,4076.0,72090.0,261.0,21692576.0,2025-04-11 18:06:37+00:00,False,1573.0,,False,True,False,"Good work by @USGSA for inking its first consolidated deal following the President’s Executive Order:  Eliminating Waste and Saving Taxpayer Dollars by Consolidating Procurement.  

With this deal, GSA effectively used government-wide buying leverage to secure a 71% price reduction for Workspace, which will be available to all federal agencies.  This will be the first of many bulk discounts as a result of centralized procurement.",DOGE,4912907.0,"[Quoting @DOGE]: Good work by @USGSA for inking its first consolidated deal following the President’s Executive Order:  Eliminating Waste and Saving Taxpayer Dollars by Consolidating Procurement.  

With this deal, GSA effectively used government-wide buying leverage to secure a 71% price reduction for Workspace, which will be available to all federal agencies.  This will be the first of many bulk discounts as a result of centralized procurement.
[Musk]: Just ensuring common sense deals for the taxpayer",quote,0.0041774660602779,0.1968789013732834,0.0565404355666527,18,4,True,True,positive,0.6,['doge'],"[""DOGE""]",endorsement,False,none,agrees,DOGE,0.16,0.1676,0.1676,0.1676,0.1625,0.1573,39778004.25,0.0,-3.0429594272076335,-6.145584725536994
1910722419561529664,"RT @teslaownersSV: Elon Musk: ""What's better than saying trust me is just full transparency. That's what we are doing with the DOGE.""
 http…",5144.0,1062.0,23697.0,206.0,1195701.0,2025-04-11 15:51:38+00:00,False,1628.0,,True,False,False,,,,"RT @teslaownersSV: Elon Musk: ""What's better than saying trust me is just full transparency. That's what we are doing with the DOGE.""
 http…",retweet,0.0251810444249858,0.2170738912098578,0.0448157994682871,15,4,True,True,positive,0.7,['doge'],"[""DOGE""]",endorsement,False,none,,DOGE,0.16,0.1676,0.1676,0.1676,0.1625,0.1573,39778004.25,0.0,-3.0429594272076335,-6.145584725536994
1910711890977706280,"RT @amuse: DOGE: The Trump administration is revoking parole for 6,300 immigrants flagged either on the FBI’s Terrorist Screening Center wa…",2723.0,607.0,9885.0,95.0,1859010.0,2025-04-11 15:09:48+00:00,False,261.0,,True,False,False,,,,"RT @amuse: DOGE: The Trump administration is revoking parole for 6,300 immigrants flagged either on the FBI’s Terrorist Screening Center wa…",retweet,0.007159724799759,0.2754678806272129,0.0614061709661102,15,4,True,True,neutral,0.0,['doge'],"[""DOGE""]",none,False,none,,DOGE,0.16,0.1676,0.1676,0.1676,0.1625,0.1573,39778004.25,0.0,-3.0429594272076335,-6.145584725536994
1910573812048916797,True,19474.0,3828.0,95764.0,333.0,23072889.0,2025-04-11 06:01:08+00:00,False,2388.0,,False,True,False,"🇺🇸 REP. MIKE LAWLER: DOGE IS DOING A TURBOCHARGED FORENSIC AUDIT OF THE ENTIRE GOVT

“We’re spending $86 trillion over 10 years—and we’re $36 trillion in debt. 

That’s $1T a year just on interest.

DOGE is digging through every department. 

This is a real audit. 

It’s been decades since this kind of accountability happened.

This is not sustainable.”

Source: CNN @elonmusk @RepMikeLawler",MarioNawfal,2201772.0,"[Quoting @MarioNawfal]: 🇺🇸 REP. MIKE LAWLER: DOGE IS DOING A TURBOCHARGED FORENSIC AUDIT OF THE ENTIRE GOVT

“We’re spending $86 trillion over 10 years—and we’re $36 trillion in debt. 

That’s $1T a year just on interest.

DOGE is digging through every department. 

This is a real audit. 

It’s been decades since this kind of accountability happened.

This is not sustainable.”

Source: CNN @elonmusk @RepMikeLawler
[Musk]: True",quote,0.0051748612841677,0.2033540787769934,0.0399732676162232,6,4,False,True,positive,0.6,['doge'],"[""DOGE""]",endorsement,True,buy,agrees,DOGE,0.1535,0.16,0.16,0.16,0.1676,0.1576,42774257.89,0.0,4.749999999999997,-1.5000000000000082
1910572286899343396,RT @DOGE: Great partnership between @SecDef @DeptofDefense @DOGE,4446.0,1133.0,24507.0,115.0,2781908.0,2025-04-11 05:55:04+00:00,False,644.0,,True,False,False,,,,RT @DOGE: Great partnership between @SecDef @DeptofDefense @DOGE,retweet,0.0108562181064219,0.1814175541681968,0.0462316889052107,5,4,False,True,positive,0.7,['doge'],"[""DOGE""]",partnership,False,none,,DOGE,0.1535,0.16,0.16,0.16,0.1676,0.1576,42774257.89,0.0,4.749999999999997,-1.5000000000000082
1910559438974443668,Troubling,10254.0,2102.0,54149.0,156.0,49055514.0,2025-04-11 05:04:01+00:00,False,1107.0,,False,True,False,"Under the Biden administration, it was routine for Border Patrol to admit aliens into the United States with no legal status and minimal screening. So far, CBP identified a subset of 6.3k individuals paroled into the United States since 2023 on the FBI's Terrorist Screening Center watchlist or with criminal records. These paroles have since been terminated with immediate effect.

Despite having no other legal status, paroled aliens are able to file for work authorization and receive social security numbers. Among these 6.3k paroled aliens with criminal or terrorist records (all have a social security number):
- 905 collecting Medicaid (including 4 on the terrorist watch list). $276k was paid out
- 41 collecting Unemployment Insurance, receiving $42k in benefits
- 22 received federal student loans totaling $280k
- 409 received {net} tax refunds (2024 only) for $751k
- Several (final number TBD) received SNAP (food stamp) benefits",DOGE,4912907.0,"[Quoting @DOGE]: Under the Biden administration, it was routine for Border Patrol to admit aliens into the United States with no legal status and minimal screening. So far, CBP identified a subset of 6.3k individuals paroled into the United States since 2023 on the FBI's Terrorist Screening Center watchlist or with criminal records. These paroles have since been terminated with immediate effect.

Despite having no other legal status, paroled aliens are able to file for work authorization and receive social security numbers. Among these 6.3k paroled aliens with criminal or terrorist records (all have a social security number):
- 905 collecting Medicaid (including 4 on the terrorist watch list). $276k was paid out
- 41 collecting Unemployment Insurance, receiving $42k in benefits
- 22 received federal student loans totaling $280k
- 409 received {net} tax refunds (2024 only) for $751k
- Several (final number TBD) received SNAP (food stamp) benefits
[Musk]: Troubling",quote,0.001358889033351,0.1893663779571183,0.0388188147518883,5,4,False,True,negative,-0.7,['doge'],"[""DOGE""]",criticism,False,none,agrees,DOGE,0.1535,0.16,0.16,0.16,0.1676,0.1576,42774257.89,0.0,4.749999999999997,-1.5000000000000082
1910557219856187709,That’s a very big percentage,16773.0,3210.0,83177.0,305.0,58548671.0,2025-04-11 04:55:12+00:00,False,1605.0,,False,True,False,"California, New York, and Massachusetts accounted for most of these improper claims, totaling $305M in unemployment benefits.

Additionally, California accounted for 68% of the unemployment benefits paid to parolees identified by CBP on the terrorist watchlist or with criminal records.",DOGE,4912907.0,"[Quoting @DOGE]: California, New York, and Massachusetts accounted for most of these improper claims, totaling $305M in unemployment benefits.

Additionally, California accounted for 68% of the unemployment benefits paid to parolees identified by CBP on the terrorist watchlist or with criminal records.
[Musk]: That’s a very big percentage",quote,0.0017671622298651,0.2016543034733159,0.038592399341164,4,4,False,True,neutral,0.0,['doge'],"[""DOGE""]",none,False,none,amplifying,DOGE,0.1535,0.16,0.16,0.16,0.1676,0.1576,42774257.89,0.0,4.749999999999997,-1.5000000000000082
1910462004919173470,$69M 🤔,41505.0,12081.0,185110.0,1231.0,48559361.0,2025-04-10 22:36:51+00:00,False,6066.0,,False,True,False,"BREAKING: Secretary of Labor and @DOGE uncover over $400 million in unemployment insurance fraud.

""We have almost 25,000 people over 115 years old who are collecting $59 million... 28,000 people between 1 and 5 years old have collected fraudulent payments of $254 million. Lastly, 10,000 people who have not been born yet. 15 years into the future. $69 million. And they haven't even been born yet.""",KanekoaTheGreat,1079940.0,"[Quoting @KanekoaTheGreat]: BREAKING: Secretary of Labor and @DOGE uncover over $400 million in unemployment insurance fraud.

""We have almost 25,000 people over 115 years old who are collecting $59 million... 28,000 people between 1 and 5 years old have collected fraudulent payments of $254 million. Lastly, 10,000 people who have not been born yet. 15 years into the future. $69 million. And they haven't even been born yet.""
[Musk]: $69M 🤔",quote,0.0049409010962891,0.2242180325212036,0.0652638971422397,22,3,False,True,neutral,0.0,['doge'],"[""DOGE""]",regulatory,False,none,neutral,DOGE,0.1535,0.16,0.16,0.16,0.1676,0.1576,42774257.89,0.0,4.749999999999997,-1.5000000000000082
1910201891226550431,RT @charliekirk11: DOGE just updated its website eclipsing $150 BILLION in savings 🔥🔥 https://t.co/nFr6eyvVky,5040.0,1609.0,26955.0,174.0,1591278.0,2025-04-10 05:23:15+00:00,False,586.0,,True,False,False,,,,RT @charliekirk11: DOGE just updated its website eclipsing $150 BILLION in savings 🔥🔥 https://t.co/nFr6eyvVky,retweet,0.0212269634846959,0.1869782971619365,0.0596920793915785,5,3,False,True,positive,0.7,['doge'],"[""DOGE""]",endorsement,False,none,,DOGE,0.1603,0.1535,0.1535,0.1535,0.16,0.1559,65926992.49,0.0,4.234527687296421,1.563517915309455
1910200803031232596,"RT @libsoftiktok: Holy shlit. DOGE just revealed insane unemployment benefits fraud totaling $382M:

- 24.5k people over 115 years old clai…",11994.0,1800.0,44174.0,357.0,2056498.0,2025-04-10 05:18:55+00:00,False,1892.0,,True,False,False,,,,"RT @libsoftiktok: Holy shlit. DOGE just revealed insane unemployment benefits fraud totaling $382M:

- 24.5k people over 115 years old clai…",retweet,0.0283613210418877,0.2715171820527912,0.0407479512835604,5,3,False,True,positive,0.6,['doge'],"[""DOGE""]",endorsement,False,none,,DOGE,0.1603,0.1535,0.1535,0.1535,0.16,0.1559,65926992.49,0.0,4.234527687296421,1.563517915309455
1910173756724564323,"Your tax dollars were going to pay fraudulent unemployment claims for fake people born in the future!

This is so crazy that I had to read it several times before it sank in.",40115.0,9376.0,159867.0,1526.0,81952125.0,2025-04-10 03:31:27+00:00,False,6321.0,,False,True,False,"An initial survey of Unemployment Insurance claims since 2020 revealed the following:
- 24.5k people over 115 years old claimed $59M in benefits
- 28k people between 1 and 5 years old claimed $254M in benefits
- 9.7k people with birth dates over 15 years in the future claimed $69M in benefits

In one case, someone with a birthday in 2154 claimed $41k.",DOGE,4912908.0,"[Quoting @DOGE]: An initial survey of Unemployment Insurance claims since 2020 revealed the following:
- 24.5k people over 115 years old claimed $59M in benefits
- 28k people between 1 and 5 years old claimed $254M in benefits
- 9.7k people with birth dates over 15 years in the future claimed $69M in benefits

In one case, someone with a birthday in 2154 claimed $41k.
[Musk]: Your tax dollars were going to pay fraudulent unemployment claims for fake people born in the future!

This is so crazy that I had to read it several times before it sank in.",quote,0.0025732584725533,0.2509273333458437,0.0586487517749129,3,3,False,True,negative,-0.7,['doge'],"[""DOGE""]",criticism,False,none,amplifying,DOGE,0.1603,0.1535,0.1535,0.1535,0.16,0.1559,65926992.49,0.0,4.234527687296421,1.563517915309455
1910013247178285293,Wow,38122.0,8754.0,174111.0,942.0,33205822.0,2025-04-09 16:53:39+00:00,False,3213.0,,False,True,False,"You can’t make this up…

Federal employees showed up to the office — not to work — but to protest returning to work.

@DOGE and I are fighting to get Washington working for YOU! https://t.co/qrriphp0Fn",SenJoniErnst,250370.0,"[Quoting @SenJoniErnst]: You can’t make this up…

Federal employees showed up to the office — not to work — but to protest returning to work.

@DOGE and I are fighting to get Washington working for YOU! https://t.co/qrriphp0Fn
[Musk]: Wow",quote,0.0066834364166621,0.2189522775700559,0.0502782707583093,16,2,True,True,neutral,0.0,['doge'],"[""DOGE""]",regulatory,False,none,amplifying,DOGE,0.1603,0.1535,0.1535,0.1535,0.16,0.1559,65926992.49,0.0,4.234527687296421,1.563517915309455
1910000919330382158,"RT @DOGE: Contract update!

In the last two days, agencies terminated 108 wasteful contracts with a ceiling value of $205M and savings of $…",6465.0,1578.0,30069.0,193.0,1837376.0,2025-04-09 16:04:39+00:00,False,476.0,,True,False,False,,,,"RT @DOGE: Contract update!

In the last two days, agencies terminated 108 wasteful contracts with a ceiling value of $205M and savings of $…",retweet,0.0208476653662614,0.2150054873790282,0.0524792976154843,16,2,True,True,positive,0.6,['doge'],"[""DOGE""]",endorsement,True,buy,,DOGE,0.1603,0.1535,0.1535,0.1535,0.16,0.1559,65926992.49,0.0,4.234527687296421,1.563517915309455
1909992383967617329,RT @DefiyantlyFree: DOGE found that immigration officials gave asylum seekers work authorization documents just 5 months after they claimed…,2627.0,410.0,8512.0,51.0,1117825.0,2025-04-09 15:30:44+00:00,False,273.0,,True,False,False,,,,RT @DefiyantlyFree: DOGE found that immigration officials gave asylum seekers work authorization documents just 5 months after they claimed…,retweet,0.0103772951937915,0.3086231203007519,0.0481672932330827,15,2,True,True,neutral,0.0,['doge'],"[""DOGE""]",none,False,none,,DOGE,0.1603,0.1535,0.1535,0.1535,0.16,0.1559,65926992.49,0.0,4.234527687296421,1.563517915309455
1909980654978334878,"RT @amuse: DOGE: The NIH has been quietly funding a nonprofit that sends direct messages to hundreds of minors’ cellphones, promoting conte…",10205.0,2339.0,19850.0,1004.0,2020666.0,2025-04-09 14:44:08+00:00,False,1919.0,,True,False,False,,,,"RT @amuse: DOGE: The NIH has been quietly funding a nonprofit that sends direct messages to hundreds of minors’ cellphones, promoting conte…",retweet,0.0165282139650986,0.5141057934508816,0.1178337531486146,14,2,True,True,neutral,0.0,['doge'],"[""DOGE""]",none,False,none,,DOGE,0.1603,0.1535,0.1535,0.1535,0.16,0.1559,65926992.49,0.0,4.234527687296421,1.563517915309455
1909854301763387673,Exactly,18941.0,4240.0,120317.0,308.0,59049471.0,2025-04-09 06:22:03+00:00,False,1975.0,,False,True,False,"This is why the far-left is freaking out about @DOGE

It was supposed to be their little secret",BasedMikeLee,586809.0,"[Quoting @BasedMikeLee]: This is why the far-left is freaking out about @DOGE

It was supposed to be their little secret
[Musk]: Exactly",quote,0.0024353478120066,0.1574258001778634,0.0352402403650356,6,2,False,True,positive,0.6,['doge'],"[""DOGE""]",endorsement,True,buy,agrees,DOGE,0.1421,0.1603,0.1603,0.1603,0.1535,0.1547,113143291.93,0.0,-4.242046163443543,-3.493449781659385
1909714899246497978,FAFO time,32131.0,10204.0,175444.0,799.0,43591932.0,2025-04-08 21:08:07+00:00,False,2888.0,,False,True,False,"🚨🇺🇸WHO’S PAYING TO BURN TESLAS? DOJ & CONGRESS PROBING THE MONEY TRAIL

The Molotov attacks on Tesla dealerships weren’t just mindless rage—they were coordinated, armed, and funded.

Now, the Department of Justice is digging deeper. Investigators are pursuing not just the arsonists, but also the shadowy networks that may have financed the crimes.

The House DOGE Subcommittee has formally called on the DOJ and FBI to expose any NGOs, activist fronts, or political donors fueling anti-Tesla violence.

This is no longer about protests. It’s about domestic terrorism—and who’s bankrolling it.

As AG Bondi warned: “No one—not the foot soldiers, not the financiers—will escape justice.”

The anti-Elon mob is being unmasked. And the funders are next.

Sources: DOJ, House GOP Subcommittee on DOGE",MarioNawfal,2201774.0,"[Quoting @MarioNawfal]: 🚨🇺🇸WHO’S PAYING TO BURN TESLAS? DOJ & CONGRESS PROBING THE MONEY TRAIL

The Molotov attacks on Tesla dealerships weren’t just mindless rage—they were coordinated, armed, and funded.

Now, the Department of Justice is digging deeper. Investigators are pursuing not just the arsonists, but also the shadowy networks that may have financed the crimes.

The House DOGE Subcommittee has formally called on the DOJ and FBI to expose any NGOs, activist fronts, or political donors fueling anti-Tesla violence.

This is no longer about protests. It’s about domestic terrorism—and who’s bankrolling it.

As AG Bondi warned: “No one—not the foot soldiers, not the financiers—will escape justice.”

The anti-Elon mob is being unmasked. And the funders are next.

Sources: DOJ, House GOP Subcommittee on DOGE
[Musk]: FAFO time",quote,0.0050141847349183,0.1831410592553749,0.0581610086409338,21,1,False,True,positive,0.7,['doge'],"[""DOGE""]",regulatory,False,none,agrees,DOGE,0.1421,0.1603,0.1603,0.1603,0.1535,0.1547,113143291.93,0.0,-4.242046163443543,-3.493449781659385
1909689493747384806,Crazy,55507.0,15543.0,190912.0,2004.0,43422114.0,2025-04-08 19:27:10+00:00,False,9194.0,,False,True,False,"DOGE: Biden issued nearly 4M SSNs to non-citizens provided just five months after filing asylum claims in the mail, no interview, and no ID check. As a result, they can access benefits like Medicaid (1.3M) and get driver’s licenses. https://t.co/OFU5kVrRZg",amuse,617278.0,"[Quoting @amuse]: DOGE: Biden issued nearly 4M SSNs to non-citizens provided just five months after filing asylum claims in the mail, no interview, and no ID check. As a result, they can access benefits like Medicaid (1.3M) and get driver’s licenses. https://t.co/OFU5kVrRZg
[Musk]: Crazy",quote,0.0060790683751601,0.2907465219577606,0.0814144736842105,19,1,True,True,neutral,0.0,['doge'],"[""DOGE""]",none,False,none,agrees,DOGE,0.1421,0.1603,0.1603,0.1603,0.1535,0.1547,113143291.93,0.0,-4.242046163443543,-3.493449781659385
1909676930368258525,"RT @libsoftiktok: HOLY SHLIT: DOGE found that MILLIONS of illegals were given Social Security numbers over the last 4 years, with 1.3 milli…",27816.0,3532.0,93653.0,1257.0,4401248.0,2025-04-08 18:37:14+00:00,False,5956.0,,True,False,False,,,,"RT @libsoftiktok: HOLY SHLIT: DOGE found that MILLIONS of illegals were given Social Security numbers over the last 4 years, with 1.3 milli…",retweet,0.0286868633623917,0.2970113076996999,0.0377136877622713,18,1,True,True,positive,0.6,['doge'],"[""DOGE""]",regulatory,False,none,,DOGE,0.1421,0.1603,0.1603,0.1603,0.1535,0.1547,113143291.93,0.0,-4.242046163443543,-3.493449781659385
1909668844685475922,"RT @MarioNawfal: ELON: DOGE IS CRUCIAL TO SAVING MEDICARE AND SOCIAL SECURITY

“The actions that we're taking [with DOGE] with the support…",3203.0,695.0,12566.0,73.0,2728149.0,2025-04-08 18:05:07+00:00,False,391.0,,True,False,False,,,,"RT @MarioNawfal: ELON: DOGE IS CRUCIAL TO SAVING MEDICARE AND SOCIAL SECURITY

“The actions that we're taking [with DOGE] with the support…",retweet,0.0060616190684599,0.2548941588413178,0.0553079738978195,18,1,True,True,positive,0.8,['doge'],"[""DOGE""]",endorsement,True,buy,,DOGE,0.1421,0.1603,0.1603,0.1603,0.1535,0.1547,113143291.93,0.0,-4.242046163443543,-3.493449781659385
1909486311263944867,RT @GuntherEagleman: Thank you DOGE. https://t.co/KjpO9kJwKx,3616.0,1002.0,19072.0,103.0,2444053.0,2025-04-08 05:59:47+00:00,False,337.0,,True,False,False,,,,RT @GuntherEagleman: Thank you DOGE. https://t.co/KjpO9kJwKx,retweet,0.0097350589369379,0.1895973154362416,0.0525377516778523,5,1,False,True,positive,0.6,['doge'],"[""DOGE""]",endorsement,True,buy,,DOGE,0.1495,0.1421,0.1421,0.1421,0.1603,0.1536,84385356.32,0.0,12.80788177339901,8.092892329345519
1909484354868294036,"Chuck, I’m starting to think you’re getting a piece of the action with the government fraud. But no, that couldn’t possibly be the reason, could it? 🤔 …",47094.0,16089.0,252344.0,2174.0,64842146.0,2025-04-08 05:52:01+00:00,False,4495.0,,False,True,False,"Trump has unleashed chaos on America

—His tariffs hit families with largest tax hike in more than 50 years
—DOGE is sabotaging Social Security, Medicare, Medicaid
—The market is having its worst 3 days since COVID

And Congressional Republicans are going along with it all so they can cut taxes for billionaires",SenSchumer,3352234.0,"[Quoting @SenSchumer]: Trump has unleashed chaos on America

—His tariffs hit families with largest tax hike in more than 50 years
—DOGE is sabotaging Social Security, Medicare, Medicaid
—The market is having its worst 3 days since COVID

And Congressional Republicans are going along with it all so they can cut taxes for billionaires
[Musk]: Chuck, I’m starting to think you’re getting a piece of the action with the government fraud. But no, that couldn’t possibly be the reason, could it? 🤔 …",quote,0.0048996064997602,0.1866261928161557,0.0637582030878483,5,1,False,True,negative,-0.6,['doge'],"[""DOGE""]",regulatory,False,none,disagrees,DOGE,0.1495,0.1421,0.1421,0.1421,0.1603,0.1536,84385356.32,0.0,12.80788177339901,8.092892329345519
1909483161559744771,Good question 🤔,14852.0,7738.0,95590.0,498.0,53813433.0,2025-04-08 05:47:16+00:00,False,1389.0,,False,True,False,"Many car companies, but protests are only against Tesla.

Many billionaires, but protests are only against Elon Musk.

Many departments, but protests are only against DOGE.

Many social networks, but the media is only against 𝕏

Why is that?",cb_doge,1390587.0,"[Quoting @cb_doge]: Many car companies, but protests are only against Tesla.

Many billionaires, but protests are only against Elon Musk.

Many departments, but protests are only against DOGE.

Many social networks, but the media is only against 𝕏

Why is that?
[Musk]: Good question 🤔",quote,0.0022053601374957,0.1553719008264462,0.080949890155874,5,1,False,True,neutral,0.0,['doge'],"[""DOGE""]",market_commentary,False,none,agrees,DOGE,0.1495,0.1421,0.1421,0.1421,0.1603,0.1536,84385356.32,0.0,12.80788177339901,8.092892329345519
1909406186660900921,🇺🇸🇺🇸,36047.0,6464.0,209059.0,652.0,44618743.0,2025-04-08 00:41:24+00:00,False,2770.0,,False,True,False,"DOGE is the first serious effort in years to take control of Washington spending.

It’s long overdue. https://t.co/TYyGywuO9Z",SenJohnKennedy,1500032.0,"[Quoting @SenJohnKennedy]: DOGE is the first serious effort in years to take control of Washington spending.

It’s long overdue. https://t.co/TYyGywuO9Z
[Musk]: 🇺🇸🇺🇸",quote,0.0056528262125179,0.1724250092079269,0.030919501193443,0,1,False,True,positive,0.6,['doge'],"[""DOGE""]",endorsement,False,none,agrees,DOGE,0.1495,0.1421,0.1421,0.1421,0.1603,0.1536,84385356.32,0.0,12.80788177339901,8.092892329345519
1909355113829089449,"RT @DOGE: Under the previous administration, @StateDept made DEI 20% of Foreign Service Officer performance, assessing diplomats by whether…",4932.0,1077.0,21941.0,185.0,3037111.0,2025-04-07 21:18:27+00:00,False,721.0,,True,False,False,,,,"RT @DOGE: Under the previous administration, @StateDept made DEI 20% of Foreign Service Officer performance, assessing diplomats by whether…",retweet,0.0092637378087267,0.2247846497424912,0.0490861856797775,21,0,False,True,neutral,0.0,['doge'],"[""DOGE""]",none,False,none,,DOGE,0.1495,0.1421,0.1421,0.1421,0.1603,0.1536,84385356.32,0.0,12.80788177339901,8.092892329345519
1908896863740469356,"RT @MarioNawfal: 🚨🇺🇸EXPOSED: ANTI-ELON PROTESTS ARE STAGED &amp; PAID—BUSSED-IN, SCRIPTED, CLOCKED-OUT

The anti-Elon, anti-DOGE, anti-Trump pr…",8783.0,3794.0,23494.0,564.0,3835468.0,2025-04-06 14:57:32+00:00,False,1872.0,,True,False,False,,,,"RT @MarioNawfal: 🚨🇺🇸EXPOSED: ANTI-ELON PROTESTS ARE STAGED &amp; PAID—BUSSED-IN, SCRIPTED, CLOCKED-OUT

The anti-Elon, anti-DOGE, anti-Trump pr…",retweet,0.0095516375055143,0.3738401293947391,0.1614880394994466,14,6,False,True,positive,0.4,['doge'],"[""DOGE""]",market_commentary,False,none,,DOGE,0.1492,0.1495,0.1495,0.1495,0.1421,0.1585,194748176.07,0.0,-4.9498327759197265,6.020066889632113
1908888621471740044,"RT @WallStreetApes: Alot of people are going to be talking about the anti- Elon Musk, DOGE and Donald Trump protests yesterday

Make sure t…",23923.0,3139.0,45180.0,1074.0,2640029.0,2025-04-06 14:24:47+00:00,False,4198.0,,True,False,False,,,,"RT @WallStreetApes: Alot of people are going to be talking about the anti- Elon Musk, DOGE and Donald Trump protests yesterday

Make sure t…",retweet,0.0277709070620057,0.5295042054006197,0.0694776449756529,14,6,False,True,neutral,0.0,['doge'],"[""DOGE""]",none,False,none,,DOGE,0.1492,0.1495,0.1495,0.1495,0.1421,0.1585,194748176.07,0.0,-4.9498327759197265,6.020066889632113
1908756301083271213,💯,18846.0,4261.0,74620.0,306.0,35910269.0,2025-04-06 05:38:59+00:00,False,1956.0,,False,True,False,"🇺🇸ELITE PANIC: WHY BILLIONAIRE HEIRESS FEARS ELON'S ZERO-COST GOVERNMENT EFFICIENCY

There's delicious irony in Rep. Sara Jacobs—granddaughter of Qualcomm billionaire Irwin Jacobs—filing legislation to ""defund"" a government efficiency initiative that costs taxpayers absolutely nothing.

In the most revealing self-own of 2025, Jacobs' ""Delete DOGE Act"" exposes the true anxiety of Washington's connected elite: not that government will spend too much, but that someone might actually examine where all those billions are going and who benefits.

The DOGE initiative represents everything establishment politicians fear—transparency, accountability, and worst of all, a high-profile figure with the technical expertise to identify bloated contracts, administrative waste, and sweetheart deals that have lined corporate pockets for decades.

Unlike the alphabet soup of taxpayer-funded NGOs that function as slush funds for connected insiders and landing pads for bureaucrats awaiting their next administration appointment, DOGE operates with zero taxpayer dollars while generating billions in savings.

Source: @RichardGrenell",MarioNawfal,2201772.0,"[Quoting @MarioNawfal]: 🇺🇸ELITE PANIC: WHY BILLIONAIRE HEIRESS FEARS ELON'S ZERO-COST GOVERNMENT EFFICIENCY

There's delicious irony in Rep. Sara Jacobs—granddaughter of Qualcomm billionaire Irwin Jacobs—filing legislation to ""defund"" a government efficiency initiative that costs taxpayers absolutely nothing.

In the most revealing self-own of 2025, Jacobs' ""Delete DOGE Act"" exposes the true anxiety of Washington's connected elite: not that government will spend too much, but that someone might actually examine where all those billions are going and who benefits.

The DOGE initiative represents everything establishment politicians fear—transparency, accountability, and worst of all, a high-profile figure with the technical expertise to identify bloated contracts, administrative waste, and sweetheart deals that have lined corporate pockets for decades.

Unlike the alphabet soup of taxpayer-funded NGOs that function as slush funds for connected insiders and landing pads for bureaucrats awaiting their next administration appointment, DOGE operates with zero taxpayer dollars while generating billions in savings.

Source: @RichardGrenell
[Musk]: 💯",quote,0.0027299433485168,0.2525596354864647,0.0571026534441168,5,6,False,True,positive,0.7,['doge'],"[""DOGE""]",endorsement,False,none,agrees,DOGE,0.1689,0.1492,0.1492,0.1492,0.1495,0.1625,76227121.49,0.0,0.20107238605897768,8.914209115281507
1908752939625353292,"RT @cb_doge: We have so many departments, but the protests are solely against DOGE.

Why is that?",2504.0,2452.0,15278.0,129.0,2267304.0,2025-04-06 05:25:38+00:00,False,193.0,,True,False,False,,,,"RT @cb_doge: We have so many departments, but the protests are solely against DOGE.

Why is that?",retweet,0.008981151182197,0.1638957978793035,0.1604922110223851,5,6,False,True,positive,0.3,['doge'],"[""DOGE""]",endorsement,False,none,,DOGE,0.1689,0.1492,0.1492,0.1492,0.1495,0.1625,76227121.49,0.0,0.20107238605897768,8.914209115281507
1908749567413170462,"RT @WallStreetApes: Full breakdown of Elon Musk at 'The League Congress' hosted by Italian Deputy Prime Minister Matteo Salvini

DOGE cutti…",2945.0,501.0,9451.0,81.0,1639150.0,2025-04-06 05:12:14+00:00,False,1127.0,,True,False,False,,,,"RT @WallStreetApes: Full breakdown of Elon Musk at 'The League Congress' hosted by Italian Deputy Prime Minister Matteo Salvini

DOGE cutti…",retweet,0.0079175182259097,0.3116072373293831,0.0530102634641836,5,6,False,True,positive,0.6,['doge'],"[""DOGE""]",partnership,False,none,,DOGE,0.1689,0.1492,0.1492,0.1492,0.1495,0.1625,76227121.49,0.0,0.20107238605897768,8.914209115281507
1908560194289709372,Diamond black,6112.0,3695.0,62040.0,275.0,63640178.0,2025-04-05 16:39:44+00:00,False,1268.0,,False,True,False,💎 Black,Tesla,23870254.0,"[Quoting @Tesla]: 💎 Black
[Musk]: Diamond black",quote,0.0011332777856152,0.0985170857511283,0.0595583494519664,16,5,False,True,positive,0.4,['💎'],[],none,False,none,amplifying,DOGE,0.1689,0.1492,0.1492,0.1492,0.1495,0.1625,76227121.49,0.0,0.20107238605897768,8.914209115281507
1908523941968134250,"RT @MarioNawfal: 🇺🇸 DOGE VOLUNTEER: ILLEGALS VOTING AND DRAINING BENEFITS—SHOCKING DATA

DOGE volunteer, @AntonioGracias:

""You know, one p…",3909.0,744.0,11871.0,149.0,2399574.0,2025-04-05 14:15:41+00:00,False,727.0,,True,False,False,,,,"RT @MarioNawfal: 🇺🇸 DOGE VOLUNTEER: ILLEGALS VOTING AND DRAINING BENEFITS—SHOCKING DATA

DOGE volunteer, @AntonioGracias:

""You know, one p…",retweet,0.0069483166595404,0.3292898660601466,0.0626737427343947,14,5,False,True,neutral,0.0,['doge'],"[""DOGE""]",none,False,none,,DOGE,0.1689,0.1492,0.1492,0.1492,0.1495,0.1625,76227121.49,0.0,0.20107238605897768,8.914209115281507
1908227328410296564,RT @farzyness: DOGE is my favorite government program ever.,2911.0,1274.0,24487.0,106.0,1934890.0,2025-04-04 18:37:02+00:00,False,209.0,,True,False,False,,,,RT @farzyness: DOGE is my favorite government program ever.,retweet,0.0148731969259234,0.118879405398783,0.0520276064850737,18,4,True,True,positive,0.8,['doge'],"[""DOGE""]",endorsement,False,none,,DOGE,0.1712,0.1689,0.1689,0.1689,0.1492,0.1676,23091373.09,0.0,-11.66370633510953,-0.7696862048549411
1908226933684379837,The actual number of non-citizens receiving US government benefits is much higher than 1.3M. That number is just what has been found so far.,43045.0,9619.0,154724.0,1142.0,32478071.0,2025-04-04 18:35:28+00:00,False,5103.0,,False,True,False,"🚨NEW: Valor CEO @AntonioGracias debunks a fraudulent chart that falsely claimed @elonmusk and @DOGE were lying about a rise in non-citizens receiving Social Security numbers under President Biden.

The fake chart went viral on X.

In reality, 2.1 million non-citizens received social security numbers in 2024, a significant increase from previous years.

@antoniogracias also reported that 1.3 million non-citizens with SSNs are receiving taxpayer-funded benefits, and thousands have voted in U.S. elections.

Full episode:
https://t.co/cG2CIEqlFF",KanekoaTheGreat,1079940.0,"[Quoting @KanekoaTheGreat]: 🚨NEW: Valor CEO @AntonioGracias debunks a fraudulent chart that falsely claimed @elonmusk and @DOGE were lying about a rise in non-citizens receiving Social Security numbers under President Biden.

The fake chart went viral on X.

In reality, 2.1 million non-citizens received social security numbers in 2024, a significant increase from previous years.

@antoniogracias also reported that 1.3 million non-citizens with SSNs are receiving taxpayer-funded benefits, and thousands have voted in U.S. elections.

Full episode:
https://t.co/cG2CIEqlFF
[Musk]: The actual number of non-citizens receiving US government benefits is much higher than 1.3M. That number is just what has been found so far.",quote,0.0064206399450262,0.2782050619167033,0.0621687650267573,18,4,True,True,neutral,0.0,['doge'],"[""DOGE""]",market_commentary,False,none,amplifying,DOGE,0.1712,0.1689,0.1689,0.1689,0.1492,0.1676,23091373.09,0.0,-11.66370633510953,-0.7696862048549411
1908201323067003049,Absolutely,32673.0,6968.0,114701.0,793.0,37130478.0,2025-04-04 16:53:42+00:00,False,3934.0,,False,True,False,"🚨 DOGE’s Antonio Gracias Says Massive Numbers of Illegal Migrants Who Received SSN’s Are on Taxpayer Funded Benefits 

“Every benefit program we looked at was being accessed by these people. 1.3 million of them are on Medicaid right now, today. And by the way, it's just ramping. It's just starting … They found hard hits in the target center of very bad people, criminals and people on terrorist watch lists, that are in this group.”

Full Episode: @theallinpod 

🎥 @AntonioGracias @chamath @Jason @friedberg @elonmusk",TheChiefNerd,827742.0,"[Quoting @TheChiefNerd]: 🚨 DOGE’s Antonio Gracias Says Massive Numbers of Illegal Migrants Who Received SSN’s Are on Taxpayer Funded Benefits 

“Every benefit program we looked at was being accessed by these people. 1.3 million of them are on Medicaid right now, today. And by the way, it's just ramping. It's just starting … They found hard hits in the target center of very bad people, criminals and people on terrorist watch lists, that are in this group.”

Full Episode: @theallinpod 

🎥 @AntonioGracias @chamath @Jason @friedberg @elonmusk
[Musk]: Absolutely",quote,0.0041781040362582,0.2848536630020662,0.0607492524040766,16,4,True,True,neutral,0.0,['doge'],"[""DOGE""]",none,False,none,agrees,DOGE,0.1712,0.1689,0.1689,0.1689,0.1492,0.1676,23091373.09,0.0,-11.66370633510953,-0.7696862048549411
1908026994383614308,"RT @MarioNawfal: 🇺🇸 THOUSANDS OF NON-CITIZENS FOUND ON VOTER ROLLS

Valor CEO and DOGE volunteer, Antonio Gracias:

“We found that there we…",3931.0,1052.0,11842.0,156.0,2738797.0,2025-04-04 05:20:59+00:00,False,711.0,,True,False,False,,,,"RT @MarioNawfal: 🇺🇸 THOUSANDS OF NON-CITIZENS FOUND ON VOTER ROLLS

Valor CEO and DOGE volunteer, Antonio Gracias:

“We found that there we…",retweet,0.00620016744578,0.3319540618138828,0.0888363452119574,5,4,False,True,neutral,0.0,['doge'],"[""DOGE""]",none,False,none,,DOGE,0.1622,0.1712,0.1712,0.1712,0.1689,0.16,80846706.35,0.0,-1.3434579439252317,-6.542056074766349
1908022810951176483,"RT @america: President Trump on Elon Musk and @DOGE: “I want Elon to stay as long as possible”

 https://t.co/K0tqdz8OfP",4031.0,1256.0,22286.0,188.0,1464272.0,2025-04-04 05:04:22+00:00,False,617.0,,True,False,False,,,,"RT @america: President Trump on Elon Musk and @DOGE: “I want Elon to stay as long as possible”

 https://t.co/K0tqdz8OfP",retweet,0.0189589092736868,0.1808758862065871,0.0563582518172843,5,4,False,True,positive,0.6,['doge'],"[""DOGE""]",endorsement,True,buy,,DOGE,0.1622,0.1712,0.1712,0.1712,0.1689,0.16,80846706.35,0.0,-1.3434579439252317,-6.542056074766349
1907924691026927681,Inspiring words by @SenSchumer 😂,28311.0,4992.0,117866.0,894.0,23555152.0,2025-04-03 22:34:28+00:00,False,6260.0,,False,True,False,"1996: @SenSchumer sounds exactly like @ElonMusk.

Talking fraud, border security, and illegal immigration…

Makes you wonder: is Chuck the real father of @DOGE? 

Roll the tape. https://t.co/m8aW3SCQAY",IngrahamAngle,5237678.0,"[Quoting @IngrahamAngle]: 1996: @SenSchumer sounds exactly like @ElonMusk.

Talking fraud, border security, and illegal immigration…

Makes you wonder: is Chuck the real father of @DOGE? 

Roll the tape. https://t.co/m8aW3SCQAY
[Musk]: Inspiring words by @SenSchumer 😂",quote,0.0064556153150699,0.2401964943240629,0.0423531807306602,22,3,False,True,positive,0.6,['doge'],"[""DOGE""]",meme_joke,False,none,mocking,DOGE,0.1622,0.1712,0.1712,0.1712,0.1689,0.16,80846706.35,0.0,-1.3434579439252317,-6.542056074766349
1907905509296128164,"This is pure gold 😂

The 1996 model Schumer is right!",72726.0,12631.0,240778.0,3419.0,33374056.0,2025-04-03 21:18:15+00:00,False,21158.0,,False,True,False,"🚨1996: Chuck Schumer explains “the number one reason"" illegals come to the US is so they can defraud programs like Social Security — and wants to stop it.

Chuck sounding very DOGE!

“This is an anti-fraud amendment. All over where we go, people say, why can't you stop illegal immigrants or others from coming here?""

""And the number one answer we give our constituents is when they come here, they can get jobs, get benefits against the law because of fraud.""

""If you believe you want to stop fraud in immigration, you have no choice but to support this amendment.""

The amendment Schumer so passionately supports here would add additional security features to the Social Security card.",WesternLensman,341240.0,"[Quoting @WesternLensman]: 🚨1996: Chuck Schumer explains “the number one reason"" illegals come to the US is so they can defraud programs like Social Security — and wants to stop it.

Chuck sounding very DOGE!

“This is an anti-fraud amendment. All over where we go, people say, why can't you stop illegal immigrants or others from coming here?""

""And the number one answer we give our constituents is when they come here, they can get jobs, get benefits against the law because of fraud.""

""If you believe you want to stop fraud in immigration, you have no choice but to support this amendment.""

The amendment Schumer so passionately supports here would add additional security features to the Social Security card.
[Musk]: This is pure gold 😂

The 1996 model Schumer is right!",quote,0.0098745564518738,0.3020458679779714,0.0524591117128641,21,3,False,True,positive,0.6,['doge'],"[""DOGE""]",meme_joke,False,none,agrees,DOGE,0.1622,0.1712,0.1712,0.1712,0.1689,0.16,80846706.35,0.0,-1.3434579439252317,-6.542056074766349
1907792710120964559,🇺🇸🇺🇸,14078.0,5500.0,83055.0,284.0,50706882.0,2025-04-03 13:50:01+00:00,False,980.0,,False,True,False,"The biggest threat to the citizens of The United States is uncontrolled government spending creating ruinous debt.

We are already looking into the abyss on debt. There is no time to dawdle.

The only possible solution is DOGE, which is making progress.

The main goal of Democrats is to stop DOGE.

No one has asked a prominent Democrat or a Tesla demonstrator to explain that position.",ScottAdamsSays,1257152.0,"[Quoting @ScottAdamsSays]: The biggest threat to the citizens of The United States is uncontrolled government spending creating ruinous debt.

We are already looking into the abyss on debt. There is no time to dawdle.

The only possible solution is DOGE, which is making progress.

The main goal of Democrats is to stop DOGE.

No one has asked a prominent Democrat or a Tesla demonstrator to explain that position.
[Musk]: 🇺🇸🇺🇸",quote,0.0020296456011631,0.169502137138041,0.0662211787369815,13,3,False,True,positive,0.7,['doge'],"[""DOGE""]",endorsement,True,buy,agrees,DOGE,0.1622,0.1712,0.1712,0.1712,0.1689,0.16,80846706.35,0.0,-1.3434579439252317,-6.542056074766349
1907792448543130024,"RT @cb_doge: 🚨 JD Vance on DOGE:

""The work of DOGE is not even close to done. You look at all the fraudulent grants they have found. Socia…",4412.0,1487.0,20421.0,162.0,1529096.0,2025-04-03 13:48:59+00:00,False,515.0,,True,False,False,,,,"RT @cb_doge: 🚨 JD Vance on DOGE:

""The work of DOGE is not even close to done. You look at all the fraudulent grants they have found. Socia…",retweet,0.0173187294976901,0.2160521032270701,0.072817197982469,13,3,False,True,positive,0.6,['doge'],"[""DOGE""]",endorsement,False,none,,DOGE,0.1622,0.1712,0.1712,0.1712,0.1689,0.16,80846706.35,0.0,-1.3434579439252317,-6.542056074766349
1907724840745763297,"RT @MarioNawfal: 🇺🇸 DOGE SLASHES MASSIVE VA WEBSITE WASTE: $380K/MONTH TO JUST 10 HOURS/WEEK

The VA was burning through $380,000 monthly f…",2729.0,580.0,11434.0,93.0,2359872.0,2025-04-03 09:20:20+00:00,False,364.0,,True,False,False,,,,"RT @MarioNawfal: 🇺🇸 DOGE SLASHES MASSIVE VA WEBSITE WASTE: $380K/MONTH TO JUST 10 HOURS/WEEK

The VA was burning through $380,000 monthly f…",retweet,0.0062867816559542,0.2386741297883505,0.0507259051950323,9,3,False,True,positive,0.7,['doge'],"[""DOGE""]",endorsement,False,none,,DOGE,0.1638,0.1622,0.1622,0.1622,0.1712,0.1535,57295011.93,0.0,5.548705302096165,-5.36374845869298
1907655220068339995,"RT @thatsKAIZEN: DOGE just confirmed what many suspected - there’s a tremendous  
amount of waste, fraud, and abuse in our government.

Inc…",3794.0,926.0,15963.0,151.0,1773743.0,2025-04-03 04:43:41+00:00,False,1372.0,,True,False,False,,,,"RT @thatsKAIZEN: DOGE just confirmed what many suspected - there’s a tremendous  
amount of waste, fraud, and abuse in our government.

Inc…",retweet,0.0117457827881491,0.2376746225646808,0.0580091461504729,4,3,False,True,positive,0.6,['doge'],"[""DOGE""]",endorsement,True,buy,,DOGE,0.1638,0.1622,0.1622,0.1622,0.1712,0.1535,57295011.93,0.0,5.548705302096165,-5.36374845869298
1907648095720026330,"RT @cb_doge: 🚨 DOGE BREAKING: Agencies cancelled 47 wasteful contracts today with $87.5M ceiling value and $30.2M in savings.

More tax dol…",3060.0,1049.0,16254.0,78.0,1465684.0,2025-04-03 04:15:23+00:00,False,208.0,,True,False,False,,,,"RT @cb_doge: 🚨 DOGE BREAKING: Agencies cancelled 47 wasteful contracts today with $87.5M ceiling value and $30.2M in savings.

More tax dol…",retweet,0.0139463895355342,0.1882613510520487,0.0645379598867971,4,3,False,True,positive,0.7,['doge'],"[""DOGE""]",market_commentary,False,none,,DOGE,0.1638,0.1622,0.1622,0.1622,0.1712,0.1535,57295011.93,0.0,5.548705302096165,-5.36374845869298
1907644623830339873,"RT @KariLake: People support what @ElonMusk &amp; @DOGE are doing. 

They are absolutely for rooting out the misuse of taxpayer dollars. 

What…",2457.0,538.0,11275.0,59.0,1181258.0,2025-04-03 04:01:35+00:00,False,139.0,,True,False,False,,,,"RT @KariLake: People support what @ElonMusk &amp; @DOGE are doing. 

They are absolutely for rooting out the misuse of taxpayer dollars. 

What…",retweet,0.0121302882181538,0.2179157427937915,0.0477161862527716,4,3,False,True,positive,0.3,['doge'],"[""DOGE""]",endorsement,False,none,,DOGE,0.1638,0.1622,0.1622,0.1622,0.1712,0.1535,57295011.93,0.0,5.548705302096165,-5.36374845869298
1907519073287635313,"Yeah, fake news",23127.0,8637.0,146024.0,1442.0,67566630.0,2025-04-02 19:42:41+00:00,False,2765.0,,False,True,False,"This “scoop” is garbage.

Elon Musk and President Trump have both *publicly* stated that Elon will depart from public service as a special government employee when his incredible work at DOGE is complete.",PressSec,1182180.0,"[Quoting @PressSec]: This “scoop” is garbage.

Elon Musk and President Trump have both *publicly* stated that Elon will depart from public service as a special government employee when his incredible work at DOGE is complete.
[Musk]: Yeah, fake news",quote,0.0026526408080438,0.1583780748370131,0.0591478113186873,19,2,True,True,negative,-0.6,['doge'],"[""DOGE""]",criticism,False,none,disagrees,DOGE,0.1638,0.1622,0.1622,0.1622,0.1712,0.1535,57295011.93,0.0,5.548705302096165,-5.36374845869298
1907460585945432173,RT @amuse: DOGE: How did the CEO of a private equity firm uncover millions of non-citizens with Social Security numbers in just days—while…,31083.0,5771.0,82039.0,1449.0,3414994.0,2025-04-02 15:50:17+00:00,False,5291.0,,True,False,False,,,,RT @amuse: DOGE: How did the CEO of a private equity firm uncover millions of non-citizens with Social Security numbers in just days—while…,retweet,0.0352393005668531,0.3788807762161899,0.0703445922061458,15,2,True,True,neutral,0.0,['doge'],"[""DOGE""]",none,False,none,,DOGE,0.1638,0.1622,0.1622,0.1622,0.1712,0.1535,57295011.93,0.0,5.548705302096165,-5.36374845869298
1907446219913224450,RT @RapidResponse47: 🚨 Valor CEO and DOGE volunteer Antonio Gracias says that they found 5 million+ non-citizens with Social Security numbe…,10753.0,2147.0,31348.0,526.0,2287848.0,2025-04-02 14:53:12+00:00,False,1729.0,,True,False,False,,,,RT @RapidResponse47: 🚨 Valor CEO and DOGE volunteer Antonio Gracias says that they found 5 million+ non-citizens with Social Security numbe…,retweet,0.0195703560726062,0.3430202883756539,0.0684892178129386,14,2,True,True,neutral,0.0,['doge'],"[""DOGE""]",none,False,none,,DOGE,0.1638,0.1622,0.1622,0.1622,0.1712,0.1535,57295011.93,0.0,5.548705302096165,-5.36374845869298
1907228197957009659,"RT @cb_doge: 🚨 ELON MUSK: ""Everything that DOGE does is an open book. We are the most transparent organization in government ever. I am und…",5668.0,2030.0,27230.0,228.0,1924216.0,2025-04-02 00:26:51+00:00,False,928.0,,True,False,False,,,,"RT @cb_doge: 🚨 ELON MUSK: ""Everything that DOGE does is an open book. We are the most transparent organization in government ever. I am und…",retweet,0.0182702981370074,0.2081527726771942,0.0745501285347043,0,2,False,True,positive,0.7,['doge'],"[""DOGE""]",endorsement,False,none,,DOGE,0.174,0.1638,0.1638,0.1638,0.1622,0.1603,94439782.98,0.0,-0.9768009768009709,-2.1367521367521385
1907171782856945669,"RT @MarioNawfal: 🇺🇸 DEMOCRATS IN PANIC MODE AS ELON’S DOGE REVELATIONS GO PUBLIC

Elon and his DOGE team are exposing what they call massiv…",6346.0,1492.0,19654.0,210.0,2797422.0,2025-04-01 20:42:41+00:00,False,866.0,,True,False,False,,,,"RT @MarioNawfal: 🇺🇸 DEMOCRATS IN PANIC MODE AS ELON’S DOGE REVELATIONS GO PUBLIC

Elon and his DOGE team are exposing what they call massiv…",retweet,0.0099026889757784,0.3228859265289509,0.0759133000915844,20,1,True,True,positive,0.7,['doge'],"[""DOGE""]",endorsement,False,none,,DOGE,0.174,0.1638,0.1638,0.1638,0.1622,0.1603,94439782.98,0.0,-0.9768009768009709,-2.1367521367521385
1907146414075130253,True,34454.0,11915.0,180915.0,897.0,28087201.0,2025-04-01 19:01:52+00:00,False,2367.0,,False,True,False,"""Democrats are facing their worst nightmare: Elon Musk, one of the smartest people on the planet, is revealing their dirty tricks. No wonder they are out to destroy him and his companies.""

@lizpeek explains why Democrats are in panic mode as @elonmusk and @DOGE go public 🧵 https://t.co/H6R7tRydu4",FoxNews,25980568.0,"[Quoting @FoxNews]: ""Democrats are facing their worst nightmare: Elon Musk, one of the smartest people on the planet, is revealing their dirty tricks. No wonder they are out to destroy him and his companies.""

@lizpeek explains why Democrats are in panic mode as @elonmusk and @DOGE go public 🧵 https://t.co/H6R7tRydu4
[Musk]: True",quote,0.0081240206170775,0.1904430257303153,0.0658596578503717,19,1,True,True,positive,0.7,['doge'],"[""DOGE""]",endorsement,False,none,agrees,DOGE,0.174,0.1638,0.1638,0.1638,0.1622,0.1603,94439782.98,0.0,-0.9768009768009709,-2.1367521367521385
1907121750082465968,Wow,7759.0,1691.0,35757.0,112.0,7489521.0,2025-04-01 17:23:52+00:00,False,1383.0,,False,True,False,"NEW: Brown University 'DOGE' student shares his side of the story with Pirate Wires

At Brown University, there's roughly one non-faculty administrator for every two undergrads. Tuition, living expenses, and fees now amount to $93,064 a year. The school runs a $46 million annual budget deficit, and professors constantly complain they’re underpaid.

Trying to make sense of this situation, Brown sophomore @alexkshieh emailed all 3,800+ administrators, asking a simple question: ""What do you do all day?"" Among the few responses he did get, one person replied ""fuck you,"" and another told him to “stick an entire cactus up [his] ass.” Now, Shieh says Brown is investigating him for “emotional/psychological harm,” among other things.

Today on PW, Alex tells his side of the story — and describes the aftermath. Link is threaded 👇",PirateWires,127938.0,"[Quoting @PirateWires]: NEW: Brown University 'DOGE' student shares his side of the story with Pirate Wires

At Brown University, there's roughly one non-faculty administrator for every two undergrads. Tuition, living expenses, and fees now amount to $93,064 a year. The school runs a $46 million annual budget deficit, and professors constantly complain they’re underpaid.

Trying to make sense of this situation, Brown sophomore @alexkshieh emailed all 3,800+ administrators, asking a simple question: ""What do you do all day?"" Among the few responses he did get, one person replied ""fuck you,"" and another told him to “stick an entire cactus up [his] ass.” Now, Shieh says Brown is investigating him for “emotional/psychological harm,” among other things.

Today on PW, Alex tells his side of the story — and describes the aftermath. Link is threaded 👇
[Musk]: Wow",quote,0.0060509877734503,0.2169924769975109,0.0472914394384316,17,1,True,True,neutral,0.0,['doge'],"[""DOGE""]",none,False,none,amplifying,DOGE,0.174,0.1638,0.1638,0.1638,0.1622,0.1603,94439782.98,0.0,-0.9768009768009709,-2.1367521367521385
1907081862700212684,❤️🇺🇸,15403.0,6877.0,93929.0,510.0,24833835.0,2025-04-01 14:45:22+00:00,False,1497.0,,False,True,False,"Here's Elon Musk explaining that running DOGE is costing him a lot personally, before being warmly thanked and applauded by the crowd. https://t.co/LFcTRwYV1A",ElonClipsX,160076.0,"[Quoting @ElonClipsX]: Here's Elon Musk explaining that running DOGE is costing him a lot personally, before being warmly thanked and applauded by the crowd. https://t.co/LFcTRwYV1A
[Musk]: ❤️🇺🇸",quote,0.0046999990134427,0.1639855635639685,0.0732148750652088,14,1,True,True,positive,0.6,['doge'],"[""DOGE""]",endorsement,False,none,agrees,DOGE,0.174,0.1638,0.1638,0.1638,0.1622,0.1603,94439782.98,0.0,-0.9768009768009709,-2.1367521367521385
1906954059501711392,"RT @libsoftiktok: DOGE just cleaned out the Social Security database and marked nearly 10 million people aged over 120 as deceased.

Why wo…",7896.0,1814.0,40963.0,303.0,2124583.0,2025-04-01 06:17:31+00:00,False,1155.0,,True,False,False,,,,"RT @libsoftiktok: DOGE just cleaned out the Social Security database and marked nearly 10 million people aged over 120 as deceased.

Why wo…",retweet,0.0239934142370526,0.1927593193857871,0.0442838659277884,6,1,False,True,positive,0.7,['doge'],"[""DOGE""]",endorsement,False,none,,DOGE,0.1666,0.174,0.174,0.174,0.1638,0.1421,61251565.58,0.0,-5.862068965517234,-18.333333333333325
1906934902639014260,Of course,39256.0,6464.0,126912.0,968.0,36259622.0,2025-04-01 05:01:24+00:00,False,7049.0,,False,True,False,"PROOF OF ILLEGALS GETTING SOCIAL SECURITY NUMBERS🚨

For those that doubt @elonmusk and @DOGE, here's 2 minutes of illegals admitting to me that they have SSNs. https://t.co/N0xQfCRdvn",NateFriedman97,6442.0,"[Quoting @NateFriedman97]: PROOF OF ILLEGALS GETTING SOCIAL SECURITY NUMBERS🚨

For those that doubt @elonmusk and @DOGE, here's 2 minutes of illegals admitting to me that they have SSNs. https://t.co/N0xQfCRdvn
[Musk]: Of course",quote,0.0047876946979756,0.3093166918809884,0.0509329299041855,5,1,False,True,positive,0.4,['doge'],"[""DOGE""]",endorsement,False,none,agrees,DOGE,0.1666,0.174,0.174,0.174,0.1638,0.1421,61251565.58,0.0,-5.862068965517234,-18.333333333333325
1906878453791834344,🇺🇸🇺🇸,10561.0,1584.0,48440.0,145.0,9694185.0,2025-04-01 01:17:06+00:00,False,1734.0,,False,True,False,"Worth watching, especially for anyone skeptical on DOGE.

@AntonioGracias is one of my closest friends, one of the most exceptional people I know and extremely high integrity.

Grateful to him, Elon and many others for serving 🇺🇸 at DOGE.

 https://t.co/IeMstJs8W6",GavinSBaker,179566.0,"[Quoting @GavinSBaker]: Worth watching, especially for anyone skeptical on DOGE.

@AntonioGracias is one of my closest friends, one of the most exceptional people I know and extremely high integrity.

Grateful to him, Elon and many others for serving 🇺🇸 at DOGE.

 https://t.co/IeMstJs8W6
[Musk]: 🇺🇸🇺🇸",quote,0.0062645802612597,0.2180222956234516,0.0327002477291494,1,1,False,True,positive,0.7,['doge'],"[""DOGE""]",endorsement,False,none,agrees,DOGE,0.1666,0.174,0.174,0.174,0.1638,0.1421,61251565.58,0.0,-5.862068965517234,-18.333333333333325
1906878149524144133,"RT @DOGE: Contract update!

Today, agencies cancelled 109 wasteful contracts with a ceiling value of $1.1B and savings of $420M, including…",7297.0,1407.0,34857.0,232.0,1871946.0,2025-04-01 01:15:53+00:00,False,582.0,,True,False,False,,,,"RT @DOGE: Contract update!

Today, agencies cancelled 109 wasteful contracts with a ceiling value of $1.1B and savings of $420M, including…",retweet,0.0233943714188336,0.209341021889434,0.0403649195283587,1,1,False,True,positive,0.7,['doge'],"[""DOGE""]",market_commentary,False,none,,DOGE,0.1666,0.174,0.174,0.174,0.1638,0.1421,61251565.58,0.0,-5.862068965517234,-18.333333333333325
1906943380485267962,Any government institution is most likely to be the opposite of its name,48456.0,9432.0,162629.0,1929.0,20880218.0,2025-04-01 05:35:05+00:00,False,7244.0,,False,True,False,"DOGE: The DOGE team fought for days to gain access to the United States Institute of Peace. Eventually, with help from the FBI and Metro Police DOGE was able to access the agency and discovered massive fraud, waste and abuse-including payments to Taliban and Iraq.",amuse,617279.0,"[Quoting @amuse]: DOGE: The DOGE team fought for days to gain access to the United States Institute of Peace. Eventually, with help from the FBI and Metro Police DOGE was able to access the agency and discovered massive fraud, waste and abuse-including payments to Taliban and Iraq.
[Musk]: Any government institution is most likely to be the opposite of its name",quote,0.010653432832933,0.2979542394037964,0.0579970361989559,5,1,False,True,positive,0.4,['doge'],"[""DOGE""]",endorsement,False,none,agrees,DOGE,0.1666,0.174,0.174,0.174,0.1638,0.1421,61251565.58,0.0,-5.862068965517234,-18.333333333333325
1906866888790962367,Progress,16926.0,4221.0,86452.0,455.0,32792782.0,2025-04-01 00:31:08+00:00,False,1833.0,,False,True,False,"For the past 4 weeks, @SocialSecurity has been executing a major cleanup of their records. Approximately 9.9 million numberholders, all listed age 120+, have now been marked deceased. Another ~2 million to go. https://t.co/EiPCC5rcCl",DOGE,4912913.0,"[Quoting @DOGE]: For the past 4 weeks, @SocialSecurity has been executing a major cleanup of their records. Approximately 9.9 million numberholders, all listed age 120+, have now been marked deceased. Another ~2 million to go. https://t.co/EiPCC5rcCl
[Musk]: Progress",quote,0.0032950543811744,0.1957849442465183,0.0488247813815759,0,1,False,True,neutral,0.0,['doge'],"[""DOGE""]",none,False,none,agrees,DOGE,0.1666,0.174,0.174,0.174,0.1638,0.1421,61251565.58,0.0,-5.862068965517234,-18.333333333333325
1906863693574402372,"RT @cb_doge: 🚨 President Trump on Elon Musk &amp; DOGE:

""I think Elon is amazing but I also think he got a big company to run, so at some poin…",6676.0,1261.0,36774.0,189.0,2293972.0,2025-04-01 00:18:27+00:00,False,960.0,,True,False,False,,,,"RT @cb_doge: 🚨 President Trump on Elon Musk &amp; DOGE:

""I think Elon is amazing but I also think he got a big company to run, so at some poin…",retweet,0.0195730375087402,0.1815413063577527,0.0342905313536737,0,1,False,True,positive,0.4,['doge'],"[""DOGE""]",endorsement,False,none,,DOGE,0.1666,0.174,0.174,0.174,0.1638,0.1421,61251565.58,0.0,-5.862068965517234,-18.333333333333325
1906849959791534413,"RT @DOGE: As of Friday, $4.3B of COVID era funds remained unused and mostly dormant. Thanks to the work of @SecretaryLCD and @Sonderling47…",7420.0,1394.0,38640.0,258.0,1980283.0,2025-03-31 23:23:52+00:00,False,748.0,,True,False,False,,,,"RT @DOGE: As of Friday, $4.3B of COVID era funds remained unused and mostly dormant. Thanks to the work of @SecretaryLCD and @Sonderling47…",retweet,0.0240935260263305,0.1920289855072463,0.0360766045548654,23,0,False,True,neutral,0.0,['doge'],"[""DOGE""]",none,False,none,,DOGE,0.1666,0.174,0.174,0.174,0.1638,0.1421,61251565.58,0.0,-5.862068965517234,-18.333333333333325
1906558000766042405,"RT @AutismCapital: 🚨ELON MUSK: ""I want to state this as crisply and clearly as possible: DOGE will absolutely ensure that people get their…",2885.0,539.0,12070.0,108.0,1025624.0,2025-03-31 04:03:44+00:00,False,471.0,,True,False,False,,,,"RT @AutismCapital: 🚨ELON MUSK: ""I want to state this as crisply and clearly as possible: DOGE will absolutely ensure that people get their…",retweet,0.0152122025225618,0.2390223695111847,0.0446561723280861,4,0,False,True,positive,0.8,['doge'],"[""DOGE""]",endorsement,True,buy,,DOGE,0.1665,0.1666,0.1666,0.1666,0.174,0.1495,67319953.02,0.0,4.441776710684268,-10.264105642256906
1906252008689926475,"RT @GuntherEagleman: UPDATE: over $257,000,000,000.00! 

Thank you DOGE! https://t.co/kGAv0cd0Ju",3972.0,1436.0,21740.0,182.0,2200042.0,2025-03-30 07:47:49+00:00,False,426.0,,True,False,False,,,,"RT @GuntherEagleman: UPDATE: over $257,000,000,000.00! 

Thank you DOGE! https://t.co/kGAv0cd0Ju",retweet,0.0124224901160977,0.1827046918123275,0.0660533578656853,7,6,False,True,positive,0.7,['doge'],"[""DOGE""]",endorsement,False,none,,DOGE,0.1695,0.1665,0.1665,0.1665,0.1666,0.1492,43372966.2,0.0,0.06006006006005345,-10.390390390390396
1906094137683702224,"RT @SecRollins: Here are 5 AG-tions this week!

🇺🇸 Repped our great farmers at cabinet meeting
🥚 Wholesale egg prices drop
📈 Reinstated NAS…",1298.0,476.0,6145.0,51.0,1686771.0,2025-03-29 21:20:30+00:00,False,137.0,,True,False,False,,,,"RT @SecRollins: Here are 5 AG-tions this week!

🇺🇸 Repped our great farmers at cabinet meeting
🥚 Wholesale egg prices drop
📈 Reinstated NAS…",retweet,0.0047250041647621,0.2112286411716843,0.0774613506916192,21,5,False,True,neutral,0.0,['📈'],[],none,False,none,,DOGE,0.1695,0.1665,0.1665,0.1665,0.1666,0.1492,43372966.2,0.0,0.06006006006005345,-10.390390390390396
1905918297687601217,"RT @ElonClipsX: Here's Elon's brief one-on-one interview with Fox News on DOGE, the attacks against Tesla, President Trump and Ukraine.

Ti…",3417.0,1916.0,13061.0,142.0,1868217.0,2025-03-29 09:41:47+00:00,False,1401.0,,True,False,False,,,,"RT @ElonClipsX: Here's Elon's brief one-on-one interview with Fox News on DOGE, the attacks against Tesla, President Trump and Ukraine.

Ti…",retweet,0.0099217596242834,0.261618559068984,0.1466962713421637,9,5,False,True,positive,0.4,['doge'],"[""DOGE""]",endorsement,False,none,,DOGE,0.1801,0.1695,0.1695,0.1695,0.1665,0.1689,59435484.82,0.0,-1.7699115044247802,-0.35398230088496585
1905910476770353457,"RT @DOGE: Contract update!

Over the last 3 days, agencies terminated 121 wasteful contracts with a ceiling value of $351M and savings of $…",7442.0,1828.0,36949.0,284.0,2238703.0,2025-03-29 09:10:42+00:00,False,605.0,,True,False,False,,,,"RT @DOGE: Contract update!

Over the last 3 days, agencies terminated 121 wasteful contracts with a ceiling value of $351M and savings of $…",retweet,0.0207722953871058,0.2014127581260656,0.0494735987442149,9,5,False,True,positive,0.6,['doge'],"[""DOGE""]",endorsement,True,buy,,DOGE,0.1801,0.1695,0.1695,0.1695,0.1665,0.1689,59435484.82,0.0,-1.7699115044247802,-0.35398230088496585
1905800480447434758,"RT @GuntherEagleman: Senator John Kennedy called the DOGE mission ""the most important in the history of ever.""

He's correct.

If we don't…",6512.0,1487.0,31750.0,151.0,1782455.0,2025-03-29 01:53:37+00:00,False,543.0,,True,False,False,,,,"RT @GuntherEagleman: Senator John Kennedy called the DOGE mission ""the most important in the history of ever.""

He's correct.

If we don't…",retweet,0.0223848568407056,0.2051023622047244,0.0468346456692913,1,5,False,True,positive,0.8,['doge'],"[""DOGE""]",endorsement,True,buy,,DOGE,0.1801,0.1695,0.1695,0.1695,0.1665,0.1689,59435484.82,0.0,-1.7699115044247802,-0.35398230088496585
1905795831493464311,"RT @alx: BREAKING: Federal appeals court lifts order blocking Elon Musk’s DOGE from making further cuts to USAID.

“The three-judge panel r…",3120.0,472.0,17577.0,82.0,1580836.0,2025-03-29 01:35:08+00:00,False,348.0,,True,False,False,,,,"RT @alx: BREAKING: Federal appeals court lifts order blocking Elon Musk’s DOGE from making further cuts to USAID.

“The three-judge panel r…",retweet,0.0134428871812129,0.1775046936337259,0.0268532741651021,1,5,False,True,positive,0.3,['doge'],"[""DOGE""]",regulatory,False,none,,DOGE,0.1801,0.1695,0.1695,0.1695,0.1665,0.1689,59435484.82,0.0,-1.7699115044247802,-0.35398230088496585
1905789953956610312,"RT @JohnLeFevre: Headline: DOGE is slashing medical research funding.

Reality: After you eliminate the bureaucratic and administrative ski…",8602.0,1239.0,30168.0,314.0,1833621.0,2025-03-29 01:11:47+00:00,False,1721.0,,True,False,False,,,,"RT @JohnLeFevre: Headline: DOGE is slashing medical research funding.

Reality: After you eliminate the bureaucratic and administrative ski…",retweet,0.0219909130621867,0.2851365685494564,0.0410700079554494,1,5,False,True,positive,0.6,['doge'],"[""DOGE""]",market_commentary,False,none,,DOGE,0.1801,0.1695,0.1695,0.1695,0.1665,0.1689,59435484.82,0.0,-1.7699115044247802,-0.35398230088496585
1905789365306982780,"RT @charliekirk11: Last night, Elon Musk and his team of super-geniuses spoke out. Here's why what DOGE is doing is so important…

Subscrib…",2209.0,445.0,11274.0,33.0,1216523.0,2025-03-29 01:09:27+00:00,False,418.0,,True,False,False,,,,"RT @charliekirk11: Last night, Elon Musk and his team of super-geniuses spoke out. Here's why what DOGE is doing is so important…

Subscrib…",retweet,0.0114761496494517,0.1959375554372893,0.0394713500088699,1,5,False,True,positive,0.6,['doge'],"[""DOGE""]",endorsement,False,none,,DOGE,0.1801,0.1695,0.1695,0.1695,0.1665,0.1689,59435484.82,0.0,-1.7699115044247802,-0.35398230088496585
1905787061543501976,RT @DefiyantlyFree: DOGE’s ambition is nothing short of inspiring: a $1 trillion deficit reduction and a 15% cut in federal spending withou…,2111.0,480.0,8851.0,59.0,1301824.0,2025-03-29 01:00:17+00:00,False,492.0,,True,False,False,,,,RT @DefiyantlyFree: DOGE’s ambition is nothing short of inspiring: a $1 trillion deficit reduction and a 15% cut in federal spending withou…,retweet,0.0088345275551841,0.238504123827816,0.0542311603208677,1,5,False,True,positive,0.7,['doge'],"[""DOGE""]",endorsement,False,none,,DOGE,0.1801,0.1695,0.1695,0.1695,0.1665,0.1689,59435484.82,0.0,-1.7699115044247802,-0.35398230088496585
1905741849077453224,"RT @GuntherEagleman: Another $577,000,000.00 saved! 

Thank you DOGE! https://t.co/JiteDBHOfC",7644.0,1895.0,34445.0,189.0,1933762.0,2025-03-28 22:00:38+00:00,False,479.0,,True,False,False,,,,"RT @GuntherEagleman: Another $577,000,000.00 saved! 

Thank you DOGE! https://t.co/JiteDBHOfC",retweet,0.0228430385952356,0.2219190013064305,0.0550152416896501,22,4,False,True,positive,0.7,['doge'],"[""DOGE""]",endorsement,False,none,,DOGE,0.1801,0.1695,0.1695,0.1695,0.1665,0.1689,59435484.82,0.0,-1.7699115044247802,-0.35398230088496585
1905617211705729398,RT @FoxNews: Elon Musk and DOGE team's federal cost-cutting exclusive interview and more top headlines https://t.co/2MxhhGwqOE,1647.0,740.0,7438.0,59.0,1121845.0,2025-03-28 13:45:22+00:00,False,231.0,,True,False,False,,,,RT @FoxNews: Elon Musk and DOGE team's federal cost-cutting exclusive interview and more top headlines https://t.co/2MxhhGwqOE,retweet,0.0088104862971266,0.2214304920677601,0.0994891099757999,13,4,False,True,neutral,0.0,['doge'],"[""DOGE""]",none,False,none,,DOGE,0.1801,0.1695,0.1695,0.1695,0.1665,0.1689,59435484.82,0.0,-1.7699115044247802,-0.35398230088496585
1905610735159308616,RT @themarketswork: A 30 minute highlight reel of government waste and fraud. Perfect explainer of what @DOGE really does - and what they’r…,2051.0,492.0,7477.0,74.0,1398347.0,2025-03-28 13:19:38+00:00,False,750.0,,True,False,False,,,,RT @themarketswork: A 30 minute highlight reel of government waste and fraud. Perfect explainer of what @DOGE really does - and what they’r…,retweet,0.0072185230132434,0.2743078774909723,0.065801792162632,13,4,False,True,positive,0.6,['doge'],"[""DOGE""]",endorsement,False,none,,DOGE,0.1801,0.1695,0.1695,0.1695,0.1665,0.1689,59435484.82,0.0,-1.7699115044247802,-0.35398230088496585
1905607605369680005,RT @BillMelugin_: Bret's interview w/ the DOGE team was remarkable. I had no idea about some of the issues they described.,4237.0,621.0,20706.0,70.0,1440312.0,2025-03-28 13:07:12+00:00,False,956.0,,True,False,False,,,,RT @BillMelugin_: Bret's interview w/ the DOGE team was remarkable. I had no idea about some of the issues they described.,retweet,0.0177975327567915,0.2046266782575099,0.0299913068675746,13,4,False,True,positive,0.3,['doge'],"[""DOGE""]",endorsement,False,none,,DOGE,0.1801,0.1695,0.1695,0.1695,0.1665,0.1689,59435484.82,0.0,-1.7699115044247802,-0.35398230088496585
1905607132164112683,RT @SecretaryBurgum: Tyler and the @Interior @DOGE team work tirelessly every day (including weekends!) to save taxpayer dollars and help b…,5419.0,1612.0,27118.0,158.0,1652752.0,2025-03-28 13:05:19+00:00,False,475.0,,True,False,False,,,,RT @SecretaryBurgum: Tyler and the @Interior @DOGE team work tirelessly every day (including weekends!) to save taxpayer dollars and help b…,retweet,0.0207575002178185,0.1998303709713105,0.059443911792905,13,4,False,True,neutral,0.0,['doge'],[],none,False,none,,DOGE,0.1801,0.1695,0.1695,0.1695,0.1665,0.1689,59435484.82,0.0,-1.7699115044247802,-0.35398230088496585
1905606173639741852,"RT @RapidResponse47: ICYMI: @BretBaier's full, must-watch interview with the @DOGE team on their efforts to fulfill @POTUS's mission of mak…",2012.0,414.0,7862.0,115.0,963175.0,2025-03-28 13:01:30+00:00,False,803.0,,True,False,False,,,,"RT @RapidResponse47: ICYMI: @BretBaier's full, must-watch interview with the @DOGE team on their efforts to fulfill @POTUS's mission of mak…",retweet,0.0108007371453785,0.2559145255660137,0.0526583566522513,13,4,False,True,neutral,0.0,['doge'],"[""DOGE""]",none,False,none,,DOGE,0.1801,0.1695,0.1695,0.1695,0.1665,0.1689,59435484.82,0.0,-1.7699115044247802,-0.35398230088496585
1905602646464999749,"RT @EricLDaugh: 🚨 #BREAKING: One of Elon Musk's DOGE geniuses just revealed MASSIVE fraud at Social Security.

He says 40% of the phone cal…",5778.0,746.0,20656.0,180.0,1400348.0,2025-03-28 12:47:29+00:00,False,1140.0,,True,False,False,,,,"RT @EricLDaugh: 🚨 #BREAKING: One of Elon Musk's DOGE geniuses just revealed MASSIVE fraud at Social Security.

He says 40% of the phone cal…",retweet,0.0195380005541479,0.2797250193648334,0.0361154144074361,12,4,False,True,positive,0.6,['doge'],"[""DOGE""]",endorsement,False,none,,DOGE,0.1801,0.1801,0.1695,0.1695,0.1665,0.1689,59435484.82,0.0,-1.7699115044247802,-0.35398230088496585
1905524971842961528,RT @RapidResponse47: DOGE staffer Tyler Hassen: “I was running five businesses in Houston and I left that. I left great people to do this……,6930.0,1308.0,37495.0,257.0,2026601.0,2025-03-28 07:38:50+00:00,False,1197.0,,True,False,False,,,,RT @RapidResponse47: DOGE staffer Tyler Hassen: “I was running five businesses in Houston and I left that. I left great people to do this……,retweet,0.0226931694990775,0.1848246432857714,0.0348846512868382,7,4,False,True,positive,0.6,['doge'],"[""DOGE""]",endorsement,False,none,,DOGE,0.1904,0.1801,0.1801,0.1801,0.1695,0.1712,88434080.26,0.0,-5.885619100499722,-4.941699056079965
1905523616533426208,"RT @BehizyTweets: WHOAH! The founder of Airbnb is currently working with DOGE to digitize the federal retirement process, which currently t…",6467.0,652.0,32460.0,161.0,2154215.0,2025-03-28 07:33:27+00:00,False,1382.0,,True,False,False,,,,"RT @BehizyTweets: WHOAH! The founder of Airbnb is currently working with DOGE to digitize the federal retirement process, which currently t…",retweet,0.0184475551418962,0.1992298213185459,0.0200862600123228,7,4,False,True,positive,0.6,['doge'],"[""DOGE""]",partnership,False,none,,DOGE,0.1904,0.1801,0.1801,0.1801,0.1695,0.1712,88434080.26,0.0,-5.885619100499722,-4.941699056079965
1905523316862923254,"RT @america: Steve Davis of @DOGE: “There are, in the federal government, around 4.6 million credit cards for around 2.3-2.4 million employ…",5856.0,768.0,23808.0,133.0,1348889.0,2025-03-28 07:32:16+00:00,False,606.0,,True,False,False,,,,"RT @america: Steve Davis of @DOGE: “There are, in the federal government, around 4.6 million credit cards for around 2.3-2.4 million employ…",retweet,0.022659388578304,0.2459677419354838,0.032258064516129,7,4,False,True,neutral,0.0,['doge'],"[""DOGE""]",none,False,none,,DOGE,0.1904,0.1801,0.1801,0.1801,0.1695,0.1712,88434080.26,0.0,-5.885619100499722,-4.941699056079965
1905520806492254461,"RT @SteveHiltonx: The interview w/ @elonmusk and @DOGE team airing now @SpecialReport is absolutely brilliant. So informative. 

Anyone - e…",2336.0,588.0,12924.0,51.0,1015497.0,2025-03-28 07:22:17+00:00,False,172.0,,True,False,False,,,,"RT @SteveHiltonx: The interview w/ @elonmusk and @DOGE team airing now @SpecialReport is absolutely brilliant. So informative. 

Anyone - e…",retweet,0.0156563731847558,0.1807489941194676,0.0454967502321262,7,4,False,True,positive,0.6,['doge'],"[""DOGE""]",endorsement,False,none,,DOGE,0.1904,0.1801,0.1801,0.1801,0.1695,0.1712,88434080.26,0.0,-5.885619100499722,-4.941699056079965
1905487793624580331,"RT @america: Bret Baier’s full interview with Elon Musk and @DOGE:

 https://t.co/7KmRs8UJq2",3976.0,978.0,14823.0,573.0,4190688.0,2025-03-28 05:11:06+00:00,False,4205.0,,True,False,False,,,,"RT @america: Bret Baier’s full interview with Elon Musk and @DOGE:

 https://t.co/7KmRs8UJq2",retweet,0.0048560045510426,0.2682318019294339,0.0659785468528637,5,4,False,True,neutral,0.0,['doge'],"[""DOGE""]",none,False,none,,DOGE,0.1904,0.1801,0.1801,0.1801,0.1695,0.1712,88434080.26,0.0,-5.885619100499722,-4.941699056079965
1905487478754066552,RT @FischerKing64: Informative discussion with the DOGE team. I don’t know how any rational person can oppose what they’re trying to do. Pu…,1837.0,672.0,9651.0,58.0,1801205.0,2025-03-28 05:09:51+00:00,False,556.0,,True,False,False,,,,RT @FischerKing64: Informative discussion with the DOGE team. I don’t know how any rational person can oppose what they’re trying to do. Pu…,retweet,0.0067832367776016,0.1903429696404517,0.0696300901460988,5,4,False,True,positive,0.7,['doge'],"[""DOGE""]",endorsement,False,none,,DOGE,0.1904,0.1801,0.1801,0.1801,0.1695,0.1712,88434080.26,0.0,-5.885619100499722,-4.941699056079965
1905484622231712081,"RT @WallStreetApes: PART 1: Bret Baier interview with Elon Musk and DOGE breakdown:

- The goal is to reduce the Federal Deficit by $1 tril…",1863.0,350.0,6876.0,67.0,917744.0,2025-03-28 04:58:30+00:00,False,631.0,,True,False,False,,,,"RT @WallStreetApes: PART 1: Bret Baier interview with Elon Musk and DOGE breakdown:

- The goal is to reduce the Federal Deficit by $1 tril…",retweet,0.0099766383653829,0.2709424083769634,0.0509016870273414,4,4,False,True,positive,0.6,['doge'],"[""DOGE""]",endorsement,False,none,,DOGE,0.1904,0.1801,0.1801,0.1801,0.1695,0.1712,88434080.26,0.0,-5.885619100499722,-4.941699056079965
1905482386374086907,"RT @america: Steve Davis of @DOGE: “The minimum impulse bit is often $1 billion.. For example the $830 million, which was the online survey…",2533.0,496.0,13253.0,70.0,1467361.0,2025-03-28 04:49:37+00:00,False,455.0,,True,False,False,,,,"RT @america: Steve Davis of @DOGE: “The minimum impulse bit is often $1 billion.. For example the $830 million, which was the online survey…",retweet,0.0111438153256083,0.1911265373877612,0.0374254885686259,4,4,False,True,neutral,0.0,['doge'],"[""DOGE""]",none,False,none,,DOGE,0.1904,0.1801,0.1801,0.1801,0.1695,0.1712,88434080.26,0.0,-5.885619100499722,-4.941699056079965
1905310753369759892,"RT @RealAmVoice: MANY LIBS ARE WHINING ABOUT @DOGE &amp; @elonmusk exposing their waste, fraud, and abuse, but NONE of them have accused him of…",1735.0,682.0,7649.0,65.0,993271.0,2025-03-27 17:27:37+00:00,False,155.0,,True,False,False,,,,"RT @RealAmVoice: MANY LIBS ARE WHINING ABOUT @DOGE &amp; @elonmusk exposing their waste, fraud, and abuse, but NONE of them have accused him of…",retweet,0.0101996333326957,0.2268270362138841,0.0891619819584259,17,3,True,True,positive,0.4,['doge'],"[""DOGE""]",none,False,none,,DOGE,0.1904,0.1801,0.1801,0.1801,0.1695,0.1712,88434080.26,0.0,-5.885619100499722,-4.941699056079965
1905291922198888610,"RT @WesternLensman: 🚨In the wake of the DOGE subcommittee hearing yesterday, Trump calls for the defunding of NPR and PBS, ""IMMEDIATELY.""…",3383.0,600.0,16498.0,106.0,1105511.0,2025-03-27 16:12:47+00:00,False,370.0,,True,False,False,,,,"RT @WesternLensman: 🚨In the wake of the DOGE subcommittee hearing yesterday, Trump calls for the defunding of NPR and PBS, ""IMMEDIATELY.""…",retweet,0.0186221575361981,0.205055158200994,0.036368044611468,16,3,True,True,neutral,0.0,['doge'],"[""DOGE""]",none,False,none,,DOGE,0.1904,0.1801,0.1801,0.1801,0.1695,0.1712,88434080.26,0.0,-5.885619100499722,-4.941699056079965
1905012808556974591,"RT @cb_doge: 🚨 DOGE BREAKING: US Department of Labor canceled $577 million in grants for $237 million in savings, including:

- $10M for ""g…",3161.0,725.0,13047.0,93.0,1004566.0,2025-03-26 21:43:41+00:00,False,340.0,,True,False,False,,,,"RT @cb_doge: 🚨 DOGE BREAKING: US Department of Labor canceled $577 million in grants for $237 million in savings, including:

- $10M for ""g…",retweet,0.0169486126347099,0.2422779182953935,0.0555683298842645,21,2,False,True,positive,0.7,['doge'],"[""DOGE""]",market_commentary,False,none,,DOGE,0.1949,0.1904,0.1904,0.1904,0.1801,0.1622,70833617.02,0.0,-5.40966386554622,-14.8109243697479
1904538783141540037,"RT @mtgreenee: Do you want your hard earned tax dollars to fund far left ideology and propaganda on PBS and NPR?

Tune into my DOGE Committ…",3530.0,1942.0,15247.0,155.0,1276600.0,2025-03-25 14:20:05+00:00,False,384.0,,True,False,False,,,,"RT @mtgreenee: Do you want your hard earned tax dollars to fund far left ideology and propaganda on PBS and NPR?

Tune into my DOGE Committ…",retweet,0.0163512454958483,0.2315209549419558,0.1273693185544697,14,1,False,True,neutral,0.0,['doge'],"[""DOGE""]",none,False,none,,DOGE,0.1907,0.1949,0.1949,0.1949,0.1904,0.1638,111541303.84,0.0,-2.3088763468445235,-15.956900974858899
1904497288564895905,RT @DC_Draino: Boom - AG Bondi announces there is now a DOJ task force investigating and prosecuting anyone involved in fraud that DOGE unc…,9318.0,2312.0,47409.0,445.0,1615531.0,2025-03-25 11:35:12+00:00,False,731.0,,True,False,False,,,,RT @DC_Draino: Boom - AG Bondi announces there is now a DOJ task force investigating and prosecuting anyone involved in fraud that DOGE unc…,retweet,0.036820091969761,0.1965449598177561,0.0487671117298403,11,1,False,True,positive,0.6,['doge'],"[""DOGE""]",regulatory,False,none,,DOGE,0.183,0.1907,0.1907,0.1949,0.1949,0.174,94616697.13,2.2024121657052866,2.2024121657052866,-8.75721027792345
1904381176804155797,"RT @teslaownersSV: The @doge family 

Elon Musk and Little 𝕏. https://t.co/1ibxBcL9US",2096.0,1566.0,17799.0,93.0,1262229.0,2025-03-25 03:53:48+00:00,False,329.0,,True,False,False,,,,"RT @teslaownersSV: The @doge family 

Elon Musk and Little 𝕏. https://t.co/1ibxBcL9US",retweet,0.0170761407003008,0.1177594246867801,0.0879824709253328,3,1,False,True,positive,0.6,['doge'],"[""DOGE""]",meme_joke,False,none,,DOGE,0.183,0.1907,0.1907,0.1907,0.1949,0.174,94616697.13,0.0,2.2024121657052866,-8.75721027792345
1904339099181322405,"RT @BehizyTweets: RFK Jr. says Elon Musk &amp; DOGE are now inside the Department of HHS, exposing &amp; eliminating massive fraud.

""We've identif…",8789.0,781.0,43368.0,258.0,1942650.0,2025-03-25 01:06:36+00:00,False,1447.0,,True,False,False,,,,"RT @BehizyTweets: RFK Jr. says Elon Musk &amp; DOGE are now inside the Department of HHS, exposing &amp; eliminating massive fraud.

""We've identif…",retweet,0.0273832136514554,0.2026609481645452,0.0180086699870872,1,1,False,True,positive,0.6,['doge'],"[""DOGE""]",endorsement,False,none,,DOGE,0.183,0.1907,0.1907,0.1907,0.1949,0.174,94616697.13,0.0,2.2024121657052866,-8.75721027792345
1408380216653844480,My Shiba Inu will be named Floki,32388.0,34237.0,266979.0,7019.0,,2021-06-25 11:03:04+00:00,False,754.0,,False,False,False,,,,My Shiba Inu will be named Floki,original,,0.1213129122515254,0.1282385505976125,11,4,False,True,positive,0.6,['shiba'],"[""SHIB"", ""FLOKI""]",meme_joke,False,none,,SHIB,7.21e-06,7.07e-06,7.07e-06,7.48e-06,7.48e-06,8.36e-06,2357089.45,5.7991513437058035,5.7991513437058035,18.246110325318238
1408246534093918210,“That’s not funny!” – Bitcoin maxis,2500.0,2963.0,52625.0,216.0,,2021-06-25 02:11:52+00:00,True,41.0,elonmusk,False,False,False,,,,“That’s not funny!” – Bitcoin maxis,reply,,0.0475059382422802,0.0563040380047505,2,4,False,True,negative,-0.4,['bitcoin'],"[""BTC""]",criticism,False,none,,BTC,34649.84,31593.86,31593.86,31593.86,32307.35,33804.54,3027434524.39,0.0,2.2583185467049547,6.997182363915015
1408244494567456769,@jack Oh right … Bitcoin haha,638.0,751.0,6776.0,129.0,,2021-06-25 02:03:46+00:00,True,16.0,elonmusk,False,False,False,,,,@jack Oh right … Bitcoin haha,reply,,0.0941558441558441,0.1108323494687131,2,4,False,True,neutral,0.0,['bitcoin'],"[""BTC""]",none,False,none,,BTC,34649.84,31593.86,31593.86,31593.86,32307.35,33804.54,3027434524.39,0.0,2.2583185467049547,6.997182363915015
1404132183254523905,"@Cointelegraph This is inaccurate. Tesla only sold ~10% of holdings to confirm BTC could be liquidated easily without moving market.

When there’s confirmation of reasonable (~50%) clean energy usage by miners with positive future trend, Tesla will resume allowing Bitcoin transactions.",9168.0,8369.0,48918.0,2654.0,,2021-06-13 17:42:54+00:00,True,315.0,Cointelegraph,False,False,False,,,,"@Cointelegraph This is inaccurate. Tesla only sold ~10% of holdings to confirm BTC could be liquidated easily without moving market.

When there’s confirmation of reasonable (~50%) clean energy usage by miners with positive future trend, Tesla will resume allowing Bitcoin transactions.",reply,,0.1874156752115785,0.1710822192240075,17,6,False,True,neutral,0.0,"['btc', 'bitcoin']","[""BTC""]",market_commentary,False,none,,BTC,39017.37,40526.63,40526.63,40526.63,40161.86,31652.62,2740589573.6,0.0,-0.9000748396794819,-21.896738021394818
1401091921746006017,@lexfridman @VitalikButerin @ethereum @Bitcoin @dogecoin @ShibainuCoin @IOHK_Charles @Cardano @chainlink @0xPolygon I pretty much agree with Vitalik,2737.0,1722.0,21785.0,700.0,,2021-06-05 08:21:59+00:00,True,196.0,lexfridman,False,False,False,,,,@lexfridman @VitalikButerin @ethereum @Bitcoin @dogecoin @ShibainuCoin @IOHK_Charles @Cardano @chainlink @0xPolygon I pretty much agree with Vitalik,reply,,0.1256369061280697,0.0790452145971999,8,5,False,True,positive,0.6,"['ethereum', 'dogecoin', 'bitcoin']","[""ETH"", ""BTC"", ""DOGE"", ""SHIB"", ""ADA"", ""LINK"", ""MATIC""]",endorsement,False,none,,DOGE,0.3762,0.3717,0.3717,0.3717,0.3713,0.3119,148813006.71,0.0,-0.107613666935689,-16.088243206887263
1397285556954877953,"@itsALLrisky Please note Dogecoin has no formal organization &amp; no one reports to me, so my ability to take action is limited",3660.0,3381.0,29081.0,446.0,,2021-05-25 20:16:51+00:00,True,60.0,itsALLrisky,False,False,False,,,,"@itsALLrisky Please note Dogecoin has no formal organization &amp; no one reports to me, so my ability to take action is limited",reply,,0.1258553694852309,0.1162614765654551,20,1,True,True,neutral,0.0,['dogecoin'],"[""DOGE""]",market_commentary,False,none,,DOGE,0.3463,0.3531,0.3531,0.3531,0.3337,0.4235,130129133.21,0.0,-5.494194279241016,19.937694704049832
1397064185222078467,"@heydave7 @dogecoin_devs Doge has dogs &amp; memes, whereas the others do not",6934.0,5099.0,43794.0,1236.0,,2021-05-25 05:37:12+00:00,True,110.0,heydave7,False,False,False,,,,"@heydave7 @dogecoin_devs Doge has dogs &amp; memes, whereas the others do not",reply,,0.1583321916244234,0.116431474631228,5,1,False,True,positive,0.6,['doge'],"[""DOGE""]",endorsement,False,none,,DOGE,0.3659,0.3463,0.3463,0.3463,0.3531,0.3701,188892831.73,0.0,1.9636153624025494,6.87265376840889
1396926365996261382,"Someone suggested changing Dogecoin fees based on phases of the moon, which is pretty awesome haha",10247.0,6999.0,114816.0,922.0,,2021-05-24 20:29:33+00:00,True,148.0,elonmusk,False,False,False,,,,"Someone suggested changing Dogecoin fees based on phases of the moon, which is pretty awesome haha",reply,,0.0892471432552954,0.0609584030100334,20,0,True,True,positive,0.6,['dogecoin'],"[""DOGE""]",meme_joke,False,none,,DOGE,0.3659,0.3463,0.3463,0.3463,0.3531,0.3701,188892831.73,0.0,1.9636153624025494,6.87265376840889
1396916392629137409,"If you’d like to help develop Doge, please submit ideas on GitHub &amp; https://t.co/liAPQMFaQB @dogecoin_devs",27824.0,19082.0,169006.0,2828.0,,2021-05-24 19:49:56+00:00,False,572.0,,False,False,False,,,,"If you’d like to help develop Doge, please submit ideas on GitHub &amp; https://t.co/liAPQMFaQB @dogecoin_devs",original,,0.1646332082884631,0.112907234062696,19,0,True,True,positive,0.7,['doge'],"[""DOGE""]",product_launch,False,none,,DOGE,0.3659,0.3463,0.3463,0.3463,0.3531,0.3701,188892831.73,0.0,1.9636153624025494,6.87265376840889
1396914548167233537,Spoke with North American Bitcoin miners. They committed to publish current &amp; planned renewable usage &amp; to ask miners WW to do so. Potentially promising.,31972.0,22935.0,287733.0,10108.0,,2021-05-24 19:42:36+00:00,False,617.0,,False,False,False,,,,Spoke with North American Bitcoin miners. They committed to publish current &amp; planned renewable usage &amp; to ask miners WW to do so. Potentially promising.,original,,0.1111169035181922,0.0797093138430419,19,0,True,True,positive,0.7,['bitcoin'],"[""BTC""]",partnership,False,none,,BTC,38837.76,38387.36,38387.36,38387.36,39295.08,36683.51,2529569055.97,0.0,2.3646325248727735,-4.4385704044247865
1396049547680391168,"@TheRealShifo The true battle is between fiat &amp; crypto. On balance, I support the latter.",10534.0,4893.0,57776.0,2056.0,,2021-05-22 10:25:24+00:00,False,193.0,,False,False,False,,,,"@TheRealShifo The true battle is between fiat &amp; crypto. On balance, I support the latter.",original,,0.1823248407643312,0.0846891442813625,10,5,False,True,positive,0.7,['crypto'],[],market_commentary,False,none,,DOGE,0.3588,0.3421,0.3421,0.3421,0.3068,0.303,145803807.25,0.0,-10.318620286465945,-11.429406606255487
1395472799020421120,@TeslaGong @wintonARK Bitcoin hashing (aka mining) energy usage is starting to exceed that of medium-sized countries. Almost impossible for small hashers to succeed without those massive economies of scale.,711.0,1358.0,4982.0,267.0,,2021-05-20 20:13:36+00:00,True,39.0,TeslaGong,False,False,False,,,,@TeslaGong @wintonARK Bitcoin hashing (aka mining) energy usage is starting to exceed that of medium-sized countries. Almost impossible for small hashers to succeed without those massive economies of scale.,reply,,0.1427137695704536,0.2725812926535528,20,3,True,True,negative,-0.6,['bitcoin'],"[""BTC""]",market_commentary,False,none,,BTC,40597.4,37350.39,37350.39,37350.39,37491.5,35680.92,4573692788.95,0.0,0.37780060663356013,-4.469752524672437
1395438318095986693,"@heydave7 Yeah, I haven’t &amp; won’t sell any Doge",10484.0,4549.0,45762.0,1694.0,,2021-05-20 17:56:35+00:00,True,108.0,heydave7,False,False,False,,,,"@heydave7 Yeah, I haven’t &amp; won’t sell any Doge",reply,,0.2290983785673703,0.0994056203837244,17,3,True,True,positive,0.7,['doge'],"[""DOGE""]",endorsement,True,hold,,DOGE,0.3993,0.3588,0.3588,0.3588,0.3421,0.3113,262661591.29,0.0,-4.654403567447043,-13.238573021181713
1395437522306490371,@heydave7 A longtime Tesla supporter gave me the Doge dollar sticker at Giga Berlin,2297.0,847.0,20871.0,122.0,,2021-05-20 17:53:25+00:00,True,28.0,heydave7,False,False,False,,,,@heydave7 A longtime Tesla supporter gave me the Doge dollar sticker at Giga Berlin,reply,,0.1100570169134205,0.0405826266110871,17,3,True,True,positive,0.7,['doge'],"[""DOGE""]",endorsement,False,none,,DOGE,0.3993,0.3588,0.3588,0.3588,0.3421,0.3113,262661591.29,0.0,-4.654403567447043,-13.238573021181713
1395371582143430660,"@WhatsupFranks @TeslaGong Currency is already digital! Decentralized crypto is an attempt to wrest power of currency dilution (pernicious form of taxation) &amp; capital controls from governments. That said, I sure hope the cure is better than the disease!

Mars/AI are essential to passing the great filter/s.",1084.0,526.0,5831.0,125.0,,2021-05-20 13:31:24+00:00,True,69.0,WhatsupFranks,False,False,False,,,,"@WhatsupFranks @TeslaGong Currency is already digital! Decentralized crypto is an attempt to wrest power of currency dilution (pernicious form of taxation) &amp; capital controls from governments. That said, I sure hope the cure is better than the disease!

Mars/AI are essential to passing the great filter/s.",reply,,0.1859029326016121,0.090207511576059,13,3,False,True,positive,0.4,['crypto'],"[""BTC""]",market_commentary,False,none,,BTC,40597.4,37350.39,37350.39,37350.39,37491.5,35680.92,4573692788.95,0.0,0.37780060663356013,-4.469752524672437
1395328697436033032,How much is that Doge in the window? https://t.co/bxTkWOr50V,46438.0,59635.0,272929.0,7471.0,,2021-05-20 10:41:00+00:00,False,497.0,,False,False,False,,,,How much is that Doge in the window? https://t.co/bxTkWOr50V,original,,0.1701468147393644,0.2185000494634135,10,3,False,True,positive,0.6,['doge'],"[""DOGE""]",meme_joke,False,none,,DOGE,0.3313,0.3993,0.3993,0.3993,0.3588,0.3337,410833750.44,0.0,-10.142749812171296,-16.428750313047832
1394170030741413888,"@BTC_Archive To clarify speculation, Tesla has not sold any Bitcoin",14799.0,15532.0,88545.0,6538.0,,2021-05-17 05:56:52+00:00,True,273.0,BTC_Archive,False,False,False,,,,"@BTC_Archive To clarify speculation, Tesla has not sold any Bitcoin",reply,,0.1671353549042859,0.1754136314868146,5,0,False,True,positive,0.3,['bitcoin'],"[""BTC""]",market_commentary,False,none,,BTC,46490.71,43552.14,43552.14,43552.14,42886.02,38837.76,5896147491.21,0.0,-1.5294770819528103,-10.824680486423853
1393995872413888518,"@ChainLinkGod @PeterMcCormack Hey cryptocurrency “experts”, ever heard of PayPal? It’s possible … maybe … that I know than you realize about how money works.",5780.0,6601.0,41841.0,2411.0,,2021-05-16 18:24:49+00:00,True,287.0,elonmusk,False,False,False,,,,"@ChainLinkGod @PeterMcCormack Hey cryptocurrency “experts”, ever heard of PayPal? It’s possible … maybe … that I know than you realize about how money works.",reply,,0.1381420138142013,0.1577639157763915,18,6,False,True,negative,-0.4,['cryptocurrency'],[],criticism,False,none,,DOGE,0.5151,0.4877,0.4877,0.4877,0.4762,0.3659,264583449.19,0.0,-2.3580069714988743,-24.97436948944023
1393993975019749382,"@ChainLinkGod @PeterMcCormack Bitcoin is actually highly centralized, with supermajority controlled by handful of big mining (aka hashing) companies. 

A single coal mine in Xinjiang flooded, almost killing miners, and Bitcoin hash rate dropped 35%. Sound “decentralized” to you?

https://t.co/Oom8yzGRNQ",6610.0,6295.0,35920.0,2944.0,,2021-05-16 18:17:17+00:00,True,948.0,ChainLinkGod,False,False,False,,,,"@ChainLinkGod @PeterMcCormack Bitcoin is actually highly centralized, with supermajority controlled by handful of big mining (aka hashing) companies. 

A single coal mine in Xinjiang flooded, almost killing miners, and Bitcoin hash rate dropped 35%. Sound “decentralized” to you?

https://t.co/Oom8yzGRNQ",reply,,0.1840200445434298,0.175250556792873,18,6,False,True,negative,-0.7,['bitcoin'],"[""BTC""]",criticism,False,none,,BTC,46490.71,43552.14,43552.14,43552.14,42886.02,38837.76,5896147491.21,0.0,-1.5294770819528103,-10.824680486423853
1393991411524120576,"@poisonouspinups @michael_saylor He should wear outfit for Halloween, but with “Bitcoin” tattooed high on thighs",1642.0,1877.0,13474.0,359.0,,2021-05-16 18:07:06+00:00,True,48.0,poisonouspinups,False,False,False,,,,"@poisonouspinups @michael_saylor He should wear outfit for Halloween, but with “Bitcoin” tattooed high on thighs",reply,,0.121864331304735,0.1393053287813566,18,6,False,True,positive,0.3,['bitcoin'],"[""BTC""]",meme_joke,False,none,,BTC,46490.71,43552.14,43552.14,43552.14,42886.02,38837.76,5896147491.21,0.0,-1.5294770819528103,-10.824680486423853
1393979913624072194,@PeterMcCormack Obnoxious threads like this make me want to go all in on Doge,14050.0,11544.0,73512.0,3889.0,,2021-05-16 17:21:24+00:00,True,390.0,PeterMcCormack,False,False,False,,,,@PeterMcCormack Obnoxious threads like this make me want to go all in on Doge,reply,,0.1911252584612036,0.1570355860267711,17,6,False,True,positive,0.6,['doge'],"[""DOGE""]",endorsement,True,buy,,DOGE,0.5151,0.4877,0.4877,0.4877,0.4762,0.3659,264583449.19,0.0,-2.3580069714988743,-24.97436948944023
1393749019478970368,@long_elon @itsALLrisky Only if Doge can’t do it. Big pain in the neck to create another one.,3655.0,4201.0,20844.0,753.0,,2021-05-16 02:03:55+00:00,True,106.0,long_elon,False,False,False,,,,@long_elon @itsALLrisky Only if Doge can’t do it. Big pain in the neck to create another one.,reply,,0.1753502206870082,0.2015448090577624,2,6,False,True,positive,0.4,['doge'],"[""DOGE""]",endorsement,False,none,,DOGE,0.5081,0.5151,0.5151,0.5151,0.4877,0.3068,426093342.21,0.0,-5.319355464958257,-40.43874975732867
1393738154889338884,"@itsALLrisky Ideally, Doge speeds up block time 10X, increases block size 10X &amp; drops fee 100X. Then it wins hands down.",11989.0,9423.0,49481.0,3795.0,,2021-05-16 01:20:45+00:00,True,445.0,itsALLrisky,False,False,False,,,,"@itsALLrisky Ideally, Doge speeds up block time 10X, increases block size 10X &amp; drops fee 100X. Then it wins hands down.",reply,,0.2422950223318041,0.1904367332915664,1,6,False,True,positive,0.8,['doge'],"[""DOGE""]",market_commentary,True,buy,,DOGE,0.5081,0.5151,0.5151,0.5151,0.4877,0.3068,426093342.21,0.0,-5.319355464958257,-40.43874975732867
1392974251011895300,Working with Doge devs to improve system transaction efficiency. Potentially promising.,72248.0,56642.0,479036.0,19045.0,,2021-05-13 22:45:16+00:00,False,988.0,,False,False,False,,,,Working with Doge devs to improve system transaction efficiency. Potentially promising.,original,,0.1508195626215983,0.1182416352841957,22,3,False,True,positive,0.7,['doge'],"[""DOGE""]",partnership,False,none,,DOGE,0.4918,0.5603,0.5603,0.5603,0.5081,0.3588,742288762.56,0.0,-9.316437622702129,-35.96287703016242
1392950720979030019,"To be clear, I strongly believe in crypto, but it can’t drive a massive increase in fossil fuel use, especially coal",29638.0,50215.0,322581.0,7359.0,,2021-05-13 21:11:46+00:00,False,644.0,,False,False,False,,,,"To be clear, I strongly believe in crypto, but it can’t drive a massive increase in fossil fuel use, especially coal",original,,0.0918776989345311,0.1556663287670383,21,3,False,True,positive,0.4,['crypto'],[],market_commentary,False,none,,DOGE,0.4918,0.5603,0.5603,0.5603,0.5081,0.3588,742288762.56,0.0,-9.316437622702129,-35.96287703016242
1392030108274159619,Do you want Tesla to accept Doge?,83720.0,87810.0,353978.0,14869.0,,2021-05-11 08:13:35+00:00,False,796.0,,False,False,False,,,,Do you want Tesla to accept Doge?,original,,0.2365118736192644,0.2480662640051076,8,1,False,True,positive,0.6,['doge'],"[""DOGE""]",payment_adoption,True,buy,,DOGE,0.4506,0.4945,0.4945,0.4945,0.3924,0.4762,536043908.4,0.0,-20.647118301314453,-3.7007077856420594
1391523807148527620,"SpaceX launching satellite Doge-1 to the moon next year

– Mission paid for in Doge
– 1st crypto in space
– 1st meme in space

To the mooooonnn!!

https://t.co/xXfjGZVeUW",99172.0,31783.0,476542.0,14602.0,,2021-05-09 22:41:43+00:00,False,1885.0,,False,False,False,,,,"SpaceX launching satellite Doge-1 to the moon next year

– Mission paid for in Doge
– 1st crypto in space
– 1st meme in space

To the mooooonnn!!

https://t.co/xXfjGZVeUW",original,,0.2081075749881437,0.0666950657024984,22,6,False,True,positive,0.9,"['to the moon', 'doge', 'crypto']","[""DOGE""]",product_launch,True,buy,,DOGE,0.5704,0.4506,0.4506,0.4506,0.4945,0.4877,668195006.47,0.0,9.742565468264534,8.233466489125615
1390550521077977089,@hiromichimizuno I’m looking for a shiba pup!,9301.0,6574.0,44169.0,1776.0,,2021-05-07 06:14:14+00:00,True,117.0,hiromichimizuno,False,False,False,,,,@hiromichimizuno I’m looking for a shiba pup!,reply,,0.2105775543933528,0.1488374199098915,6,4,False,True,neutral,0.0,['shiba'],"[""SHIB""]",none,False,none,,SHIB,,,,,,,,,,
1390522866979033092,"Cryptocurrency is promising, but please invest with caution! https://t.co/A4kplcP8Vq",32313.0,15917.0,195706.0,4243.0,,2021-05-07 04:24:20+00:00,False,1390.0,,False,False,False,,,,"Cryptocurrency is promising, but please invest with caution! https://t.co/A4kplcP8Vq",original,,0.1651099097626031,0.0813311804441355,4,4,False,True,positive,0.6,['cryptocurrency'],[],market_commentary,True,hold,,DOGE,0.5812,0.6894,0.6894,0.6894,0.6368,0.5603,1297647066.64,0.0,-7.62982303452277,-18.7264287786481
1386821144037236737,"@stoolpresidente No, you do not. I have not sold any of my Bitcoin. Tesla sold 10% of its holdings essentially to prove liquidity of Bitcoin as an alternative to holding cash on balance sheet.",10792.0,3794.0,86656.0,2889.0,,2021-04-26 23:15:01+00:00,True,394.0,stoolpresidente,False,False,False,,,,"@stoolpresidente No, you do not. I have not sold any of my Bitcoin. Tesla sold 10% of its holdings essentially to prove liquidity of Bitcoin as an alternative to holding cash on balance sheet.",reply,,0.1245384047267356,0.0437823116691285,23,0,False,True,positive,0.6,['bitcoin'],"[""BTC""]",market_commentary,False,none,,BTC,54062.29,55073.48,55073.48,55073.48,54877.94,53244.07,2220077233.11,0.0,-0.35505292202345096,-3.3217621257999372
1385879790381641728,What does the future hodl?,24795.0,45224.0,385930.0,4534.0,,2021-04-24 08:54:25+00:00,False,415.0,,False,False,False,,,,What does the future hodl?,original,,0.0642474023786697,0.1171818723602725,8,5,False,True,positive,0.6,['hodl'],[],meme_joke,False,none,,DOGE,0.2498,0.2705,0.2705,0.2705,0.2516,0.3913,326412027.6,0.0,-6.987060998151581,44.65804066543436
1382552587099062272,Doge Barking at the Moon https://t.co/QFB81D7zOL,41690.0,19445.0,289988.0,4727.0,,2021-04-15 04:33:18+00:00,False,464.0,,False,False,False,,,,Doge Barking at the Moon https://t.co/QFB81D7zOL,original,,0.1437645695683959,0.0670544988068471,4,3,False,True,positive,0.7,['doge'],"[""DOGE""]",meme_joke,True,buy,,DOGE,0.1211,0.1828,0.1828,0.1828,0.3659,0.2611,408281168.38,0.0,100.164113785558,42.83369803063458
1382551451185131522,@WSBChairman Doge Barking at the Moon – Miro https://t.co/1vTM2XOusy,2305.0,797.0,19012.0,189.0,,2021-04-15 04:28:47+00:00,True,49.0,WSBChairman,False,False,False,,,,@WSBChairman Doge Barking at the Moon – Miro https://t.co/1vTM2XOusy,reply,,0.1212392173364191,0.0419208920681674,4,3,False,True,positive,0.7,['doge'],"[""DOGE""]",meme_joke,True,buy,,DOGE,0.1211,0.1828,0.1828,0.1828,0.3659,0.2611,408281168.38,0.0,100.164113785558,42.83369803063458
1377567762919292938,SpaceX is going to put a literal Dogecoin on the literal moon,45150.0,22086.0,474880.0,7729.0,,2021-04-01 10:25:23+00:00,False,824.0,,False,False,False,,,,SpaceX is going to put a literal Dogecoin on the literal moon,original,,0.0950766509433962,0.0465085916442048,10,3,False,True,positive,0.8,['dogecoin'],"[""DOGE""]",product_launch,True,buy,,DOGE,0.05376,0.06221,0.06221,0.06221,0.05763,0.06184,61129199.25,0.0,-7.362160424369074,-0.5947596849381165
1375031060753346564,Don’t defy DeFi,14653.0,9711.0,154009.0,2555.0,,2021-03-25 10:25:26+00:00,False,356.0,,False,False,False,,,,Don’t defy DeFi,original,,0.0951437902979696,0.0630547565402021,10,3,False,True,positive,0.6,['defi'],"[""DEFI""]",endorsement,False,none,,DOGE,0.0516,0.05138,0.05138,0.05138,0.05392,0.06221,9301920.29,0.0,4.943557804593228,21.078240560529387
1374619672973221892,Pay by Bitcoin capability available outside US later this year,7634.0,2573.0,122355.0,575.0,,2021-03-24 07:10:43+00:00,True,110.0,elonmusk,False,False,False,,,,Pay by Bitcoin capability available outside US later this year,reply,,0.0623922193616934,0.0210289730701646,7,2,False,True,positive,0.7,['bitcoin'],"[""BTC""]",payment_adoption,False,none,,BTC,54355.45,52303.02,52303.02,52303.02,51336.09,58793.8,3420695083.54,0.0,-1.8487077801625993,12.409952618414781
1374619379929772034,"Tesla is using only internal &amp; open source software &amp; operates Bitcoin nodes directly.

Bitcoin paid to Tesla will be retained as Bitcoin, not converted to fiat currency.",16917.0,3956.0,156366.0,3410.0,,2021-03-24 07:09:34+00:00,True,448.0,elonmusk,False,False,False,,,,"Tesla is using only internal &amp; open source software &amp; operates Bitcoin nodes directly.

Bitcoin paid to Tesla will be retained as Bitcoin, not converted to fiat currency.",reply,,0.1081884808718007,0.0252996175639205,7,2,False,True,positive,0.8,['bitcoin'],"[""BTC""]",payment_adoption,True,buy,,BTC,54355.45,52303.02,52303.02,52303.02,51336.09,58793.8,3420695083.54,0.0,-1.8487077801625993,12.409952618414781
1374617643446063105,You can now buy a Tesla with Bitcoin,95870.0,30768.0,779477.0,21401.0,,2021-03-24 07:02:40+00:00,False,1962.0,,False,False,False,,,,You can now buy a Tesla with Bitcoin,original,,0.1229927246089365,0.0394726207444222,7,2,False,True,positive,0.8,['bitcoin'],"[""BTC""]",payment_adoption,False,none,,BTC,54355.45,52303.02,52303.02,52303.02,51336.09,58793.8,3420695083.54,0.0,-1.8487077801625993,12.409952618414781
1372658385896738817,@lexfridman Sometimes it’s about Doge,2917.0,1385.0,42453.0,269.0,,2021-03-18 21:17:16+00:00,True,26.0,lexfridman,False,False,False,,,,@lexfridman Sometimes it’s about Doge,reply,,0.0687112807104327,0.0326243139471886,21,3,False,True,positive,0.4,['doge'],"[""DOGE""]",endorsement,False,none,,DOGE,0.05734,0.05829,0.05829,0.05829,0.05887,0.05392,9208562.24,0.0,0.9950248756218857,-7.496997769771828
1371600053039722500,@beeple 420M Doge,4217.0,2079.0,68984.0,449.0,,2021-03-15 23:11:50+00:00,True,101.0,beeple,False,False,False,,,,@beeple 420M Doge,reply,,0.0611301171286095,0.0301374231705902,23,0,False,True,positive,0.6,['doge'],"[""DOGE""]",endorsement,True,buy,,DOGE,0.05701,0.05864,0.05864,0.05864,0.05797,0.05345,16508332.93,0.0,-1.1425648021828054,-8.8506139154161
1371549960030842893,I’m selling this song about NFTs as an NFT https://t.co/B4EZLlesPx,25912.0,19091.0,215380.0,6859.0,,2021-03-15 19:52:47+00:00,False,2393.0,,False,False,False,,,,I’m selling this song about NFTs as an NFT https://t.co/B4EZLlesPx,original,,0.1203082923205497,0.088638685114681,19,0,True,True,positive,0.4,['nft'],"[""NFT""]",product_launch,False,none,,DOGE,0.05701,0.05864,0.05864,0.05864,0.05797,0.05345,16508332.93,0.0,-1.1425648021828054,-8.8506139154161
1370946514974031872,I’m getting a Shiba Inu #resistanceisfutile,18227.0,10887.0,217916.0,3371.0,,2021-03-14 03:54:54+00:00,False,534.0,,False,False,False,,,,I’m getting a Shiba Inu #resistanceisfutile,original,,0.0836423208942895,0.0499596174672809,3,6,False,True,positive,0.6,['shiba'],"[""SHIB""]",endorsement,True,buy,,SHIB,,,,,,,,,,
1370883943143251968,"Origin of Doge Day Afternoon:
The ancient Romans sacrificed a Dogecoin at the beginning of the Doge Days to appease the rage of Sirius, believing that the star was the cause of the hot, sultry weather.",6517.0,2022.0,66036.0,507.0,,2021-03-13 23:46:16+00:00,True,155.0,elonmusk,False,False,False,,,,"Origin of Doge Day Afternoon:
The ancient Romans sacrificed a Dogecoin at the beginning of the Doge Days to appease the rage of Sirius, believing that the star was the cause of the hot, sultry weather.",reply,,0.0986885941001877,0.030619662002544,23,5,False,True,positive,0.6,"['doge', 'dogecoin']","[""DOGE""]",meme_joke,False,none,,DOGE,0.06268,0.05844,0.05844,0.05844,0.05701,0.0575,33334771.95,0.0,-2.446954140999317,-1.6084873374401034
1370882536101056523,Doge day afternoon,15509.0,6122.0,150787.0,1588.0,,2021-03-13 23:40:41+00:00,False,161.0,,False,False,False,,,,Doge day afternoon,original,,0.10285369428399,0.0406003170034552,23,5,False,True,positive,0.6,['doge'],"[""DOGE""]",meme_joke,False,none,,DOGE,0.06268,0.05844,0.05844,0.05844,0.05701,0.0575,33334771.95,0.0,-2.446954140999317,-1.6084873374401034
1370449101402353669,"BTC (Bitcoin) is an anagram of
TBC(The Boring Company)
What a coincidence!",14614.0,9839.0,211991.0,2057.0,,2021-03-12 18:58:22+00:00,False,549.0,,False,False,False,,,,"BTC (Bitcoin) is an anagram of
TBC(The Boring Company)
What a coincidence!",original,,0.0689368888301861,0.0464123476940058,18,4,True,True,positive,0.3,"['btc', 'bitcoin']","[""BTC""]",meme_joke,False,none,,BTC,57256.22,61179.79,61179.79,61179.79,58998.89,58101.34,3439594034.95,0.0,-3.5647392709259074,-5.03180870676412
1368058884837928970,Doge spelled backwards is Egod,31765.0,17379.0,352499.0,4292.0,,2021-03-06 04:40:30+00:00,False,587.0,,False,False,False,,,,Doge spelled backwards is Egod,original,,0.0901137308190945,0.0493022675241631,4,5,False,True,positive,0.3,['doge'],"[""DOGE""]",meme_joke,False,none,,DOGE,0.04963,0.0511,0.0511,0.0511,0.0521,0.06268,13707677.34,0.0,1.9569471624266161,22.661448140900195
1366857632372256770,"@WootiezTV Very much so &amp; its leader shall be The Doge 
https://t.co/VXmuW5c0y9",1340.0,609.0,13781.0,163.0,,2021-03-02 21:07:09+00:00,True,40.0,WootiezTV,False,False,False,,,,"@WootiezTV Very much so &amp; its leader shall be The Doge 
https://t.co/VXmuW5c0y9",reply,,0.0972353239968072,0.0441912778463101,21,1,False,True,positive,0.8,['doge'],"[""DOGE""]",endorsement,True,buy,,DOGE,0.05041,0.05064,0.05064,0.05064,0.04999,0.05593,9185621.77,0.0,-1.2835703001579737,10.446287519747242
1366808202701012995,Scammers &amp; crypto should get a room,13533.0,7865.0,169501.0,2221.0,,2021-03-02 17:50:44+00:00,False,322.0,,False,False,False,,,,Scammers &amp; crypto should get a room,original,,0.0798402369307555,0.046400906189344,17,1,True,True,negative,-0.6,['crypto'],[],criticism,False,none,,DOGE,0.05041,0.05064,0.05064,0.05064,0.04999,0.05593,9185621.77,0.0,-1.2835703001579737,10.446287519747242
1366668744748007425,@draecomino 2022: Dogecoin is dumb,2237.0,902.0,14069.0,423.0,,2021-03-02 08:36:34+00:00,True,100.0,draecomino,False,False,False,,,,@draecomino 2022: Dogecoin is dumb,reply,,0.1590020612694576,0.0641125879593432,8,1,False,True,negative,-0.7,['dogecoin'],"[""DOGE""]",criticism,False,none,,DOGE,0.05064,0.05041,0.05041,0.05041,0.05064,0.05805,11186186.2,0.0,0.45625867883355303,15.155723070819269
1366477626429169666,Doge meme shield (legendary item) https://t.co/CeomU9q84c,22404.0,8010.0,245839.0,1823.0,,2021-03-01 19:57:08+00:00,False,477.0,,False,False,False,,,,Doge meme shield (legendary item) https://t.co/CeomU9q84c,original,,0.0911328145656303,0.0325822997978351,19,0,True,True,positive,0.6,['doge'],"[""DOGE""]",meme_joke,False,none,,DOGE,0.05064,0.05041,0.05041,0.05041,0.05064,0.05805,11186186.2,0.0,0.45625867883355303,15.155723070819269
1364826301027115008,Starship to the moon https://t.co/tVMJbBk3BU,21422.0,15986.0,339023.0,1808.0,,2021-02-25 06:35:22+00:00,False,433.0,,False,False,False,,,,Starship to the moon https://t.co/tVMJbBk3BU,original,,0.0631874533586216,0.0471531430020972,6,3,False,True,positive,0.7,['to the moon'],[],none,False,none,,DOGE,0.05685,0.04993,0.04993,0.04993,0.05057,0.04999,23652826.79,0.0,1.2817945123172336,0.12016823552973674
1363272961684201472,Cryptocurrency explained https://t.co/kUXaXx8a1R,19993.0,8806.0,133402.0,2102.0,,2021-02-20 23:42:57+00:00,False,6481.0,,False,False,False,,,,Cryptocurrency explained https://t.co/kUXaXx8a1R,original,,0.1498703167868547,0.0660110043327686,23,5,False,True,neutral,0.0,['cryptocurrency'],[],none,False,none,,DOGE,0.05422,0.05613,0.05613,0.05613,0.0536,0.04825,25996757.55,0.0,-4.5073935506859035,-14.038838410831994
1363230177002622976,Heard a rumor some crypto coin was pegging the dollar 🤣🤣,17249.0,14275.0,235559.0,2644.0,,2021-02-20 20:52:56+00:00,False,489.0,,False,False,False,,,,Heard a rumor some crypto coin was pegging the dollar 🤣🤣,original,,0.0732258160375956,0.0606005289545294,20,5,False,True,negative,-0.4,['crypto'],[],market_commentary,False,none,,DOGE,0.05422,0.05613,0.05613,0.05613,0.0536,0.04825,25996757.55,0.0,-4.5073935506859035,-14.038838410831994
1363067491673468932,"@PPathole @dogecoin Just some used Antminer L3+ rigs bought off eBay. Not really economic, but it was a fun family project.",616.0,536.0,7831.0,96.0,,2021-02-20 10:06:29+00:00,True,96.0,PPathole,False,False,False,,,,"@PPathole @dogecoin Just some used Antminer L3+ rigs bought off eBay. Not really economic, but it was a fun family project.",reply,,0.0786617290256672,0.0684459200612948,10,5,False,True,positive,0.4,['dogecoin'],"[""DOGE""]",market_commentary,False,none,,DOGE,0.0551,0.05422,0.05422,0.05422,0.05613,0.05014,35998251.28,0.0,3.5226853559572153,-7.524898561416453
1363046350900785156,@dogecoin I just set up some little Doge mining rigs with my kids. It was fun.,5627.0,2547.0,48294.0,761.0,,2021-02-20 08:42:28+00:00,True,156.0,dogecoin,False,False,False,,,,@dogecoin I just set up some little Doge mining rigs with my kids. It was fun.,reply,,0.1165155091729821,0.052739470741707,8,5,False,True,positive,0.7,"['dogecoin', 'doge']","[""DOGE""]",product_launch,False,none,,DOGE,0.0551,0.05422,0.05422,0.05422,0.05613,0.05014,35998251.28,0.0,3.5226853559572153,-7.524898561416453
1363021091086561285,"@PeterSchiff That said, BTC &amp; ETH do seem high lol",1618.0,1863.0,16616.0,1035.0,,2021-02-20 07:02:06+00:00,True,120.0,elonmusk,False,False,False,,,,"@PeterSchiff That said, BTC &amp; ETH do seem high lol",reply,,0.0973760231102551,0.1121208473760231,7,5,False,True,negative,-0.3,"['btc', 'eth']","[""BTC"", ""ETH""]",market_commentary,True,sell,,BTC,55933.47,55900.84,55900.84,55900.84,57469.95,46191.39,2974872569.57,0.0,2.8069524536661716,-17.369059212705924
1363007438455074825,"@PeterSchiff An email saying you have gold is not the same as having gold. You might as well have crypto.

Money is just data that allows us to avoid the inconvenience of barter.

That data, like all data, is subject to latency &amp; error. The system will evolve to that which minimizes both.",8588.0,2405.0,74276.0,1200.0,,2021-02-20 06:07:51+00:00,True,981.0,PeterSchiff,False,False,False,,,,"@PeterSchiff An email saying you have gold is not the same as having gold. You might as well have crypto.

Money is just data that allows us to avoid the inconvenience of barter.

That data, like all data, is subject to latency &amp; error. The system will evolve to that which minimizes both.",reply,,0.1156228122139049,0.0323792342075502,6,5,False,True,positive,0.3,['crypto'],"[""BTC""]",market_commentary,False,none,,BTC,55933.47,55900.84,55900.84,55900.84,57469.95,46191.39,2974872569.57,0.0,2.8069524536661716,-17.369059212705924
1362618106984693762,"@realfuckingnews @business Somehow, a hash text file using ancient crypto can be exchanged for real goods &amp; services!? Amazing.",878.0,794.0,7527.0,227.0,,2021-02-19 04:20:47+00:00,True,87.0,pBittySats,False,False,False,,,,"@realfuckingnews @business Somehow, a hash text file using ancient crypto can be exchanged for real goods &amp; services!? Amazing.",reply,,0.1166467384083964,0.1054869137770692,4,4,False,True,positive,0.7,['crypto'],"[""BTC""]",market_commentary,False,none,,BTC,51591.61,55933.47,55933.47,55933.47,55900.84,46324.5,3893034056.64,0.0,-0.05833716377690255,-17.179284603655024
1362600676174557186,"@business To be clear, I am *not* an investor, I am an engineer. I don’t even own any publicly traded stock besides Tesla. 

However, when fiat currency has negative real interest, only a fool wouldn’t look elsewhere. 

Bitcoin is almost as bs as fiat money. The key word is “almost”.",5184.0,1843.0,30736.0,1270.0,,2021-02-19 03:11:31+00:00,True,475.0,elonmusk,False,False,False,,,,"@business To be clear, I am *not* an investor, I am an engineer. I don’t even own any publicly traded stock besides Tesla. 

However, when fiat currency has negative real interest, only a fool wouldn’t look elsewhere. 

Bitcoin is almost as bs as fiat money. The key word is “almost”.",reply,,0.1686621551275377,0.0599622592399791,3,4,False,True,neutral,0.1,['bitcoin'],"[""BTC""]",market_commentary,False,none,,BTC,51591.61,55933.47,55933.47,55933.47,55900.84,46324.5,3893034056.64,0.0,-0.05833716377690255,-17.179284603655024
1362598034866118658,"@business Tesla’s action is not directly reflective of my opinion. Having some Bitcoin, which is simply a less dumb form of liquidity than cash, is adventurous enough for an S&amp;P500 company.",2822.0,834.0,23864.0,372.0,,2021-02-19 03:01:02+00:00,True,207.0,business,False,False,False,,,,"@business Tesla’s action is not directly reflective of my opinion. Having some Bitcoin, which is simply a less dumb form of liquidity than cash, is adventurous enough for an S&amp;P500 company.",reply,,0.118253436138116,0.0349480388870264,3,4,False,True,positive,0.3,['bitcoin'],"[""BTC""]",market_commentary,False,none,,BTC,51591.61,55933.47,55933.47,55933.47,55900.84,46324.5,3893034056.64,0.0,-0.05833716377690255,-17.179284603655024
1361096223428653056,@RationalEtienne An acceptable percentage. Doge is much more concentrated.,597.0,356.0,5185.0,44.0,,2021-02-14 23:33:22+00:00,True,19.0,RationalEtienne,False,False,False,,,,@RationalEtienne An acceptable percentage. Doge is much more concentrated.,reply,,0.1151398264223722,0.0686595949855352,23,6,False,True,neutral,0.0,['doge'],"[""DOGE""]",market_commentary,False,none,,DOGE,0.0627,0.05655,0.05655,0.05655,0.05352,0.0536,69368792.24,0.0,-5.358090185676401,-5.216622458001771
1361094185412100096,"If major Dogecoin holders sell most of their coins, it will get my full support. Too much concentration is the only real issue imo.",28667.0,24127.0,283794.0,5191.0,,2021-02-14 23:25:16+00:00,False,890.0,,False,False,False,,,,"If major Dogecoin holders sell most of their coins, it will get my full support. Too much concentration is the only real issue imo.",original,,0.1010134111362467,0.0850158918088472,23,6,False,True,positive,0.6,['dogecoin'],"[""DOGE""]",market_commentary,True,sell,,DOGE,0.0627,0.05655,0.05655,0.05655,0.05352,0.0536,69368792.24,0.0,-5.358090185676401,-5.216622458001771
1360007611781795840,@gtera27 Doge is underestimated,7417.0,1908.0,25372.0,1038.0,,2021-02-11 23:27:37+00:00,True,101.0,gtera27,False,False,False,,,,@gtera27 Doge is underestimated,reply,,0.2923301276998266,0.0752010089862841,23,3,False,True,positive,0.6,['doge'],"[""DOGE""]",endorsement,True,buy,,DOGE,0.06975,0.07006,0.07006,0.07006,0.06633,0.0551,62699452.0,0.0,-5.324007993148726,-21.353125892092486
1359519541219500033,"Bought some Dogecoin for lil X, so he can be a toddler hodler",49278.0,24433.0,473927.0,8367.0,,2021-02-10 15:08:11+00:00,False,849.0,,False,False,False,,,,"Bought some Dogecoin for lil X, so he can be a toddler hodler",original,,0.1039780388118845,0.0515543533075769,15,2,True,True,positive,0.7,['dogecoin'],"[""DOGE""]",endorsement,True,buy,,DOGE,0.0727,0.06975,0.06975,0.06975,0.07006,0.05897,54869541.16,0.0,0.44444444444443126,-15.455197132616494
1359400199521783809,@freewalletorg Any crypto wallet that won’t give you your private keys should be avoided at all costs,3927.0,1830.0,25549.0,954.0,,2021-02-10 07:13:58+00:00,True,202.0,elonmusk,False,False,False,,,,@freewalletorg Any crypto wallet that won’t give you your private keys should be avoided at all costs,reply,,0.1537046459744021,0.0716270695526243,7,2,False,True,negative,-0.7,['crypto'],[],criticism,False,none,,DOGE,0.07005,0.0727,0.0727,0.0727,0.06975,0.0495,111836979.28,0.0,-4.057771664374132,-31.911966987620353
1358648653573992450,"@itsALLrisky Doge appears to be inflationary, but is not meaningfully so (fixed # of coins per unit time), whereas BTC is arguably deflationary to a fault.

Transaction speed of Doge should ideally be a few orders of magnitude faster.",2902.0,1029.0,13279.0,529.0,,2021-02-08 05:27:36+00:00,True,173.0,itsALLrisky,False,False,False,,,,"@itsALLrisky Doge appears to be inflationary, but is not meaningfully so (fixed # of coins per unit time), whereas BTC is arguably deflationary to a fault.

Transaction speed of Doge should ideally be a few orders of magnitude faster.",reply,,0.2185405527524663,0.077490774907749,5,0,False,True,positive,0.3,"['btc', 'doge']","[""DOGE"", ""BTC""]",market_commentary,False,none,,DOGE,0.07812,0.07881,0.07881,0.07881,0.07005,0.05655,288286558.59,0.0,-11.115340692805486,-28.24514655500571
1358542364948668418,🎶 Who let the Doge out 🎶,94370.0,22791.0,677242.0,10703.0,,2021-02-07 22:25:14+00:00,False,705.0,,False,False,False,,,,🎶 Who let the Doge out 🎶,original,,0.1393445769754386,0.0336526677317709,22,6,False,True,positive,0.6,['doge'],"[""DOGE""]",meme_joke,False,none,,DOGE,0.07812,0.07881,0.07881,0.07881,0.07005,0.05655,288286558.59,0.0,-11.115340692805486,-28.24514655500571
1358539071824424961,Hodl the rainforests!!,19763.0,8250.0,234568.0,1784.0,,2021-02-07 22:12:09+00:00,False,212.0,,False,False,False,,,,Hodl the rainforests!!,original,,0.0842527539988404,0.0351710378227209,22,6,False,True,positive,0.3,['hodl'],[],none,False,none,,DOGE,0.07812,0.07881,0.07881,0.07881,0.07005,0.05655,288286558.59,0.0,-11.115340692805486,-28.24514655500571
1358300669178826752,@itsALLrisky It’s the most fun crypto!,3081.0,724.0,19628.0,249.0,,2021-02-07 06:24:50+00:00,True,20.0,itsALLrisky,False,False,False,,,,@itsALLrisky It’s the most fun crypto!,reply,,0.156969635214999,0.0368860811086203,6,6,False,True,positive,0.7,['crypto'],"[""DOGE""]",endorsement,True,buy,,DOGE,0.05767,0.07812,0.07812,0.07812,0.07881,0.0627,355244272.73,0.0,0.8832565284178316,-19.73886328725037
1357241340313141249,Dogecoin is the people’s crypto,86493.0,17072.0,478406.0,12487.0,,2021-02-04 08:15:26+00:00,False,1097.0,,False,False,False,,,,Dogecoin is the people’s crypto,original,,0.1807941371972759,0.0356851711726023,8,3,False,True,positive,0.8,"['dogecoin', 'crypto']","[""DOGE""]",endorsement,True,buy,,DOGE,0.03735,0.05309,0.05309,0.05309,0.04682,0.06975,256386286.76,0.0,-11.810133735166694,31.3806743266152
1357231313376456708,Doge,37048.0,7895.0,222690.0,6856.0,,2021-02-04 07:35:35+00:00,True,234.0,elonmusk,False,False,False,,,,Doge,reply,,0.1663657999910189,0.0354528717050608,7,3,False,True,positive,0.7,['doge'],"[""DOGE""]",endorsement,True,buy,,DOGE,0.03735,0.05309,0.05309,0.05309,0.04682,0.06975,256386286.76,0.0,-11.810133735166694,31.3806743266152
1242292724084113409,"@InSpaceXItrust @Kristennetten @thirdrowtesla Could maybe tap the condensation for water too. Seems odd that HVAC systems make pure, fresh water &amp; just dump it on the ground.",116.0,195.0,2347.0,26.0,,2020-03-24 03:30:40+00:00,True,12.0,InSpaceXItrust,False,False,False,,,,"@InSpaceXItrust @Kristennetten @thirdrowtesla Could maybe tap the condensation for water too. Seems odd that HVAC systems make pure, fresh water &amp; just dump it on the ground.",reply,,0.0494247976139752,0.0830847890924584,3,1,False,True,neutral,0.0,['dump'],[],none,False,none,,DOGE,0.001955,0.002074,0.002074,0.002074,0.001987,0.001838,19621.05,0.0,-4.19479267116682,-11.378977820636447
1242240254129491968,@ajtourville @Teslarati The heat pump and rear body castings are a step beyond,56.0,53.0,1350.0,10.0,,2020-03-24 00:02:10+00:00,True,2.0,ajtourville,False,False,False,,,,@ajtourville @Teslarati The heat pump and rear body castings are a step beyond,reply,,0.0414814814814814,0.0392592592592592,0,1,False,True,neutral,0.0,['pump'],[],none,False,none,,DOGE,0.001955,0.002074,0.002074,0.002074,0.001987,0.001838,19621.05,0.0,-4.19479267116682,-11.378977820636447
1242229469017862145,@Teslarati Model Y heat pump is some of the best engineering I’ve seen in a while. Team did next-level work.,349.0,277.0,5419.0,53.0,,2020-03-23 23:19:19+00:00,True,21.0,Teslarati,False,False,False,,,,@Teslarati Model Y heat pump is some of the best engineering I’ve seen in a while. Team did next-level work.,reply,,0.0644030263886325,0.0511164421479977,23,0,False,True,neutral,0.0,['pump'],[],none,False,none,,DOGE,0.001955,0.002074,0.002074,0.002074,0.001987,0.001838,19621.05,0.0,-4.19479267116682,-11.378977820636447
1241063646131712001,"@MG42bonesaw A single computer, pump &amp; pressure accumulator would be fine for many patients, but ideally individual valves per patient to personalize care &amp; avoid cross-flow risk",199.0,186.0,3568.0,44.0,,2020-03-20 18:06:45+00:00,True,17.0,MG42bonesaw,False,False,False,,,,"@MG42bonesaw A single computer, pump &amp; pressure accumulator would be fine for many patients, but ideally individual valves per patient to personalize care &amp; avoid cross-flow risk",reply,,0.0557735426008968,0.0521300448430493,18,4,True,True,neutral,0.0,['pump'],[],none,False,none,,DOGE,0.001909,0.001922,0.001922,0.001922,0.001913,0.001926,14181.96,0.0,-0.46826222684704005,0.20811654526534237
1223754759921897472,@nichegamer The crypto scam level on Twitter is reaching new levels. This is not cool.,352.0,194.0,2735.0,202.0,,2020-02-01 23:47:25+00:00,True,27.0,nichegamer,False,False,False,,,,@nichegamer The crypto scam level on Twitter is reaching new levels. This is not cool.,reply,,0.1287020109689214,0.0709323583180987,23,5,False,True,negative,-0.8,['crypto'],[],criticism,False,none,,DOGE,0.002428,0.002474,0.002474,0.002474,0.002475,0.003225,39116.42,0.0,0.040420371867426544,30.355699272433302
1383233200885882885,Everything to the moon!,53831.0,27770.0,482281.0,6225.0,,2021-04-17 01:37:48+00:00,False,471.0,,False,False,False,,,,Everything to the moon!,original,,0.111617501000454,0.0575805391462653,1,5,False,True,positive,0.7,['to the moon'],[],market_commentary,False,none,,DOGE,0.3659,0.2829,0.2829,0.2829,0.3229,0.2705,860357983.27,0.0,14.139271827500895,-4.383174266525263
1862363270931255356,This simple algorithm that I came up with to help me make fewer dumb mistakes in the future is incredibly powerful,10166.0,3848.0,93053.0,437.0,25006120.0,2024-11-29 05:09:39+00:00,False,15957.0,,False,True,False,Wonder if @DOGE will adopt this like @SpaceX has https://t.co/iEPxyhZs5A,teslaownersSV,1107855.0,"[Quoting @teslaownersSV]: Wonder if @DOGE will adopt this like @SpaceX has https://t.co/iEPxyhZs5A
[Musk]: This simple algorithm that I came up with to help me make fewer dumb mistakes in the future is incredibly powerful",quote,0.0042991075784647,0.1092495674508076,0.0413527774494105,5,4,False,True,positive,0.7,['doge'],"[""DOGE""]",endorsement,False,none,agrees,DOGE,0.4017,0.4264,0.4264,0.4264,0.4218,0.4354,394160558.29,0.0,-1.078799249530955,2.1106941838649176
1861800119047422242,Gonna happen 😂,35411.0,11510.0,298220.0,1617.0,44940537.0,2024-11-27 15:51:53+00:00,False,3748.0,,False,True,False,The IRS getting audited by the @DOGE https://t.co/KSjwvaFlEr,ajtourville,172043.0,"[Quoting @ajtourville]: The IRS getting audited by the @DOGE https://t.co/KSjwvaFlEr
[Musk]: Gonna happen 😂",quote,0.0077159291621281,0.1187411977734558,0.0385956676279256,15,2,True,True,positive,0.6,['doge'],"[""DOGE""]",meme_joke,False,none,agrees,DOGE,0.4014,0.4017,0.4017,0.4017,0.4264,0.4274,276615441.73,0.0,6.148867313915858,6.39780931043067
1861556661019910506,WE … ARE … @DOGE!!!!,1872.0,2199.0,17876.0,239.0,1970422.0,2024-11-26 23:44:28+00:00,True,294.0,elonmusk,False,False,False,,,,WE … ARE … @DOGE!!!!,reply,0.0112595169968666,0.1047214141866189,0.1230140971134482,23,1,False,True,positive,0.8,['doge'],"[""DOGE""]",endorsement,True,buy,,DOGE,0.387,0.4014,0.4014,0.4014,0.4017,0.4333,297514879.05,0.0,0.07473841554559603,7.947184853014459
1861494410816692647,@SenJoniErnst @DOGE Absolutely,44.0,51.0,604.0,3.0,41192.0,2024-11-26 19:37:07+00:00,True,13.0,SenJoniErnst,False,False,False,,,,@SenJoniErnst @DOGE Absolutely,reply,0.0170421441056515,0.0728476821192053,0.0844370860927152,19,1,True,True,positive,0.7,['doge'],"[""DOGE""]",endorsement,False,none,,DOGE,0.387,0.4014,0.4014,0.4014,0.4017,0.4333,297514879.05,0.0,0.07473841554559603,7.947184853014459
1861492962154467831,"To: all@.gov
From: @DOGE

What did you get done this week?

 https://t.co/ty12mTbE7O",13955.0,4682.0,83138.0,1111.0,32843830.0,2024-11-26 19:31:21+00:00,False,9467.0,,False,False,False,,,,"To: all@.gov
From: @DOGE

What did you get done this week?

 https://t.co/ty12mTbE7O",original,0.0031325822841002,0.1678534484832447,0.056316004715052,19,1,True,True,positive,0.4,['doge'],"[""DOGE""]",meme_joke,False,none,,DOGE,0.387,0.4014,0.4014,0.4014,0.4017,0.4333,297514879.05,0.0,0.07473841554559603,7.947184853014459
1861475058428096875,"The goal of @DOGE is to speedrun fixing the Federal Government.

Requires many anomalies in the matrix.",2949.0,2336.0,32275.0,195.0,6804013.0,2024-11-26 18:20:13+00:00,False,1047.0,,False,True,False,"Here’s the story of how I made a bet with @elonmusk to get an 𝕏 tattoo if he beat Pit T150 in Diablo 4 in less than 2:33, how he actually did it, and what happened next: https://t.co/5O034kdAAr",tvd33c,6729.0,"[Quoting @tvd33c]: Here’s the story of how I made a bet with @elonmusk to get an 𝕏 tattoo if he beat Pit T150 in Diablo 4 in less than 2:33, how he actually did it, and what happened next: https://t.co/5O034kdAAr
[Musk]: The goal of @DOGE is to speedrun fixing the Federal Government.

Requires many anomalies in the matrix.",quote,0.0055489311969274,0.0913710302091402,0.0723780015491866,18,1,True,True,positive,0.6,['doge'],"[""DOGE""]",endorsement,False,none,neutral,DOGE,0.387,0.4014,0.4014,0.4014,0.4017,0.4333,297514879.05,0.0,0.07473841554559603,7.947184853014459
1861426728566169675,@SenJoniErnst @DOGE Great,49.0,113.0,843.0,4.0,89932.0,2024-11-26 15:08:10+00:00,True,15.0,SenJoniErnst,False,False,False,,,,@SenJoniErnst @DOGE Great,reply,0.0112195881332562,0.0581257413997627,0.1340450771055753,15,1,True,True,positive,0.6,['doge'],"[""DOGE""]",endorsement,True,buy,,DOGE,0.387,0.4014,0.4014,0.4014,0.4017,0.4333,297514879.05,0.0,0.07473841554559603,7.947184853014459
1861247883959509228,"@MemetecaOficial When @DOGE comes to Washington, DC",187.0,212.0,1895.0,15.0,284250.0,2024-11-26 03:17:30+00:00,True,60.0,MemetecaOficial,False,False,False,,,,"@MemetecaOficial When @DOGE comes to Washington, DC",reply,0.0081231310466138,0.0986807387862796,0.1118733509234828,3,1,False,True,positive,0.6,['doge'],"[""DOGE""]",endorsement,False,none,,DOGE,0.3927,0.387,0.387,0.387,0.4014,0.4066,467375812.53,0.0,3.720930232558131,5.064599483204136
1861197873679147106,"A friend of mine had a meeting with senior officials at the SEC and they hadn’t been in the building for so long that they couldn’t figure out how to turn on the lights!!

So they were just sitting there in the dark with cell phone flashlights looking like demented burglars 🤣🤣",29144.0,5743.0,131776.0,936.0,15333956.0,2024-11-25 23:58:47+00:00,False,3079.0,,False,True,False,🚨 STEVE MOORE: “I go into these big federal buildings and it’s almost like they’re haunted. It’s spooky. There’s nobody there. Nobody wants to show up. It’s ridiculous. Elon Musk and Vivek want to fix this with DOGE” https://t.co/6Z03yrKntB,AutismCapital,800099.0,"[Quoting @AutismCapital]: 🚨 STEVE MOORE: “I go into these big federal buildings and it’s almost like they’re haunted. It’s spooky. There’s nobody there. Nobody wants to show up. It’s ridiculous. Elon Musk and Vivek want to fix this with DOGE” https://t.co/6Z03yrKntB
[Musk]: A friend of mine had a meeting with senior officials at the SEC and they hadn’t been in the building for so long that they couldn’t figure out how to turn on the lights!!

So they were just sitting there in the dark with cell phone flashlights looking like demented burglars 🤣🤣",quote,0.0109299257151905,0.2211631860126275,0.0435815322972316,23,0,False,True,positive,0.6,['doge'],"[""DOGE""]",endorsement,True,buy,amplifying,DOGE,0.3927,0.387,0.387,0.387,0.4014,0.4066,467375812.53,0.0,3.720930232558131,5.064599483204136
1861187655620534718,Great thread,6299.0,1735.0,39834.0,193.0,19489022.0,2024-11-25 23:18:10+00:00,False,2030.0,,False,True,False,"🧵We can eliminate more than $2 trillion of waste in Washington in 22 easy steps.
 
Here is how @elonmusk, @VivekGRamaswamy, and @DOGE can begin to trim the fat and #makeemsqueal. 👇",SenJoniErnst,243211.0,"[Quoting @SenJoniErnst]: 🧵We can eliminate more than $2 trillion of waste in Washington in 22 easy steps.
 
Here is how @elonmusk, @VivekGRamaswamy, and @DOGE can begin to trim the fat and #makeemsqueal. 👇
[Musk]: Great thread",quote,0.0024660549923952,0.1581312446653612,0.0435557563890144,23,0,False,True,positive,0.7,['doge'],"[""DOGE""]",endorsement,False,none,agrees,DOGE,0.3927,0.387,0.387,0.387,0.4014,0.4066,467375812.53,0.0,3.720930232558131,5.064599483204136
1861175456516735109,"Unfortunately, many of our elected officials do not appreciate this. 

They need to be fired next election cycle.",14336.0,3067.0,78009.0,302.0,13119986.0,2024-11-25 22:29:42+00:00,False,1333.0,,False,True,False,"To my friends at the Department of Government Efficiency - @DOGE 

Don’t forget about the Big One: The rapid, out-of-control increase in interest payments on the national debt. It’s on auto-pilot.

Political resistance will be extreme and overwhelming! Beware!
@elonmusk @VivekGRamaswamy @DonaldJTrumpJr",RonPaul,1296374.0,"[Quoting @RonPaul]: To my friends at the Department of Government Efficiency - @DOGE 

Don’t forget about the Big One: The rapid, out-of-control increase in interest payments on the national debt. It’s on auto-pilot.

Political resistance will be extreme and overwhelming! Beware!
@elonmusk @VivekGRamaswamy @DonaldJTrumpJr
[Musk]: Unfortunately, many of our elected officials do not appreciate this. 

They need to be fired next election cycle.",quote,0.0072952821748437,0.1837736671409709,0.0393159763617018,22,0,False,True,neutral,0.0,['doge'],"[""DOGE""]",regulatory,False,none,agrees,DOGE,0.3927,0.387,0.387,0.387,0.4014,0.4066,467375812.53,0.0,3.720930232558131,5.064599483204136
1861169523703062665,The most entertaining outcome is the most likely,10648.0,3311.0,91366.0,357.0,23669712.0,2024-11-25 22:06:07+00:00,False,1856.0,,False,True,False,The media covering DOGE live on TV is proof that we’re living in a meme simulation. 🤣 https://t.co/Br7cQ5mxbf,cb_doge,1284895.0,"[Quoting @cb_doge]: The media covering DOGE live on TV is proof that we’re living in a meme simulation. 🤣 https://t.co/Br7cQ5mxbf
[Musk]: The most entertaining outcome is the most likely",quote,0.0044648620988713,0.116542258608235,0.0362388634721887,22,0,False,True,positive,0.6,['doge'],"[""DOGE""]",meme_joke,False,none,amplifying,DOGE,0.3927,0.387,0.387,0.387,0.4014,0.4066,467375812.53,0.0,3.720930232558131,5.064599483204136
1861140417187811454,@Caitlyn_Jenner @DOGE Awesome,67.0,84.0,1227.0,6.0,51128.0,2024-11-25 20:10:28+00:00,True,13.0,Caitlyn_Jenner,False,False,False,,,,@Caitlyn_Jenner @DOGE Awesome,reply,0.0270693162259427,0.0546047269763651,0.0684596577017114,20,0,True,True,positive,0.7,['doge'],"[""DOGE""]",endorsement,True,buy,,DOGE,0.3927,0.387,0.387,0.387,0.4014,0.4066,467375812.53,0.0,3.720930232558131,5.064599483204136
1861097068863029617,The excellent work of Senator Ernst &amp; like-minded legislators has been very helpful,3651.0,1731.0,27658.0,97.0,10974324.0,2024-11-25 17:18:13+00:00,False,326.0,,False,True,False,"My fellow Iowans sent me to the Senate 10 years ago to make the porkers squeal.

It has been a lonely fight, but the tables are turning.

I am equipping @elonmusk, @VivekGRamaswamy, and @DOGE with a blueprint to eliminate trillions in waste and #makeemsqueal.",SenJoniErnst,243211.0,"[Quoting @SenJoniErnst]: My fellow Iowans sent me to the Senate 10 years ago to make the porkers squeal.

It has been a lonely fight, but the tables are turning.

I am equipping @elonmusk, @VivekGRamaswamy, and @DOGE with a blueprint to eliminate trillions in waste and #makeemsqueal.
[Musk]: The excellent work of Senator Ernst &amp; like-minded legislators has been very helpful",quote,0.003019502613555,0.1320052064502133,0.0625858702726155,17,0,True,True,positive,0.6,['doge'],"[""DOGE""]",regulatory,False,none,agrees,DOGE,0.3927,0.387,0.387,0.387,0.4014,0.4066,467375812.53,0.0,3.720930232558131,5.064599483204136
1861096199702618398,Cool!,3583.0,1518.0,28803.0,77.0,6741000.0,2024-11-25 17:14:46+00:00,False,434.0,,False,True,False,"When it comes to cutting waste, fraud, and abuse and opening the 5 primes to more competition, there are Democrats on HASC who will work with @elonmusk and @DOGE. https://t.co/OP4xXBH7tE",RepRoKhanna,127726.0,"[Quoting @RepRoKhanna]: When it comes to cutting waste, fraud, and abuse and opening the 5 primes to more competition, there are Democrats on HASC who will work with @elonmusk and @DOGE. https://t.co/OP4xXBH7tE
[Musk]: Cool!",quote,0.0050409434801958,0.1243967642259486,0.0527028434538068,17,0,True,True,positive,0.3,['doge'],"[""DOGE""]",endorsement,False,none,agrees,DOGE,0.3927,0.387,0.387,0.387,0.4014,0.4066,467375812.53,0.0,3.720930232558131,5.064599483204136
1861075831650697230,@DOGE is inevitable https://t.co/4AaEr0Sev6,9024.0,3919.0,71709.0,3310.0,5413125.0,2024-11-25 15:53:50+00:00,True,1683.0,DOGE,False,False,False,,,,@DOGE is inevitable https://t.co/4AaEr0Sev6,reply,0.0162497633067775,0.1258419445257917,0.0546514384526349,15,0,True,True,positive,0.8,['doge'],"[""DOGE""]",endorsement,True,buy,,DOGE,0.3927,0.387,0.387,0.387,0.4014,0.4066,467375812.53,0.0,3.720930232558131,5.064599483204136
1860937593967583405,I still can’t believe @DOGE is real 🤣🤣,18112.0,14013.0,293834.0,1789.0,70654145.0,2024-11-25 06:44:31+00:00,False,4115.0,,False,False,False,,,,I still can’t believe @DOGE is real 🤣🤣,original,0.0046387653548139,0.0616402458531007,0.0476901924215713,6,0,False,True,positive,0.6,['doge'],"[""DOGE""]",meme_joke,False,none,,DOGE,0.4307,0.3927,0.3927,0.3927,0.387,0.4247,599111584.42,0.0,-1.4514896867838,8.14871403106698
1860934910770545043,I rewatched Office Space tonight for the 5th time to prepare for @DOGE!,8393.0,6296.0,135882.0,555.0,24844988.0,2024-11-25 06:33:51+00:00,False,2052.0,,False,True,False,When Elon Musk hasn’t shitposted on 𝕏 for 10 minutes: https://t.co/81tzpP4sLU,cb_doge,1284881.0,"[Quoting @cb_doge]: When Elon Musk hasn’t shitposted on 𝕏 for 10 minutes: https://t.co/81tzpP4sLU
[Musk]: I rewatched Office Space tonight for the 5th time to prepare for @DOGE!",quote,0.006082756006966,0.0617668270999838,0.0463343194830809,6,0,False,True,positive,0.7,['doge'],"[""DOGE""]",endorsement,True,buy,amplifying,DOGE,0.4307,0.3927,0.3927,0.3927,0.387,0.4247,599111584.42,0.0,-1.4514896867838,8.14871403106698
1860739536948760608,Tip of the tip of the iceberg,8699.0,2838.0,46127.0,230.0,26586280.0,2024-11-24 17:37:31+00:00,False,755.0,,False,True,False,"How the Government Spends your Tax Dollars: 
-$28 million on licensing fees for a green “camouflage” pattern on Afghan National Army uniforms 
-$2.5 million on a Super Bowl Ad for the Census 
-$1.7 million for holograms of dead comedians -$500,000 to build an IHOP in Washington, DC

https://t.co/N06PKtrHhl",DOGE,4255567.0,"[Quoting @DOGE]: How the Government Spends your Tax Dollars: 
-$28 million on licensing fees for a green “camouflage” pattern on Afghan National Army uniforms 
-$2.5 million on a Super Bowl Ad for the Census 
-$1.7 million for holograms of dead comedians -$500,000 to build an IHOP in Washington, DC

https://t.co/N06PKtrHhl
[Musk]: Tip of the tip of the iceberg",quote,0.0021775893430746,0.1885880287033624,0.061525787499729,17,6,False,True,neutral,0.0,['doge'],"[""DOGE""]",none,False,none,amplifying,DOGE,0.4307,0.3927,0.3927,0.3927,0.387,0.4247,599111584.42,0.0,-1.4514896867838,8.14871403106698
1860712162949554645,Maher is expressing a sentiment shared by many on the extreme left,12262.0,6075.0,62044.0,598.0,9863879.0,2024-11-24 15:48:44+00:00,False,2947.0,,False,True,False,"“Truth is a distraction” — Katherine Maher, head of NPR

Previously: 
- Council on Foreign Relations
- UNICEF
- National Democratic Institute
- World Bank
- Wikipedia
- Atlantic Council
- State Department

@DOGE should fire this spook on day one

https://t.co/ojhtDb51ZW",Indian_Bronson,86580.0,"[Quoting @Indian_Bronson]: “Truth is a distraction” — Katherine Maher, head of NPR

Previously: 
- Council on Foreign Relations
- UNICEF
- National Democratic Institute
- World Bank
- Wikipedia
- Atlantic Council
- State Department

@DOGE should fire this spook on day one

https://t.co/ojhtDb51ZW
[Musk]: Maher is expressing a sentiment shared by many on the extreme left",quote,0.0082096505847243,0.1976339372058539,0.0979143833408548,15,6,False,True,negative,-0.6,['doge'],"[""DOGE""]",criticism,False,none,agrees,DOGE,0.4307,0.3927,0.3927,0.3927,0.387,0.4247,599111584.42,0.0,-1.4514896867838,8.14871403106698
1860711394045546521,@Caitlyn_Jenner @DOGE Crazy,42.0,73.0,705.0,3.0,35475.0,2024-11-24 15:45:41+00:00,True,19.0,Caitlyn_Jenner,False,False,False,,,,@Caitlyn_Jenner @DOGE Crazy,reply,0.023199436222692,0.0595744680851063,0.1035460992907801,15,6,False,True,positive,0.7,['doge'],"[""DOGE""]",endorsement,False,none,,DOGE,0.4307,0.3927,0.3927,0.3927,0.387,0.4247,599111584.42,0.0,-1.4514896867838,8.14871403106698
1860696219187835389,Your tax dollars should not fund lies,38016.0,15151.0,195419.0,1990.0,27707974.0,2024-11-24 14:45:23+00:00,False,5673.0,,False,True,False,"NPR's CEO Katherine Maher: ""Truth is a distraction from getting things done""

Our tax dollars fund this, @DOGE https://t.co/N60gECG3zO",EndWokeness,3589069.0,"[Quoting @EndWokeness]: NPR's CEO Katherine Maher: ""Truth is a distraction from getting things done""

Our tax dollars fund this, @DOGE https://t.co/N60gECG3zO
[Musk]: Your tax dollars should not fund lies",quote,0.0090434616403205,0.1945358434952589,0.0775308439813938,14,6,False,True,neutral,0.0,['doge'],"[""DOGE""]",regulatory,False,none,agrees,DOGE,0.4307,0.3927,0.3927,0.3927,0.387,0.4247,599111584.42,0.0,-1.4514896867838,8.14871403106698
1860454223684472908,"In retrospect, it was inevitable 😂",6512.0,2285.0,81184.0,274.0,24962713.0,2024-11-23 22:43:47+00:00,False,1182.0,,False,True,False,"2013: DOGE is a joke.

2024: DOGE is part of the government.",cb_doge,1284904.0,"[Quoting @cb_doge]: 2013: DOGE is a joke.

2024: DOGE is part of the government.
[Musk]: In retrospect, it was inevitable 😂",quote,0.0036155925840272,0.0802128498226251,0.0281459400867165,22,5,False,True,positive,0.7,['doge'],"[""DOGE""]",meme_joke,False,none,agrees,DOGE,0.4306,0.4307,0.4307,0.4307,0.3927,0.4406,636945476.62,0.0,-8.822846528906439,2.2985837009519305
1860452719334424596,"Your tax dollars are paying to air-condition &amp; heat thousands of empty government buildings 🤯

Outrageous!!",38565.0,9363.0,185921.0,1229.0,20030983.0,2024-11-23 22:37:48+00:00,False,2724.0,,False,True,False,"Most federal workers don’t physically show up, yet the cost of maintaining &amp; providing energy for govt office buildings is $15BN/year (not counting billions more spent on office furnishings). The government owns 7,967 vacant buildings. This is nuts. Sounds like a job for DOGE.",VivekGRamaswamy,3661315.0,"[Quoting @VivekGRamaswamy]: Most federal workers don’t physically show up, yet the cost of maintaining &amp; providing energy for govt office buildings is $15BN/year (not counting billions more spent on office furnishings). The government owns 7,967 vacant buildings. This is nuts. Sounds like a job for DOGE.
[Musk]: Your tax dollars are paying to air-condition &amp; heat thousands of empty government buildings 🤯

Outrageous!!",quote,0.0117357196099662,0.2074268103119066,0.0503600991819105,22,5,False,True,positive,0.6,['doge'],"[""DOGE""]",endorsement,False,none,amplifying,DOGE,0.4306,0.4307,0.4307,0.4307,0.3927,0.4406,636945476.62,0.0,-8.822846528906439,2.2985837009519305
1860212805439488130,America is currently headed for bankruptcy super fast,27353.0,14236.0,123357.0,1954.0,23355642.0,2024-11-23 06:44:28+00:00,False,5119.0,,False,True,False,"In FY2023, the U.S. Government spent $6.16. trillion while only bringing in $4.47 trillion.

The last budget surplus was in 2001.

This trend must be reversed, and we must balance the budget. https://t.co/mzLaMTZQxA",DOGE,4255614.0,"[Quoting @DOGE]: In FY2023, the U.S. Government spent $6.16. trillion while only bringing in $4.47 trillion.

The last budget surplus was in 2001.

This trend must be reversed, and we must balance the budget. https://t.co/mzLaMTZQxA
[Musk]: America is currently headed for bankruptcy super fast",quote,0.0071460249305071,0.2217385312548132,0.1154048817659314,6,5,False,True,negative,-0.7,['doge'],"[""DOGE""]",market_commentary,False,none,agrees,DOGE,0.4132,0.4306,0.4306,0.4306,0.4307,0.4218,1184073546.04,0.0,0.023223409196480378,-2.0436600092893578
1860191974634205399,@joerogan Deal 🔥🚀🤣,1698.0,1021.0,46999.0,128.0,898477.0,2024-11-23 05:21:42+00:00,True,405.0,joerogan,False,False,False,,,,@joerogan Deal 🔥🚀🤣,reply,0.0554783261007237,0.0361284282644311,0.0217238664652439,5,5,False,True,positive,0.8,['🚀'],[],none,False,none,,DOGE,0.4132,0.4306,0.4306,0.4306,0.4307,0.4218,1184073546.04,0.0,0.023223409196480378,-2.0436600092893578
1860005811998847032,"Over 10,000% … @DOGE is sorely needed!",21759.0,4488.0,107949.0,531.0,24308558.0,2024-11-22 17:01:57+00:00,False,2363.0,,False,True,False,"🚨ANOTHER REASON WHY DOGE IS IMPORTANT: LOOK HOW BOEING IS RIPPING OFF THE PENTAGON

A Pentagon audit found Boeing overcharged the Air Force millions for spare parts, including a 10,319% markup on a single screw and nearly 8,000% for soap dispensers.

The investigation, spurred by an anonymous tip, estimates $4.2 million in overcharges between 2018 and 2022. Critics warn such practices threaten U.S. military readiness.

This is why the need for @elonmusk and @VivekGRamaswamy 's @DOGE  is more important than ever.

Boeing denies wrongdoing but faces mounting scandals over pricing, safety issues, and labor disputes.

Source: Daily Mail",MarioNawfal,2054070.0,"[Quoting @MarioNawfal]: 🚨ANOTHER REASON WHY DOGE IS IMPORTANT: LOOK HOW BOEING IS RIPPING OFF THE PENTAGON

A Pentagon audit found Boeing overcharged the Air Force millions for spare parts, including a 10,319% markup on a single screw and nearly 8,000% for soap dispensers.

The investigation, spurred by an anonymous tip, estimates $4.2 million in overcharges between 2018 and 2022. Critics warn such practices threaten U.S. military readiness.

This is why the need for @elonmusk and @VivekGRamaswamy 's @DOGE  is more important than ever.

Boeing denies wrongdoing but faces mounting scandals over pricing, safety issues, and labor disputes.

Source: Daily Mail
[Musk]: Over 10,000% … @DOGE is sorely needed!",quote,0.005542369070185,0.2015674068310035,0.041575188283356,17,4,True,True,positive,0.7,['doge'],"[""DOGE""]",endorsement,True,buy,agrees,DOGE,0.4132,0.4306,0.4306,0.4306,0.4307,0.4218,1184073546.04,0.0,0.023223409196480378,-2.0436600092893578
1859996677316510131,@VivekGRamaswamy @DOGE will improve the efficiency of Defense spending,391.0,383.0,4634.0,35.0,148098.0,2024-11-22 16:25:39+00:00,True,56.0,VivekGRamaswamy,False,False,False,,,,@VivekGRamaswamy @DOGE will improve the efficiency of Defense spending,reply,0.036752690785831,0.0843763487268019,0.0826499784203711,16,4,True,True,positive,0.6,['doge'],"[""DOGE""]",endorsement,False,none,,DOGE,0.4132,0.4306,0.4306,0.4306,0.4307,0.4218,1184073546.04,0.0,0.023223409196480378,-2.0436600092893578
1859834078075420789,@DogecoinNorway @DOGE will reprogram the base code of the matrix,408.0,332.0,2256.0,78.0,265532.0,2024-11-22 05:39:32+00:00,True,144.0,DogecoinNorway,False,False,False,,,,@DogecoinNorway @DOGE will reprogram the base code of the matrix,reply,0.0115767591100131,0.1808510638297872,0.1471631205673758,5,4,False,True,positive,0.7,['doge'],"[""DOGE""]",product_launch,False,none,,DOGE,0.387,0.4132,0.4132,0.4132,0.4306,0.4264,711953818.2,0.0,4.211035818005801,3.1945788964181965
1859755902599036980,Exactly,1802.0,832.0,14892.0,26.0,14686571.0,2024-11-22 00:28:54+00:00,False,380.0,,False,True,False,"Another TLDR coming your way. Having spent a decade as the founder and CEO of a defense aerospace company, I saw firsthand many of the inefficiencies in the system. That’s why I am genuinely excited about what @DOGE could accomplish.

As things inevitably change, it is healthy for any large enterprise to reorganize for maximum efficiency, productivity and agility. The United States really should be no different.

I believe there is plenty we can 'delete', consolidate and streamline while maintaining the core mission of our government agencies. For example, the intelligence community has 18 agencies reporting to several cabinet-level departments (Treasury, DOJ, DHS, DOE, DoD). While every function they perform is important to national security, would they be more effective if consolidated into fewer organizations? Streamlining could make it easier to disseminate information, improve collaboration and facilitate faster decision-making, which is critical in today’s threat environment.

Similarly, should the FDA and USDA remain separate entities when both oversee aspects of food and drug certification? Could a unified structure eliminate redundancies and better serve public health?

When it comes to homeland security, would agencies like TSA and CBP function more effectively under a single organizational structure? These questions aren’t about eliminating responsibilities but about ensuring taxpayers get the best outcomes with less bureaucratic overhead.

The DoD is another prime example where efficiency gains could be unlocked. While there are redundancies and overlaps that could be fixed, the real value lies in reforming acquisitions and contracting. Too many programs today take shockingly long and cost far too much. Contractors are incentivized to drag out cost+ programs due to limited competition and little pressure to challenge the status quo. This can be fixed.

Take the Gerald Ford-class aircraft carriers as an example. The first carrier was awarded in 2008, construction began in 2009, it was commissioned in 2017 and it didn’t deploy until 2022—at a cost of $18 billion (including R&D). The next carrier in the class, the JFK, will take at least 10 years from construction to commissioning and cost $12.5 billion. These timelines are staggering. During World War II, the USA built over 155 carriers in a handful of years. Or, for another perspective, these projects run longer than the time from Alan Shepard’s first suborbital flight to Neil Armstrong’s walk on the moon.

Contractors must be held to strict performance standards, with consequences for delays and overruns. If need be, we can break up the big primes, introduce more competition and the system will only improve. This is why we have antitrust laws. The best talent will change polo shirts and shift to more agile and effective companies-- excited to make a difference.

It should also be straightforward across all agencies to identify billions in expenses no rational person would defend. Who is actually working? Who has scanned in to a building, logged onto the VPN or accessed email? For every expense, there should be a clear justification and someone accountable for the obligation.

Ultimately, the goal is to ensure that taxpayers, warfighters, civil servants and the nation get the best products, services and capabilities—delivered faster and for less cost. It is not just about saving money-- it is about ensuring our competitiveness and meeting the challenges of the future 🇺🇸",rookisaacman,307365.0,"[Quoting @rookisaacman]: Another TLDR coming your way. Having spent a decade as the founder and CEO of a defense aerospace company, I saw firsthand many of the inefficiencies in the system. That’s why I am genuinely excited about what @DOGE could accomplish.

As things inevitably change, it is healthy for any large enterprise to reorganize for maximum efficiency, productivity and agility. The United States really should be no different.

I believe there is plenty we can 'delete', consolidate and streamline while maintaining the core mission of our government agencies. For example, the intelligence community has 18 agencies reporting to several cabinet-level departments (Treasury, DOJ, DHS, DOE, DoD). While every function they perform is important to national security, would they be more effective if consolidated into fewer organizations? Streamlining could make it easier to disseminate information, improve collaboration and facilitate faster decision-making, which is critical in today’s threat environment.

Similarly, should the FDA and USDA remain separate entities when both oversee aspects of food and drug certification? Could a unified structure eliminate redundancies and better serve public health?

When it comes to homeland security, would agencies like TSA and CBP function more effectively under a single organizational structure? These questions aren’t about eliminating responsibilities but about ensuring taxpayers get the best outcomes with less bureaucratic overhead.

The DoD is another prime example where efficiency gains could be unlocked. While there are redundancies and overlaps that could be fixed, the real value lies in reforming acquisitions and contracting. Too many programs today take shockingly long and cost far too much. Contractors are incentivized to drag out cost+ programs due to limited competition and little pressure to challenge the status quo. This can be fixed.

Take the Gerald Ford-class aircraft carriers as an example. The first carrier was awarded in 2008, construction began in 2009, it was commissioned in 2017 and it didn’t deploy until 2022—at a cost of $18 billion (including R&D). The next carrier in the class, the JFK, will take at least 10 years from construction to commissioning and cost $12.5 billion. These timelines are staggering. During World War II, the USA built over 155 carriers in a handful of years. Or, for another perspective, these projects run longer than the time from Alan Shepard’s first suborbital flight to Neil Armstrong’s walk on the moon.

Contractors must be held to strict performance standards, with consequences for delays and overruns. If need be, we can break up the big primes, introduce more competition and the system will only improve. This is why we have antitrust laws. The best talent will change polo shirts and shift to more agile and effective companies-- excited to make a difference.

It should also be straightforward across all agencies to identify billions in expenses no rational person would defend. Who is actually working? Who has scanned in to a building, logged onto the VPN or accessed email? For every expense, there should be a clear justification and someone accountable for the obligation.

Ultimately, the goal is to ensure that taxpayers, warfighters, civil servants and the nation get the best products, services and capabilities—delivered faster and for less cost. It is not just about saving money-- it is about ensuring our competitiveness and meeting the challenges of the future 🇺🇸
[Musk]: Exactly",quote,0.0011951053789206,0.1210045662100456,0.0558689229116304,0,4,False,True,positive,0.8,['doge'],"[""DOGE""]",endorsement,False,none,agrees,DOGE,0.387,0.4132,0.4132,0.4132,0.4306,0.4264,711953818.2,0.0,4.211035818005801,3.1945788964181965
1859603541653860815,"There are well over 400 Federal agencies. 

I was once in a meeting with a new agency that was being formed, but it didn’t have a name yet. 

The reason it didn’t have a name was that all the good acronyms were taken!",13570.0,6428.0,94940.0,521.0,26151111.0,2024-11-21 14:23:28+00:00,False,1327.0,,False,True,False,"Elon Musk's DOGE wants to 'delete' entire government agencies, per BI.

Which agency should be deleted?",unusual_whales,2093813.0,"[Quoting @unusual_whales]: Elon Musk's DOGE wants to 'delete' entire government agencies, per BI.

Which agency should be deleted?
[Musk]: There are well over 400 Federal agencies. 

I was once in a meeting with a new agency that was being formed, but it didn’t have a name yet. 

The reason it didn’t have a name was that all the good acronyms were taken!",quote,0.0044150705490103,0.1429323783442174,0.067705919528123,14,3,False,True,neutral,0.0,['doge'],"[""DOGE""]",regulatory,False,none,neutral,DOGE,0.387,0.4132,0.4132,0.4132,0.4306,0.4264,711953818.2,0.0,4.211035818005801,3.1945788964181965
1859469143092699434,Your tax dollars [not] at work,25890.0,5135.0,97498.0,668.0,11474109.0,2024-11-21 05:29:25+00:00,False,1942.0,,False,True,False,"Federal government agencies are using, on average, just 12% of the space in their DC headquarters.  The Department of Agriculture, with space for more than 7,400 people, averaged 456 workers each day (6% occupancy).

Why are American taxpayer dollars being spent to maintain empty buildings?",DOGE,4255602.0,"[Quoting @DOGE]: Federal government agencies are using, on average, just 12% of the space in their DC headquarters.  The Department of Agriculture, with space for more than 7,400 people, averaged 456 workers each day (6% occupancy).

Why are American taxpayer dollars being spent to maintain empty buildings?
[Musk]: Your tax dollars [not] at work",quote,0.0112593492008834,0.2655439085929967,0.0526677470307083,5,3,False,True,neutral,0.0,['doge'],"[""DOGE""]",none,False,none,agrees,DOGE,0.378,0.387,0.387,0.387,0.4132,0.4017,398512320.16,0.0,6.770025839793281,3.7984496124030986
1859410061161849125,@jawwwn_ @JTLonsdale @DOGE @8vc @AmOptimistShow Exactly,38.0,43.0,601.0,5.0,44924.0,2024-11-21 01:34:39+00:00,True,18.0,jawwwn_,False,False,False,,,,@jawwwn_ @JTLonsdale @DOGE @8vc @AmOptimistShow Exactly,reply,0.0152924939898495,0.0632279534109817,0.0715474209650582,1,3,False,True,positive,0.3,['doge'],"[""DOGE""]",endorsement,False,none,,DOGE,0.378,0.387,0.387,0.387,0.4132,0.4017,398512320.16,0.0,6.770025839793281,3.7984496124030986
1859399872400458232,@EvaVlaar @VivekGRamaswamy @DOGE He was right!,104.0,113.0,1957.0,3.0,71554.0,2024-11-21 00:54:10+00:00,True,32.0,EvaVlaar,False,False,False,,,,@EvaVlaar @VivekGRamaswamy @DOGE He was right!,reply,0.0304245744472705,0.0531425651507409,0.0577414409810935,0,3,False,True,positive,0.6,['doge'],"[""DOGE""]",endorsement,True,buy,,DOGE,0.378,0.387,0.387,0.387,0.4132,0.4017,398512320.16,0.0,6.770025839793281,3.7984496124030986
1859350187074072930,"Tbh, I wouldn’t cut that funding 🤣🤣",12312.0,7518.0,141399.0,701.0,27173674.0,2024-11-20 21:36:44+00:00,False,2653.0,,False,True,False,"Before DOGE Cuts Funding, NIH Working Feverishly To Complete Study On The Effects Of Giving Meth To Jetpack-Wearing Hamsters https://t.co/TnANainwkE https://t.co/pOafAyKVHn",TheBabylonBee,4765328.0,"[Quoting @TheBabylonBee]: Before DOGE Cuts Funding, NIH Working Feverishly To Complete Study On The Effects Of Giving Meth To Jetpack-Wearing Hamsters https://t.co/TnANainwkE https://t.co/pOafAyKVHn
[Musk]: Tbh, I wouldn’t cut that funding 🤣🤣",quote,0.0059590764208034,0.0870727515753293,0.0531686928478985,21,2,False,True,positive,0.4,['doge'],"[""DOGE""]",meme_joke,False,none,agrees,DOGE,0.378,0.387,0.387,0.387,0.4132,0.4017,398512320.16,0.0,6.770025839793281,3.7984496124030986
1859081392010801185,The sheer magnitude &amp; audacity of government fraud is mind-blowing!,17419.0,3539.0,92363.0,343.0,34133213.0,2024-11-20 03:48:38+00:00,False,1510.0,,False,True,False,"The Treasury Department maintains a “Do Not Pay (DNP) list” that agencies are supposed to check before sending out $$$. DNP screens for deaths, delinquent federal debts, & excluded contractors.  But it doesn’t really work that way: for example, the Small Business Administration granted over 100,000 forgivable loans to individuals who were on the DNP list, resulting in $5.3 billion of payments to recipients who may have been ineligible for federal support.

The SBA’s Inspector General recognized this & recommended the agency stop this, but the agency’s current leadership rejected the proposal. This kind of flagrant waste needs to end. Time for @DOGE.",VivekGRamaswamy,3661317.0,"[Quoting @VivekGRamaswamy]: The Treasury Department maintains a “Do Not Pay (DNP) list” that agencies are supposed to check before sending out $$$. DNP screens for deaths, delinquent federal debts, & excluded contractors.  But it doesn’t really work that way: for example, the Small Business Administration granted over 100,000 forgivable loans to individuals who were on the DNP list, resulting in $5.3 billion of payments to recipients who may have been ineligible for federal support.

The SBA’s Inspector General recognized this & recommended the agency stop this, but the agency’s current leadership rejected the proposal. This kind of flagrant waste needs to end. Time for @DOGE.
[Musk]: The sheer magnitude &amp; audacity of government fraud is mind-blowing!",quote,0.0033300117395921,0.1885928347931531,0.0383162088715178,3,2,False,True,negative,-0.7,['doge'],"[""DOGE""]",regulatory,False,none,amplifying,DOGE,0.3912,0.378,0.378,0.378,0.387,0.4014,400762683.29,0.0,2.3809523809523827,6.1904761904761845
1859057441616601128,@VivekGRamaswamy @DOGE True,208.0,186.0,3849.0,4.0,189498.0,2024-11-20 02:13:28+00:00,True,66.0,VivekGRamaswamy,False,False,False,,,,@VivekGRamaswamy @DOGE True,reply,0.0224118460353143,0.0540400103923096,0.0483242400623538,2,2,False,True,positive,0.6,['doge'],"[""DOGE""]",endorsement,True,buy,,DOGE,0.3912,0.378,0.378,0.378,0.387,0.4014,400762683.29,0.0,2.3809523809523827,6.1904761904761845
1859055428782657915,To the Moon and beyond!,9310.0,4104.0,89938.0,358.0,13152892.0,2024-11-20 02:05:28+00:00,False,1069.0,,False,True,False,"Congrats to @SpaceX on Starship's sixth test flight. Exciting to see the Raptor engine restart in space—major progress towards orbital flight.

Starship’s success is #Artemis’ success. Together, we will return humanity to the Moon &amp; set our sights on Mars. https://t.co/tuwpGOvT9S",SenBillNelson,396262.0,"[Quoting @SenBillNelson]: Congrats to @SpaceX on Starship's sixth test flight. Exciting to see the Raptor engine restart in space—major progress towards orbital flight.

Starship’s success is #Artemis’ success. Together, we will return humanity to the Moon &amp; set our sights on Mars. https://t.co/tuwpGOvT9S
[Musk]: To the Moon and beyond!",quote,0.0078849579240823,0.1035157552980942,0.0456314349885476,2,2,False,True,positive,0.7,['to the moon'],[],none,False,none,agrees,DOGE,0.3912,0.378,0.378,0.378,0.387,0.4014,400762683.29,0.0,2.3809523809523827,6.1904761904761845
1858939734271422921,"Raptor 3 is truly sublime engineering. 

So much so that even experienced veterans of the space industry thought it was impossible.",6914.0,3368.0,71133.0,314.0,13138708.0,2024-11-19 18:25:44+00:00,False,3516.0,,False,True,False,"Engineering is the art of efficiently applying physics.

SpaceX Raptor v3 rocket engine is the epitome of the engineering mantra “The best part is no part” — Can't wait to see this marvel of aerospace engineering in action on Starship and Super Heavy Booster  🚀 https://t.co/8WzOLxYXaG",ajtourville,172044.0,"[Quoting @ajtourville]: Engineering is the art of efficiently applying physics.

SpaceX Raptor v3 rocket engine is the epitome of the engineering mantra “The best part is no part” — Can't wait to see this marvel of aerospace engineering in action on Starship and Super Heavy Booster  🚀 https://t.co/8WzOLxYXaG
[Musk]: Raptor 3 is truly sublime engineering. 

So much so that even experienced veterans of the space industry thought it was impossible.",quote,0.0062204746463655,0.097198206177161,0.0473479257166153,18,1,True,True,positive,0.8,['🚀'],[],none,False,none,agrees,DOGE,0.3912,0.378,0.378,0.378,0.387,0.4014,400762683.29,0.0,2.3809523809523827,6.1904761904761845
1858863837480460564,Drop the @DOGE hammer 🔨,22855.0,6620.0,111223.0,733.0,12994245.0,2024-11-19 13:24:09+00:00,False,1638.0,,False,True,False,"""The U.S. government may lose between $233 billion and $521 billion to fraud each year""

The United States is getting scammed out of hundreds of billions of dollars.

We should probably work on addressing this.",TheRabbitHole84,1008611.0,"[Quoting @TheRabbitHole84]: ""The U.S. government may lose between $233 billion and $521 billion to fraud each year""

The United States is getting scammed out of hundreds of billions of dollars.

We should probably work on addressing this.
[Musk]: Drop the @DOGE hammer 🔨",quote,0.0108841260111687,0.2054880735099754,0.0595200632962606,13,1,False,True,positive,0.7,['doge'],"[""DOGE""]",endorsement,True,buy,agrees,DOGE,0.3912,0.378,0.378,0.378,0.387,0.4014,400762683.29,0.0,2.3809523809523827,6.1904761904761845
1858743725213577337,@SethDillon The next two years will be 🔥⚡️🔨🚀🇺🇸,134.0,113.0,1694.0,16.0,37577.0,2024-11-19 05:26:52+00:00,True,39.0,SethDillon,False,False,False,,,,@SethDillon The next two years will be 🔥⚡️🔨🚀🇺🇸,reply,0.0520797296218431,0.0791027154663518,0.0667060212514758,5,1,False,True,positive,0.7,['🚀'],[],none,False,none,,DOGE,0.3715,0.3912,0.3912,0.3912,0.378,0.387,684714985.97,0.0,-3.3742331288343532,-1.0736196319018358
1858665956362375384,"Much appreciated, Senator @ChrisCoons!",11692.0,2263.0,79936.0,244.0,12721045.0,2024-11-19 00:17:50+00:00,False,1020.0,,False,True,False,"Democrat Senator Chris Coons on @DOGE:

“They could save tens or even hundreds of billions of dollars depending on how it is structured and what they do, this could be a constructive undertaking that ought to be embraced.” https://t.co/2fqRPimK40",america,991863.0,"[Quoting @america]: Democrat Senator Chris Coons on @DOGE:

“They could save tens or even hundreds of billions of dollars depending on how it is structured and what they do, this could be a constructive undertaking that ought to be embraced.” https://t.co/2fqRPimK40
[Musk]: Much appreciated, Senator @ChrisCoons!",quote,0.0073999423789476,0.1462670136108887,0.0283101481184947,0,1,False,True,positive,0.6,['doge'],"[""DOGE""]",endorsement,False,none,agrees,DOGE,0.3715,0.3912,0.3912,0.3912,0.378,0.387,684714985.97,0.0,-3.3742331288343532,-1.0736196319018358
1858640672833638856,@Dan_in_HI @JohnStossel @VivekGRamaswamy @DOGE Anomalies in the matrix will be generated,112.0,122.0,1194.0,15.0,445377.0,2024-11-18 22:37:22+00:00,True,64.0,Dan_in_HI,False,False,False,,,,@Dan_in_HI @JohnStossel @VivekGRamaswamy @DOGE Anomalies in the matrix will be generated,reply,0.003239951771196,0.0938023450586264,0.1021775544388609,22,0,False,True,positive,0.6,['doge'],"[""DOGE""]",meme_joke,False,none,,DOGE,0.3715,0.3912,0.3912,0.3912,0.378,0.387,684714985.97,0.0,-3.3742331288343532,-1.0736196319018358
1858531402813186161,@_FaridKhan @DOGE Cool!,59.0,131.0,1436.0,30.0,193927.0,2024-11-18 15:23:10+00:00,True,33.0,_FaridKhan,False,False,False,,,,@_FaridKhan @DOGE Cool!,reply,0.0085392957143667,0.0410863509749303,0.091225626740947,15,0,True,True,positive,0.6,['doge'],"[""DOGE""]",endorsement,True,buy,,DOGE,0.3715,0.3912,0.3912,0.3912,0.378,0.387,684714985.97,0.0,-3.3742331288343532,-1.0736196319018358
1858529795966972331,Because @DOGE will expose the insane waste and graft of government,22189.0,4880.0,146686.0,581.0,33114914.0,2024-11-18 15:16:47+00:00,False,1448.0,,False,True,False,"Why are Democrats so opposed to @ElonMusk’s Department of Government Efficiency? 

Do they want your tax dollars to be misused even more?",Jim_Jordan,6101416.0,"[Quoting @Jim_Jordan]: Why are Democrats so opposed to @ElonMusk’s Department of Government Efficiency? 

Do they want your tax dollars to be misused even more?
[Musk]: Because @DOGE will expose the insane waste and graft of government",quote,0.0052645765590694,0.151268696399111,0.0332683419003858,15,0,True,True,positive,0.6,['doge'],"[""DOGE""]",regulatory,False,none,agrees,DOGE,0.3715,0.3912,0.3912,0.3912,0.378,0.387,684714985.97,0.0,-3.3742331288343532,-1.0736196319018358
1858318050971238400,Humanity is the steward of life as we know it,4976.0,2084.0,36890.0,197.0,7388996.0,2024-11-18 01:15:23+00:00,False,920.0,,False,True,False,"Elon Musk: Humanity is life's steward.

“We want an exciting, inspiring future. One where we are a space-faring civilization and a multiplanet species, I think, is a much more exciting and inspiring future than one where we are forever confined to Earth and never go back to the moon.

And the moon was our high watermark, and that's all we ever did. That's depressing.

Also, from a long-term basis, if we're a multiplanet species, it's like life insurance for life itself. Not just for humans, but for all the creatures on Earth.

Because we bring them with us, and they can't build spaceships, so we're in effect the steward of life. And we can make Mars like another planet with life on it.”

Interview with @TheBabylonBee, 2021",ElonClipsX,146638.0,"[Quoting @ElonClipsX]: Elon Musk: Humanity is life's steward.

“We want an exciting, inspiring future. One where we are a space-faring civilization and a multiplanet species, I think, is a much more exciting and inspiring future than one where we are forever confined to Earth and never go back to the moon.

And the moon was our high watermark, and that's all we ever did. That's depressing.

Also, from a long-term basis, if we're a multiplanet species, it's like life insurance for life itself. Not just for humans, but for all the creatures on Earth.

Because we bring them with us, and they can't build spaceships, so we're in effect the steward of life. And we can make Mars like another planet with life on it.”

Interview with @TheBabylonBee, 2021
[Musk]: Humanity is the steward of life as we know it",quote,0.0059746953442659,0.1348875033884521,0.0564922743290864,1,0,False,True,positive,0.7,['to the moon'],[],none,False,none,amplifying,DOGE,0.3671,0.3715,0.3715,0.3715,0.3912,0.3927,489747878.76,0.0,5.302826379542394,5.706594885598922
1857919131464478752,"Wow, this needs to be greatly simplified @DOGE!",14782.0,6483.0,86768.0,640.0,15724305.0,2024-11-16 22:50:14+00:00,False,1876.0,,False,True,False,"As of 2015: The United States Tax Code and Regulations are over 10 million words in length.

In 1955 there were under 1.5 million words.",TheRabbitHole84,1008598.0,"[Quoting @TheRabbitHole84]: As of 2015: The United States Tax Code and Regulations are over 10 million words in length.

In 1955 there were under 1.5 million words.
[Musk]: Wow, this needs to be greatly simplified @DOGE!",quote,0.0069111480602799,0.1703623455651853,0.0747164853402175,22,5,False,True,positive,0.4,['doge'],"[""DOGE""]",endorsement,True,buy,agrees,DOGE,0.3643,0.3671,0.3671,0.3671,0.3715,0.4307,345897081.84,0.0,1.198583492236452,17.324979569599577
1857871820809978159,Sounds like a job for @DOGE!,30332.0,7554.0,246490.0,1169.0,45968895.0,2024-11-16 19:42:14+00:00,False,2920.0,,False,True,False,"The Pentagon just failed its seventh audit in a row.

The nation’s largest government agency is unable to fully account for its budget of over $824 billion.

They don’t even know where billions of taxpayers’ money is going.

Efficiency is coming — @DOGE",america,991886.0,"[Quoting @america]: The Pentagon just failed its seventh audit in a row.

The nation’s largest government agency is unable to fully account for its budget of over $824 billion.

They don’t even know where billions of taxpayers’ money is going.

Efficiency is coming — @DOGE
[Musk]: Sounds like a job for @DOGE!",quote,0.0062117003247522,0.1230557020568785,0.0306462736825023,19,5,False,True,positive,0.7,['doge'],"[""DOGE""]",endorsement,True,buy,agrees,DOGE,0.3643,0.3671,0.3671,0.3671,0.3715,0.4307,345897081.84,0.0,1.198583492236452,17.324979569599577
1857667225852826080,Starting to feel like The @DOGE has real potential,27523.0,16559.0,353180.0,2419.0,79152839.0,2024-11-16 06:09:15+00:00,False,5190.0,,False,False,False,,,,Starting to feel like The @DOGE has real potential,original,0.0050494840747278,0.0779291013081148,0.0468854408516903,6,5,False,True,positive,0.7,['doge'],"[""DOGE""]",endorsement,True,buy,,DOGE,0.3816,0.3643,0.3643,0.3643,0.3671,0.4306,373551282.44,0.0,0.7685973099094069,18.19928630249793
1857195366082326587,@AutismCapital @RandPaul @DOGE I am kinda curious as to what the results were 😂,163.0,378.0,3528.0,20.0,104827.0,2024-11-14 22:54:14+00:00,True,61.0,AutismCapital,False,False,False,,,,@AutismCapital @RandPaul @DOGE I am kinda curious as to what the results were 😂,reply,0.0390071260266915,0.0462018140589569,0.1071428571428571,22,3,False,True,neutral,0.0,['doge'],"[""DOGE""]",none,False,none,,DOGE,0.3626,0.3816,0.3816,0.3816,0.3643,0.4132,620660020.85,0.0,-4.533542976939199,8.280922431865832
1857112441529700671,"Indeed, this will be tedious work, make lots of enemies &amp; compensation is zero. 

What a great deal! 😂",14639.0,9974.0,115975.0,728.0,27236489.0,2024-11-14 17:24:44+00:00,False,1836.0,,False,True,False,I get the unbridled enthusiasm of wanting to be part of something of profound historical significance like the @DOGE but I think people don't quite realize that the task at hand will require a monumental amount of tedious super-high quality work.,ajtourville,172038.0,"[Quoting @ajtourville]: I get the unbridled enthusiasm of wanting to be part of something of profound historical significance like the @DOGE but I think people don't quite realize that the task at hand will require a monumental amount of tedious super-high quality work.
[Musk]: Indeed, this will be tedious work, make lots of enemies &amp; compensation is zero. 

What a great deal! 😂",quote,0.0051884807913384,0.1262254796292304,0.0860012933821944,17,3,True,True,positive,0.7,['doge'],"[""DOGE""]",endorsement,False,none,agrees,DOGE,0.3626,0.3816,0.3816,0.3816,0.3643,0.4132,620660020.85,0.0,-4.533542976939199,8.280922431865832
1857050774288670736,Looks like a lot of opportunity for @DOGE!,14403.0,3612.0,84929.0,470.0,13347405.0,2024-11-14 13:19:41+00:00,False,1419.0,,False,True,False,"NYPOST: Here’s where Elon Musk can start cutting federal spending — from transgender monkeys to DEI and checks to dead people
https://t.co/L5chzpPbay https://t.co/oNHt08lmFU",america,991886.0,"[Quoting @america]: NYPOST: Here’s where Elon Musk can start cutting federal spending — from transgender monkeys to DEI and checks to dead people
https://t.co/L5chzpPbay https://t.co/oNHt08lmFU
[Musk]: Looks like a lot of opportunity for @DOGE!",quote,0.0077478730884392,0.1695887152798219,0.0425296424071871,13,3,False,True,positive,0.6,['doge'],"[""DOGE""]",endorsement,True,buy,agrees,DOGE,0.3626,0.3816,0.3816,0.3816,0.3643,0.4132,620660020.85,0.0,-4.533542976939199,8.280922431865832
1857045875417108949,Even a brief stint in government by people with high competence and integrity would greatly help America,14946.0,4337.0,114340.0,533.0,25561859.0,2024-11-14 13:00:13+00:00,False,1380.0,,False,True,False,"If we succeed in achieving our objectives at DOGE, I expect that a higher % of the nation’s smartest &amp; most ambitious graduates will end up working in the government, for finite periods of time, instead of just flocking to Silicon Valley &amp; Wall Street. This will be a good thing.",VivekGRamaswamy,3661316.0,"[Quoting @VivekGRamaswamy]: If we succeed in achieving our objectives at DOGE, I expect that a higher % of the nation’s smartest &amp; most ambitious graduates will end up working in the government, for finite periods of time, instead of just flocking to Silicon Valley &amp; Wall Street. This will be a good thing.
[Musk]: Even a brief stint in government by people with high competence and integrity would greatly help America",quote,0.0052482880842117,0.1307154101801644,0.0379307329018716,13,3,False,True,neutral,0.0,['doge'],[],none,False,none,agrees,DOGE,0.3626,0.3816,0.3816,0.3816,0.3643,0.4132,620660020.85,0.0,-4.533542976939199,8.280922431865832
1857031277292990524,@tunguz 🎶 @DOGE is coming to town 🎶,196.0,216.0,1687.0,33.0,97678.0,2024-11-14 12:02:13+00:00,True,61.0,tunguz,False,False,False,,,,@tunguz 🎶 @DOGE is coming to town 🎶,reply,0.0218268187309322,0.1161825726141078,0.1280379371665678,12,3,False,True,positive,0.7,['doge'],"[""DOGE""]",endorsement,True,buy,,DOGE,0.3626,0.3626,0.3816,0.3816,0.3643,0.4132,620660020.85,0.0,-4.533542976939199,8.280922431865832
1856944134956671458,This is so awesome 😎 😂,7757.0,3587.0,68366.0,370.0,12647647.0,2024-11-14 06:15:56+00:00,False,1800.0,,False,True,False,"I’m cracking up so badly listening to serious WSJ journalists pronounce “DOGE” in their professional radio broadcasting voice in the context of a serious news bit and part of me cannot believe that it all started from a meme 

A govt agency was memed into existence

Much wow https://t.co/fTteUotQiy",MsMelChen,290219.0,"[Quoting @MsMelChen]: I’m cracking up so badly listening to serious WSJ journalists pronounce “DOGE” in their professional radio broadcasting voice in the context of a serious news bit and part of me cannot believe that it all started from a meme 

A govt agency was memed into existence

Much wow https://t.co/fTteUotQiy
[Musk]: This is so awesome 😎 😂",quote,0.0063316125125883,0.1134628324020712,0.0524676008542257,6,3,False,True,positive,0.8,['doge'],"[""DOGE""]",meme_joke,False,none,agrees,DOGE,0.3997,0.3626,0.3626,0.3626,0.3816,0.387,884490409.98,0.0,5.239933811362388,6.729178157749597
1856941847127425074,@ShadowofEzra We will do weekly @DOGE updates via livestream,1175.0,538.0,8323.0,196.0,829736.0,2024-11-14 06:06:51+00:00,True,266.0,ShadowofEzra,False,False,False,,,,@ShadowofEzra We will do weekly @DOGE updates via livestream,reply,0.0123316331941726,0.1411750570707677,0.0646401537907004,6,3,False,True,positive,0.7,['doge'],"[""DOGE""]",partnership,False,none,,DOGE,0.3997,0.3626,0.3626,0.3626,0.3816,0.387,884490409.98,0.0,5.239933811362388,6.729178157749597
1856935591696289889,The sheer magnitude of government waste is staggering to behold!,25815.0,5638.0,110521.0,781.0,16444585.0,2024-11-14 05:41:59+00:00,False,2875.0,,False,True,False,"🚨🇺🇸ELON AND VIVEK'S FIRST TARGET: $6.75T OF GOVERNMENT WASTE

A deep dive into federal spending reveals some truly jaw-dropping examples of waste that Trump's new DOGE team will tackle:

THE NUMBERS ARE STAGGERING:

$1.3B sent to dead people

$171M in benefits to prisoners

$101B in improper Medicare payments

$70B more planned for ""COVID response"" through 2026

$7B annually for mostly empty federal buildings

Former retired officials like Fauci still getting $15M security details

The waste gets even more bizarre: $549K for Russian cat experiments, $3.7M to study gambling monkeys, and $20K for drag shows in Ecuador.

""If IRS employees can't figure out how to pay their taxes, how do the rest of us?"" says watchdog CEO John Hart, noting that even IRS workers owed $50M in unpaid taxes.

This is exactly why Elon and Vivek will post all DOGE actions online - to expose and eliminate what Hart calls ""spending that has been on autopilot where there's no real thought or purpose behind it.""

Source: New York Post",MarioNawfal,2054089.0,"[Quoting @MarioNawfal]: 🚨🇺🇸ELON AND VIVEK'S FIRST TARGET: $6.75T OF GOVERNMENT WASTE

A deep dive into federal spending reveals some truly jaw-dropping examples of waste that Trump's new DOGE team will tackle:

THE NUMBERS ARE STAGGERING:

$1.3B sent to dead people

$171M in benefits to prisoners

$101B in improper Medicare payments

$70B more planned for ""COVID response"" through 2026

$7B annually for mostly empty federal buildings

Former retired officials like Fauci still getting $15M security details

The waste gets even more bizarre: $549K for Russian cat experiments, $3.7M to study gambling monkeys, and $20K for drag shows in Ecuador.

""If IRS employees can't figure out how to pay their taxes, how do the rest of us?"" says watchdog CEO John Hart, noting that even IRS workers owed $50M in unpaid taxes.

This is exactly why Elon and Vivek will post all DOGE actions online - to expose and eliminate what Hart calls ""spending that has been on autopilot where there's no real thought or purpose behind it.""

Source: New York Post
[Musk]: The sheer magnitude of government waste is staggering to behold!",quote,0.0086809730984393,0.2335755195845133,0.0510129296694745,5,3,False,True,neutral,0.0,['doge'],"[""DOGE""]",none,False,none,amplifying,DOGE,0.3997,0.3626,0.3626,0.3626,0.3816,0.387,884490409.98,0.0,5.239933811362388,6.729178157749597
1856925863725412706,"@SenWarren Unlike you, neither of us are being paid, so it is very efficient indeed.

@DOGE will do great things for the American people. Let history be the judge.",8662.0,2828.0,101474.0,658.0,1577185.0,2024-11-14 05:03:20+00:00,True,1268.0,SenWarren,False,False,False,,,,"@SenWarren Unlike you, neither of us are being paid, so it is very efficient indeed.

@DOGE will do great things for the American people. Let history be the judge.",reply,0.0720410097737424,0.0853617675463665,0.0278692078759091,5,3,False,True,positive,0.7,['doge'],"[""DOGE""]",endorsement,True,buy,,DOGE,0.3997,0.3626,0.3626,0.3626,0.3816,0.387,884490409.98,0.0,5.239933811362388,6.729178157749597
1856786457698210131,It begins,27417.0,11119.0,269765.0,1168.0,63400051.0,2024-11-13 19:49:23+00:00,False,3421.0,,False,True,False,Working overtime to ensure your tax dollars will be spent wisely!,DOGE,4255757.0,"[Quoting @DOGE]: Working overtime to ensure your tax dollars will be spent wisely!
[Musk]: It begins",quote,0.0048812105845151,0.1016329027116193,0.0412173558467555,19,2,True,True,positive,0.4,['doge'],"[""DOGE""]",endorsement,True,buy,amplifying,DOGE,0.3997,0.3626,0.3626,0.3626,0.3816,0.387,884490409.98,0.0,5.239933811362388,6.729178157749597
1856735349952688323,"@BillyM2k I think the flat inflation of Dogecoin, which means decreasing percentage inflation, is a feature, not a bug",1185.0,655.0,6734.0,346.0,833938.0,2024-11-13 16:26:18+00:00,True,426.0,BillyM2k,False,False,False,,,,"@BillyM2k I think the flat inflation of Dogecoin, which means decreasing percentage inflation, is a feature, not a bug",reply,0.0106962388091201,0.1759726759726759,0.0972675972675972,16,2,True,True,positive,0.6,['dogecoin'],"[""DOGE""]",endorsement,False,none,,DOGE,0.3997,0.3626,0.3626,0.3626,0.3816,0.387,884490409.98,0.0,5.239933811362388,6.729178157749597
1856674203702796768,Sure will 🚀🚀🚀,4728.0,2601.0,57096.0,154.0,19473184.0,2024-11-13 12:23:20+00:00,False,481.0,,False,True,False,"Feels like a dream 😂

The future is gonna be AMAAAAZING!",stevenmarkryan,363995.0,"[Quoting @stevenmarkryan]: Feels like a dream 😂

The future is gonna be AMAAAAZING!
[Musk]: Sure will 🚀🚀🚀",quote,0.0033163041031194,0.0828079024800336,0.0455548549810844,12,2,False,True,positive,0.7,['🚀'],[],none,False,none,agrees,DOGE,0.3997,0.3997,0.3626,0.3626,0.3816,0.387,884490409.98,0.0,5.239933811362388,6.729178157749597
1856532692927410319,It morning in America again!,8648.0,2650.0,94921.0,250.0,23943918.0,2024-11-13 03:01:01+00:00,False,878.0,,False,True,False,"The President Elect of the US put out an official statement with the word DOGE in it.

You guys - wtf is happening.

Why am I so happy.",farzyness,310722.0,"[Quoting @farzyness]: The President Elect of the US put out an official statement with the word DOGE in it.

You guys - wtf is happening.

Why am I so happy.
[Musk]: It morning in America again!",quote,0.0044465989233675,0.0911073418948388,0.0279179528239272,3,2,False,True,positive,0.7,['doge'],"[""DOGE""]",endorsement,True,buy,amplifying,DOGE,0.3804,0.3997,0.3997,0.3997,0.3626,0.378,1642064656.81,0.0,-9.281961471103333,-5.429071803852889
1856531508082672040,It really is,10621.0,1936.0,57689.0,196.0,8579324.0,2024-11-13 02:56:18+00:00,False,1411.0,,False,True,False,"🚨🇺🇸 THE $35 TRILLION CRISIS: WHY ELON AND VIVEK'S ""DOGE"" IS AMERICA'S LAST CHANCE

Trump has given Elon and Vivek until July 4th, 2026 - America's 250th birthday - to radically transform how our government spends its $6.5 trillion annual budget. 

The timing isn't random - it's a calculated deadline as America faces unprecedented fiscal challenges:

BY THE NUMBERS:

- Debt doubled to $35.46T since 2015

- Interest rates jumped to 3.32%

- Interest payments now exceed $1T annually

- Debt-to-GDP ratio at critical 124%

The DOGE team will have just 18 months to:

- Audit $1.72T in Health & Human Services spending

- Review $1.52T in Social Security expenditures

- Streamline $1.32T in Treasury payments

- Identify waste across all federal agencies

Elon's real-time transparency approach, combined with Vivek's regulatory expertise, aims to deliver ""a smaller Government, with more efficiency and less bureaucracy"" as America's 250th birthday gift. 

With interest payments now exceeding our entire military budget ($826B), the deadline reflects the urgency of our fiscal crisis.

The July 4th, 2026 deadline isn't just patriotic symbolism - it's a race against time to prevent America's fiscal collapse.

Source: Fox, U.S. Treasury Dept. @VivekGRamaswamy",MarioNawfal,2054090.0,"[Quoting @MarioNawfal]: 🚨🇺🇸 THE $35 TRILLION CRISIS: WHY ELON AND VIVEK'S ""DOGE"" IS AMERICA'S LAST CHANCE

Trump has given Elon and Vivek until July 4th, 2026 - America's 250th birthday - to radically transform how our government spends its $6.5 trillion annual budget. 

The timing isn't random - it's a calculated deadline as America faces unprecedented fiscal challenges:

BY THE NUMBERS:

- Debt doubled to $35.46T since 2015

- Interest rates jumped to 3.32%

- Interest payments now exceed $1T annually

- Debt-to-GDP ratio at critical 124%

The DOGE team will have just 18 months to:

- Audit $1.72T in Health & Human Services spending

- Review $1.52T in Social Security expenditures

- Streamline $1.32T in Treasury payments

- Identify waste across all federal agencies

Elon's real-time transparency approach, combined with Vivek's regulatory expertise, aims to deliver ""a smaller Government, with more efficiency and less bureaucracy"" as America's 250th birthday gift. 

With interest payments now exceeding our entire military budget ($826B), the deadline reflects the urgency of our fiscal crisis.

The July 4th, 2026 deadline isn't just patriotic symbolism - it's a race against time to prevent America's fiscal collapse.

Source: Fox, U.S. Treasury Dept. @VivekGRamaswamy
[Musk]: It really is",quote,0.0082106702113126,0.1841078888522942,0.0335592573974241,2,2,False,True,positive,0.7,['doge'],"[""DOGE""]",endorsement,True,buy,agrees,DOGE,0.3804,0.3997,0.3997,0.3997,0.3626,0.378,1642064656.81,0.0,-9.281961471103333,-5.429071803852889
1856524761804738691,Your tax dollars at “work” 😂,8488.0,2668.0,49897.0,297.0,7750379.0,2024-11-13 02:29:30+00:00,False,1758.0,,False,True,False,"Here are some of the most insane statistics about the waste and inefficiency of the US government and why Elon and Vivek's new DOGE is such an incredible and crucial development for America:

• The CBO revealed at least 1,264 federal programs and bureaus have expired authorizations, but they still received $516B in funding for FY2024

• The Government Accountability Office estimates the federal government wastes $247B in taxpayer money each year

• The Department of the Treasury reported $24.5B in ""unreconciled transactions"" in the past meaning it spent ~$25B on unknown items

• Department of Agriculture employees misused government issued credit cards spending millions on personal purchases like concert tickets, tattoos, lingerie and car payments

• $33.2M was spent on transgender monkey research

• The NIH spent part of a $2.7M grant to study Russian cats walking on a treadmill

• The DoD ruined $170M of military equipment by leaving it outside

• The US Agency for International Development spent $6M to promote tourism in Egypt

• The SBA gave over $200M to music artists like Post Malone, Chris Brown and Lil Wayne through the Covid Paycheck Protection Program

• The US military bought soap dispensers for aircraft at over 80 times the commercial price

The importance of the Department of Government Efficiency cannot be overstated",DillonLoomis22,44467.0,"[Quoting @DillonLoomis22]: Here are some of the most insane statistics about the waste and inefficiency of the US government and why Elon and Vivek's new DOGE is such an incredible and crucial development for America:

• The CBO revealed at least 1,264 federal programs and bureaus have expired authorizations, but they still received $516B in funding for FY2024

• The Government Accountability Office estimates the federal government wastes $247B in taxpayer money each year

• The Department of the Treasury reported $24.5B in ""unreconciled transactions"" in the past meaning it spent ~$25B on unknown items

• Department of Agriculture employees misused government issued credit cards spending millions on personal purchases like concert tickets, tattoos, lingerie and car payments

• $33.2M was spent on transgender monkey research

• The NIH spent part of a $2.7M grant to study Russian cats walking on a treadmill

• The DoD ruined $170M of military equipment by leaving it outside

• The US Agency for International Development spent $6M to promote tourism in Egypt

• The SBA gave over $200M to music artists like Post Malone, Chris Brown and Lil Wayne through the Covid Paycheck Protection Program

• The US military bought soap dispensers for aircraft at over 80 times the commercial price

The importance of the Department of Government Efficiency cannot be overstated
[Musk]: Your tax dollars at “work” 😂",quote,0.0079157419269431,0.17011042748061,0.0534701485059222,2,2,False,True,positive,0.7,['doge'],"[""DOGE""]",endorsement,False,none,amplifying,DOGE,0.3804,0.3997,0.3997,0.3997,0.3626,0.378,1642064656.81,0.0,-9.281961471103333,-5.429071803852889
1855718110118219943,This would be cool 🇺🇸🚀❤️,10016.0,4627.0,101733.0,339.0,20690441.0,2024-11-10 21:04:09+00:00,False,1523.0,,False,True,False,Yes we’re having an America Fair. 🇺🇸🚀💪 https://t.co/FV6zlivDPw,KTmBoyle,74934.0,"[Quoting @KTmBoyle]: Yes we’re having an America Fair. 🇺🇸🚀💪 https://t.co/FV6zlivDPw
[Musk]: This would be cool 🇺🇸🚀❤️",quote,0.0056410107450102,0.0984537957201694,0.0454818003990838,21,6,False,True,positive,0.7,['🚀'],[],none,False,none,agrees,DOGE,0.2779,0.3519,0.3519,0.3519,0.3804,0.3715,1103586089.1,0.0,8.098891730605292,5.569764137539075
1854791822801092624,Let’s push https://t.co/bOUOek6al6 to #1 in Norway!,10289.0,5075.0,85803.0,551.0,14483482.0,2024-11-08 07:43:25+00:00,False,787.0,,False,True,False,"X is now number 2 on the news app ranking in Norway, having climbed up from number 4. 
Let's rally and boost it to number 1 by the end of the weekend! Come on, let's help do this, folks! 🔥🚀 https://t.co/QHJFtucPVM",DogecoinNorway,39628.0,"[Quoting @DogecoinNorway]: X is now number 2 on the news app ranking in Norway, having climbed up from number 4. 
Let's rally and boost it to number 1 by the end of the weekend! Come on, let's help do this, folks! 🔥🚀 https://t.co/QHJFtucPVM
[Musk]: Let’s push https://t.co/bOUOek6al6 to #1 in Norway!",quote,0.0070230349304124,0.1199142221134459,0.0591471160682027,7,4,False,True,positive,0.7,['🚀'],"[""DOGE""]",endorsement,True,buy,amplifying,DOGE,0.1934,0.2021,0.2021,0.2021,0.2191,0.3816,238251374.53,0.0,8.411677387431958,88.81741712023751
1854576605399536024,❤️🚀🇺🇸 Woohoo LFG!!! 🇺🇸🚀❤️,17102.0,4017.0,154564.0,457.0,34088999.0,2024-11-07 17:28:13+00:00,False,1980.0,,False,True,False,"The majority of the American people have objectively repudiated woke culture. It’s time for the vibe shift. Return to reality. And unironically, happiness.",AutismCapital,800112.0,"[Quoting @AutismCapital]: The majority of the American people have objectively repudiated woke culture. It’s time for the vibe shift. Return to reality. And unironically, happiness.
[Musk]: ❤️🚀🇺🇸 Woohoo LFG!!! 🇺🇸🚀❤️",quote,0.0051670628404195,0.1106467223933128,0.0259892342330685,17,3,True,True,positive,0.8,['🚀'],[],none,False,none,agrees,DOGE,0.1934,0.2021,0.2021,0.2021,0.2191,0.3816,238251374.53,0.0,8.411677387431958,88.81741712023751
1854300355955421560,Accurate assessment,13457.0,3478.0,118175.0,312.0,36401892.0,2024-11-06 23:10:30+00:00,False,5461.0,,False,True,False,"WHY TRUMP WON

While the legacy media has a meltdown searching for hitherto undiagnosed psychoses in the electorate to explain its embrace of a Hitlerian strongman, the truth is much simpler than their fictions. 

This election is a reminder that after all the manufactured drama and overheated rhetoric, politics is still about issues. Whether you agreed with him or not, Trump ran a substantive campaign based on issues like the border, inflation, crime, and war. 

Harris ran on vibes, celebrity endorsements, name-calling (“convicted felon”, “fascist”), debunked hoaxes (“very fine people”), and platitudes (“democracy”). She would neither defend the Biden-Harris record nor say what she would do differently. When she did talk about specific issues, they were often stolen from Trump (child tax credit; no tax on tips; border funding).

On the one issue where Democrats had an advantage, abortion, Trump deftly got ahead of the issue by rejecting a national ban and removing problematic language from the GOP platform. Harris wore out the issue by blatantly lying about Trump’s position and by exhibiting her own party’s extremism (nobody needed to see an abortion truck at the DNC).

While Trump expanded his coalition with MAHA (health) and DOGE (government efficiency), Harris concluded her ersatz campaign by going all in on demonizing her opponent, pretending Madison Square Garden was a Nazi convention. 

The fact that voters saw through it should be reassuring, even if you don’t agree with the result. Voters want to know how a candidate will give them a better life and, increasingly, they have learned to tune out the rest as noise. 

While the legacy media creates excuses and impugns the motives of voters to explain why Trump won, the reason is simple: Trump is the candidate who spoke to voters’ concerns directly.

It’s the issues, stupid.",DavidSacks,1290380.0,"[Quoting @DavidSacks]: WHY TRUMP WON

While the legacy media has a meltdown searching for hitherto undiagnosed psychoses in the electorate to explain its embrace of a Hitlerian strongman, the truth is much simpler than their fictions. 

This election is a reminder that after all the manufactured drama and overheated rhetoric, politics is still about issues. Whether you agreed with him or not, Trump ran a substantive campaign based on issues like the border, inflation, crime, and war. 

Harris ran on vibes, celebrity endorsements, name-calling (“convicted felon”, “fascist”), debunked hoaxes (“very fine people”), and platitudes (“democracy”). She would neither defend the Biden-Harris record nor say what she would do differently. When she did talk about specific issues, they were often stolen from Trump (child tax credit; no tax on tips; border funding).

On the one issue where Democrats had an advantage, abortion, Trump deftly got ahead of the issue by rejecting a national ban and removing problematic language from the GOP platform. Harris wore out the issue by blatantly lying about Trump’s position and by exhibiting her own party’s extremism (nobody needed to see an abortion truck at the DNC).

While Trump expanded his coalition with MAHA (health) and DOGE (government efficiency), Harris concluded her ersatz campaign by going all in on demonizing her opponent, pretending Madison Square Garden was a Nazi convention. 

The fact that voters saw through it should be reassuring, even if you don’t agree with the result. Voters want to know how a candidate will give them a better life and, increasingly, they have learned to tune out the rest as noise. 

While the legacy media creates excuses and impugns the motives of voters to explain why Trump won, the reason is simple: Trump is the candidate who spoke to voters’ concerns directly.

It’s the issues, stupid.
[Musk]: Accurate assessment",quote,0.0037201912472022,0.113873492701502,0.0294309287074254,23,2,False,True,neutral,0.0,['doge'],[],none,False,none,agrees,DOGE,0.1967,0.1934,0.1934,0.1934,0.2021,0.3626,234630268.6,0.0,4.49844881075492,87.4870734229576
1853678173705154871,Yeah,6839.0,1463.0,45327.0,99.0,7450675.0,2024-11-05 05:58:10+00:00,False,757.0,,False,True,False,"🚨ELON MUSK ON REDUCTION OF GOVERNMENT SPENDING:

""The idea of DOGE is pretty simple. We have a suffocating massive bureaucracy and government spending is bankrupting the country. Our interest payments on national debt now exceed our national defense budget. The defense budget is a trillion dollars a year. We're on a path to bankruptcy. We have to cut government spending or we're going to go bankrupt just like a person would.

I asked the AI how many government agencies there are and they don't even know. Somewhere around 450 at the Federal level. That's almost twice as many agencies as years that America has existed. This is insane. There's not even one person who can name every agency at the Federal level. 

Eventually it will get to the point where everything is illegal and nothing can get done.

We can curtail the agencies to be much smaller and stick to just what congress authorizes rather than bloat. Something is wrong if we can build a SpaceX rocket faster than they can approve paperwork. 

In the past what has served as a cleansing function for regulation is war. we haven't had war, we've had prosperity. We need a way to cleanse regulation without war.

You don't want zero referees in a game, but you don't want more referees than players.",AutismCapital,800113.0,"[Quoting @AutismCapital]: 🚨ELON MUSK ON REDUCTION OF GOVERNMENT SPENDING:

""The idea of DOGE is pretty simple. We have a suffocating massive bureaucracy and government spending is bankrupting the country. Our interest payments on national debt now exceed our national defense budget. The defense budget is a trillion dollars a year. We're on a path to bankruptcy. We have to cut government spending or we're going to go bankrupt just like a person would.

I asked the AI how many government agencies there are and they don't even know. Somewhere around 450 at the Federal level. That's almost twice as many agencies as years that America has existed. This is insane. There's not even one person who can name every agency at the Federal level. 

Eventually it will get to the point where everything is illegal and nothing can get done.

We can curtail the agencies to be much smaller and stick to just what congress authorizes rather than bloat. Something is wrong if we can build a SpaceX rocket faster than they can approve paperwork. 

In the past what has served as a cleansing function for regulation is war. we haven't had war, we've had prosperity. We need a way to cleanse regulation without war.

You don't want zero referees in a game, but you don't want more referees than players.
[Musk]: Yeah",quote,0.0072111587205186,0.1508813731330112,0.0322765680499481,5,1,False,True,neutral,0.0,['doge'],"[""DOGE""]",regulatory,False,none,agrees,DOGE,0.1582,0.17,0.17,0.17,0.1967,0.3804,247118934.03,0.0,15.705882352941176,123.76470588235293
1853259040098308317,"Funny that she has never said a word about Soros, who has cumulatively put a hundred times more money into elections than I have 🤔

If I can figure out 🚀science with SpaceX and 🧠 surgery with Neuralink, then maybe I can figure out politics too 🤷‍♂️",55759.0,15468.0,269933.0,2068.0,20474701.0,2024-11-04 02:12:41+00:00,False,6680.0,,False,True,False,"NEW: MSNBC’S Claire McCaskill pathetically attempts to insult @elonmusk: ""He thinks because he can do rockets and electric cars, that he can figure out how to get people to vote.""

IVapid legacy media talking heads can’t go 5 minutes without attacking Elon; and they’re all suddenly hyper-concerned about the “scary” amount of money in politics:

""I think it's really scary territory. You know, we have some billionaires in this country. And if you look at the top ten donors to Donald Trump, they've given over $1 billion to just the top five. Yeah. I mean, and that was not counting how much more Musk has spent. Musk is in Pennsylvania. He thinks because he can do rockets and electric cars, that he can figure out how to get people to vote.""

Democrats are massively outspending Republicans, thanks to many high-profile billionaire donors that NEVER receive an ounce of scrutiny — some of whom are also actively involved as campaign surrogates.

This is pathetic, even for the propaganda press.",WesternLensman,321901.0,"[Quoting @WesternLensman]: NEW: MSNBC’S Claire McCaskill pathetically attempts to insult @elonmusk: ""He thinks because he can do rockets and electric cars, that he can figure out how to get people to vote.""

IVapid legacy media talking heads can’t go 5 minutes without attacking Elon; and they’re all suddenly hyper-concerned about the “scary” amount of money in politics:

""I think it's really scary territory. You know, we have some billionaires in this country. And if you look at the top ten donors to Donald Trump, they've given over $1 billion to just the top five. Yeah. I mean, and that was not counting how much more Musk has spent. Musk is in Pennsylvania. He thinks because he can do rockets and electric cars, that he can figure out how to get people to vote.""

Democrats are massively outspending Republicans, thanks to many high-profile billionaire donors that NEVER receive an ounce of scrutiny — some of whom are also actively involved as campaign surrogates.

This is pathetic, even for the propaganda press.
[Musk]: Funny that she has never said a word about Soros, who has cumulatively put a hundred times more money into elections than I have 🤔

If I can figure out 🚀science with SpaceX and 🧠 surgery with Neuralink, then maybe I can figure out politics too 🤷‍♂️",quote,0.0167635170838392,0.2065660738034994,0.0573031085491584,2,0,False,True,neutral,0.0,['🚀'],[],none,False,none,agrees,DOGE,0.1513,0.1582,0.1582,0.1582,0.17,0.3519,145676164.3,0.0,7.458912768647284,122.43994943109986
1853104903532454204,Yeah,36892.0,10447.0,232746.0,1139.0,46888680.0,2024-11-03 16:00:12+00:00,False,2877.0,,False,True,False,"If Kamala wins, we’re likely to see several major consequences:

• Free speech being completely eroded

• The loss of any chance to get the D.O.G.E.

• An end to the crypto bull market

• A significant economic decline

• An increased risk of World War III

… And more https://t.co/i5EtDK7cVV",dogeofficialceo,400967.0,"[Quoting @dogeofficialceo]: If Kamala wins, we’re likely to see several major consequences:

• Free speech being completely eroded

• The loss of any chance to get the D.O.G.E.

• An end to the crypto bull market

• A significant economic decline

• An increased risk of World War III

… And more https://t.co/i5EtDK7cVV
[Musk]: Yeah",quote,0.0059976949660344,0.1585075575949747,0.0448858412174645,16,6,False,True,negative,-0.7,['crypto'],"[""DOGE""]",market_commentary,True,sell,agrees,DOGE,0.1513,0.1582,0.1582,0.1582,0.17,0.3519,145676164.3,0.0,7.458912768647284,122.43994943109986
941042298283966464,It is high time that humanity went beyond Earth. Should have a moon base by now and sent astronauts to Mars. The future needs to inspire. https://t.co/6HjDQnRSA5,14242.0,2484.0,98139.0,962.0,,2017-12-13 20:29:02+00:00,False,123.0,,False,True,False,Trump directs NASA to send astronauts to the moon and then Mars https://t.co/CWFg5GClqW https://t.co/qZeeH1PBX4,newscientist,4425260.0,"[Quoting @newscientist]: Trump directs NASA to send astronauts to the moon and then Mars https://t.co/CWFg5GClqW https://t.co/qZeeH1PBX4
[Musk]: It is high time that humanity went beyond Earth. Should have a moon base by now and sent astronauts to Mars. The future needs to inspire. https://t.co/6HjDQnRSA5",quote,,0.1451206961554529,0.0253110384250909,20,2,True,True,neutral,0.0,['to the moon'],[],none,False,none,agrees,DOGE,0.003387,0.003609,0.003609,0.003609,0.003658,0.0075,1124268.4,0.0,1.3577168190634525,107.81379883624274
935329447594541056,"@ThisIsSandeepG Not true. A friend sent me part of a BTC a few years, but I don’t know where it is.",425.0,245.0,3329.0,137.0,,2017-11-28 02:08:12+00:00,True,12.0,ThisIsSandeepG,False,False,False,,,,"@ThisIsSandeepG Not true. A friend sent me part of a BTC a few years, but I don’t know where it is.",reply,,0.1276659657554821,0.0735956743766897,2,1,False,True,neutral,0.0,['btc'],"[""BTC""]",none,False,none,,BTC,9733.2,9906.04,9906.04,9906.04,9837.86,11667.13,865328615.73,0.0,-0.6882669563216006,17.777941538697583
902077101334904834,"@bfslandinglegs @RichardFPenn @John_Gardi Actually, no, his architecture was different. Also, thinking of going to the moon and actually going to the moon are not the same thing.",27.0,10.0,594.0,4.0,,2017-08-28 07:55:15+00:00,True,0.0,ValiantVulcan,False,False,False,,,,"@bfslandinglegs @RichardFPenn @John_Gardi Actually, no, his architecture was different. Also, thinking of going to the moon and actually going to the moon are not the same thing.",reply,,0.0454545454545454,0.0168350168350168,7,0,False,True,neutral,0.0,['to the moon'],[],none,False,none,,DOGE,0.001755,0.001794,0.001794,0.001794,0.001891,0.001871,88082.87,0.0,5.406911928651064,4.292084726867337
901904930071609345,"@SmileSimplify @Vita_Berlin @c12olivas Exactly. Wouldn't let anyone invest more than a token amount in early rounds of SpaceX and Tesla, as the probability of failure was &gt;90%.",21.0,17.0,255.0,8.0,,2017-08-27 20:31:06+00:00,True,3.0,SmileSimplify,False,False,False,,,,"@SmileSimplify @Vita_Berlin @c12olivas Exactly. Wouldn't let anyone invest more than a token amount in early rounds of SpaceX and Tesla, as the probability of failure was &gt;90%.",reply,,0.0823529411764705,0.0666666666666666,20,6,False,True,neutral,0.0,['token'],[],none,False,none,,DOGE,0.001755,0.001794,0.001794,0.001794,0.001891,0.001871,88082.87,0.0,5.406911928651064,4.292084726867337
873629817895133184,"@RajveerJolly We are developing the interplanetary rocket and spaceship to allow anyone to travel to the moon, Mars &amp; beyond, regardless of nationality",965.0,148.0,5349.0,76.0,,2017-06-10 19:55:54+00:00,True,1.0,RajveerJolly,False,False,False,,,,"@RajveerJolly We are developing the interplanetary rocket and spaceship to allow anyone to travel to the moon, Mars &amp; beyond, regardless of nationality",reply,,0.18040755281361,0.0276687231258179,19,5,False,True,neutral,0.0,['to the moon'],[],none,False,none,,DOGE,0.003124,0.003449,0.003449,0.003449,0.003,0.003066,21855.94,0.0,-13.018266164105533,-11.10466801971585
836328719165763584,"Fly me to the moon ... Ok
https://t.co/6QT8m5SHwn",21946.0,1819.0,43077.0,3825.0,,2017-02-27 21:34:39+00:00,False,6.0,,False,False,False,,,,"Fly me to the moon ... Ok
https://t.co/6QT8m5SHwn",original,,0.5094598045360633,0.0422267103094458,21,0,False,True,positive,0.7,['to the moon'],"[""DOGE""]",meme_joke,False,none,,DOGE,0.0002039,0.0002022,0.0002022,0.0002022,0.0001994,0.000202,386.87,0.0,-1.3847675568743885,-0.09891196834817254
832986598627106818,"@zperrin99 Uses high pressure bleed off the fuel side (RP-1 kerosene) turbopump, so no dedicated pump or fluid needed",31.0,16.0,356.0,5.0,,2017-02-18 16:14:15+00:00,False,1.0,,False,False,False,,,,"@zperrin99 Uses high pressure bleed off the fuel side (RP-1 kerosene) turbopump, so no dedicated pump or fluid needed",original,,0.0870786516853932,0.0449438202247191,16,5,False,True,neutral,0.0,['pump'],[],none,False,none,,DOGE,0.0002012,0.0002014,0.0002014,0.0002014,0.000205,0.0002011,0.001001,0.0,1.787487586891761,-0.14895729890763665
1873795768261509391,"This poll understates the reality. Who even answers these polls!? 😂 

Only very old people get their news solely from legacy media, so their audience is quite literally dying.",3053.0,3379.0,24804.0,207.0,15711111.0,2024-12-30 18:18:19+00:00,False,415.0,,False,True,False,"@elonmusk % of U.S. adults who get news from social media…

2024
Never: 28% 📉
Often: 25% 📈

2022
Never: 29%
Often: 17%

(Pew Research Center)",stats_feed,3948470.0,"[Quoting @stats_feed]: @elonmusk % of U.S. adults who get news from social media…

2024
Never: 28% 📉
Often: 25% 📈

2022
Never: 29%
Often: 17%

(Pew Research Center)
[Musk]: This poll understates the reality. Who even answers these polls!? 😂 

Only very old people get their news solely from legacy media, so their audience is quite literally dying.",quote,0.0020013225035454,0.1230849862925334,0.1362280277374617,18,0,True,True,neutral,0.0,"['📉', '📈']",[],none,False,none,disagrees,DOGE,0.3134,0.3154,0.3154,0.3154,0.3244,0.348,111968664.98,0.0,2.853519340519977,10.33608116677234
1872852986445373750,Important,7561.0,5503.0,51977.0,392.0,50643997.0,2024-12-28 03:52:02+00:00,False,2583.0,,False,True,False,"Recruiting for a very small number of full-time salaried HR, IT, and Finance positions.  

If interested, please DM us your resume and a few bullet points about why you are interested in DOGE.",DOGE,4255109.0,"[Quoting @DOGE]: Recruiting for a very small number of full-time salaried HR, IT, and Finance positions.  

If interested, please DM us your resume and a few bullet points about why you are interested in DOGE.
[Musk]: Important",quote,0.0012920188744186,0.1454681878523193,0.1058737518517805,3,5,False,True,positive,0.3,['doge'],"[""DOGE""]",partnership,False,none,amplifying,DOGE,0.3114,0.3238,0.3238,0.3238,0.3137,0.3948,52056957.42,0.0,-3.1192093885114263,21.92711550339716
1872764007318479047,@edwards345 Steve was born to do @DOGE,84.0,76.0,1140.0,5.0,57374.0,2024-12-27 21:58:28+00:00,True,43.0,edwards345,False,False,False,,,,@edwards345 Steve was born to do @DOGE,reply,0.0227454944748492,0.0736842105263157,0.0666666666666666,21,4,False,True,positive,0.7,['doge'],"[""DOGE""]",endorsement,True,buy,,DOGE,0.3114,0.3238,0.3238,0.3238,0.3137,0.3948,52056957.42,0.0,-3.1192093885114263,21.92711550339716
1872383715583873249,We either fix this or go de facto bankrupt,15568.0,11280.0,93165.0,1062.0,28745540.0,2024-12-26 20:47:19+00:00,False,2040.0,,False,True,False,"The United States has a severe spending problem

Current national debt is now at $36 trillion and growing

But for the first time in decades, there is a potential solution on the horizon

Odds that @DOGE will cut at least $250B in gov't spending are up to 36% and 11% to cut $1T https://t.co/EDAltJZ32N",Kalshi,105885.0,"[Quoting @Kalshi]: The United States has a severe spending problem

Current national debt is now at $36 trillion and growing

But for the first time in decades, there is a potential solution on the horizon

Odds that @DOGE will cut at least $250B in gov't spending are up to 36% and 11% to cut $1T https://t.co/EDAltJZ32N
[Musk]: We either fix this or go de facto bankrupt",quote,0.0042119577506632,0.1671013792733322,0.1210755111898245,20,3,True,True,neutral,0.0,['doge'],"[""DOGE""]",market_commentary,False,none,agrees,DOGE,0.3124,0.3114,0.3114,0.3114,0.3238,0.3797,99072532.88,0.0,3.982016698779694,21.93320488118175
1872150674110386666,@graffitiongrave @cb_doge My jumping skills are 🔥🚀🤣,51.0,102.0,895.0,7.0,54654.0,2024-12-26 05:21:18+00:00,True,20.0,graffitiongrave,False,False,False,,,,@graffitiongrave @cb_doge My jumping skills are 🔥🚀🤣,reply,0.0193032531928129,0.0569832402234636,0.1139664804469273,5,3,False,True,positive,0.6,['🚀'],"[""DOGE""]",meme_joke,False,none,,DOGE,0.3341,0.3124,0.3124,0.3124,0.3114,0.3386,107090222.96,0.0,-0.32010243277848943,8.386683738796414
1871980130303918426,🎶 Who let the DOGE out? 🎶 https://t.co/1GR7Cih54R,34096.0,16673.0,468512.0,1694.0,84193434.0,2024-12-25 18:03:37+00:00,False,6324.0,,False,False,False,,,,🎶 Who let the DOGE out? 🎶 https://t.co/1GR7Cih54R,original,0.0061878340774174,0.0727750836691482,0.0355871354415682,18,2,True,True,positive,0.6,['doge'],"[""DOGE""]",meme_joke,False,none,,DOGE,0.3341,0.3124,0.3124,0.3124,0.3114,0.3386,107090222.96,0.0,-0.32010243277848943,8.386683738796414
1871506025301549315,The Starlink ion thruster is a marvel of engineering,8586.0,3341.0,71726.0,287.0,31315724.0,2024-12-24 10:39:41+00:00,False,3459.0,,False,True,False,"Something old and something new in electric propulsion 🚀
The lower box is one the earliest spacecraft ion thrusters (from EOS circa 1962), and on top is a new arrival, a modern marvel from the SpaceX Starlink satellites used for on orbit maneuvering. SpaceX has mastered Argon Hall Effect thrusters, something no one else has been able to do.  This affords a higher power density (4.2kW in 2.1kg) and much lower cost gas (about $10 per satellite) than prior designs using Krypton or Xenon.  This is one of the early 2023 flight units for@Starlink V2 Mini, and the only one outside the company.

These thrusters are for in-space use only, and while they have relatively low thrust, they can run continuously for long periods with a very high ISP, and they are compact and reliable.  They are commonly used for satellite station keeping and interplanetary missions, where this Argon thruster could reduce a 5-year transit time to months.

The backside of the SpaceX thruster shows how simple it is, with gas lines and wires for the cathode and electrode, insulated with Boron Nitride on the other side and permanent magnets for lensing of the streams.

Ben Longmier, lead designer of the SpaceX thruster, helped identify the old one I had in my collection.  It appears to be “a development unit or early flight unit for a Cesium thruster from EOS (Electro-Optical Systems). The black component underneath the thruster looks to be the propellant tank and you can see several heaters wrapped around and brazed in place. A porous plug would have been used as a ‘valve,’ which takes advantage of a metal wetting and vapor pressure trick to throttle the propellant flow vs. temperature of the porous sintered metal plug.”

The final EOS thruster design is in the Smithsonian. It was successfully tested twice in space on flights of Air Force Blue Scout missiles in 1964.

Back in 1912, Goddard postulated that high-velocity streams of electrons and positive ions could be “energized” by solar-electric power supplies to provide thrust for an interplanetary spacecraft.  He went further to suggest that the source of the ions could come from exposing alkaline atoms, such as mercury or cesium, to hot tungsten surfaces.  He was spot on!

And more history from Ben: “One of the original Peenemunde rocket scientists on Von Braun’s team was Ernst Stuhlinger, who moved his family to what would become Marshall Spaceflight Center in Alabama. Ernst was close to Von Braun and worked on a lot of the early projects. In the later years of the US space program, both Ernst and Von Braun had dreams of expanding beyond the moon and sending craft deeper into the solar system, specifically Mars. One of Ernst’s concepts involved solar powered craft that would use Cesium ion thrusters to achieve a very high payload fraction delivered from Earth C3 to Mars injection orbit. This was an early solar electric propulsion concept that would ultimately never fly due to the wind down of budgets.”

And now, with the modern revival of a Mars program, the SpaceX Marslink satellites take us from dream to dream.

I borrow this phrase form the closing of Andrew Chaiken’s A Man on the Moon: “Historians of the far future may look back on Apollo and the missions that are yet to come as one great Age of Space Exploration.  But in my mind’s eye it is a slow dissolve, from memory to anticipation, from what has been to what will be, from dream to dream.”",FutureJurvetson,95414.0,"[Quoting @FutureJurvetson]: Something old and something new in electric propulsion 🚀
The lower box is one the earliest spacecraft ion thrusters (from EOS circa 1962), and on top is a new arrival, a modern marvel from the SpaceX Starlink satellites used for on orbit maneuvering. SpaceX has mastered Argon Hall Effect thrusters, something no one else has been able to do.  This affords a higher power density (4.2kW in 2.1kg) and much lower cost gas (about $10 per satellite) than prior designs using Krypton or Xenon.  This is one of the early 2023 flight units for@Starlink V2 Mini, and the only one outside the company.

These thrusters are for in-space use only, and while they have relatively low thrust, they can run continuously for long periods with a very high ISP, and they are compact and reliable.  They are commonly used for satellite station keeping and interplanetary missions, where this Argon thruster could reduce a 5-year transit time to months.

The backside of the SpaceX thruster shows how simple it is, with gas lines and wires for the cathode and electrode, insulated with Boron Nitride on the other side and permanent magnets for lensing of the streams.

Ben Longmier, lead designer of the SpaceX thruster, helped identify the old one I had in my collection.  It appears to be “a development unit or early flight unit for a Cesium thruster from EOS (Electro-Optical Systems). The black component underneath the thruster looks to be the propellant tank and you can see several heaters wrapped around and brazed in place. A porous plug would have been used as a ‘valve,’ which takes advantage of a metal wetting and vapor pressure trick to throttle the propellant flow vs. temperature of the porous sintered metal plug.”

The final EOS thruster design is in the Smithsonian. It was successfully tested twice in space on flights of Air Force Blue Scout missiles in 1964.

Back in 1912, Goddard postulated that high-velocity streams of electrons and positive ions could be “energized” by solar-electric power supplies to provide thrust for an interplanetary spacecraft.  He went further to suggest that the source of the ions could come from exposing alkaline atoms, such as mercury or cesium, to hot tungsten surfaces.  He was spot on!

And more history from Ben: “One of the original Peenemunde rocket scientists on Von Braun’s team was Ernst Stuhlinger, who moved his family to what would become Marshall Spaceflight Center in Alabama. Ernst was close to Von Braun and worked on a lot of the early projects. In the later years of the US space program, both Ernst and Von Braun had dreams of expanding beyond the moon and sending craft deeper into the solar system, specifically Mars. One of Ernst’s concepts involved solar powered craft that would use Cesium ion thrusters to achieve a very high payload fraction delivered from Earth C3 to Mars injection orbit. This was an early solar electric propulsion concept that would ultimately never fly due to the wind down of budgets.”

And now, with the modern revival of a Mars program, the SpaceX Marslink satellites take us from dream to dream.

I borrow this phrase form the closing of Andrew Chaiken’s A Man on the Moon: “Historians of the far future may look back on Apollo and the missions that are yet to come as one great Age of Space Exploration.  But in my mind’s eye it is a slow dissolve, from memory to anticipation, from what has been to what will be, from dream to dream.”
[Musk]: The Starlink ion thruster is a marvel of engineering",quote,0.0026804425789421,0.1197055461060145,0.0465800407104815,10,1,False,True,neutral,0.0,['🚀'],[],none,False,none,agrees,DOGE,0.3245,0.3369,0.3369,0.3369,0.3341,0.3154,146626027.24,0.0,-0.8311071534579902,-6.381715642623914
1871162257507520932,Your tax dollars are being wasted on nothing,27485.0,9120.0,147605.0,917.0,53601669.0,2024-12-23 11:53:41+00:00,False,2110.0,,False,True,False,"More than 75% of federal office space sits vacant—with only 6% of federal employees working in-person on a regular basis. 

Taxpayers are paying to keep the lights on when nobody’s home. 

Sounds like a job for @DOGE.",RepAndyBiggsAZ,980685.0,"[Quoting @RepAndyBiggsAZ]: More than 75% of federal office space sits vacant—with only 6% of federal employees working in-person on a regular basis. 

Taxpayers are paying to keep the lights on when nobody’s home. 

Sounds like a job for @DOGE.
[Musk]: Your tax dollars are being wasted on nothing",quote,0.0034537543970878,0.1862064293214999,0.0617865248467192,11,0,False,True,positive,0.3,['doge'],"[""DOGE""]",endorsement,False,none,agrees,DOGE,0.3123,0.3245,0.3245,0.3369,0.3369,0.3134,220234103.79,3.821263482280421,3.821263482280421,-3.420647149460708
1870899562258276537,Starship flights in 2025 will sooo awesome,15485.0,5420.0,144343.0,632.0,42367922.0,2024-12-22 18:29:49+00:00,False,2388.0,,False,True,False,Starships 2025 gonna be wicked🔥🚀 https://t.co/ymSKSvfiDo,DogecoinNorway,39628.0,"[Quoting @DogecoinNorway]: Starships 2025 gonna be wicked🔥🚀 https://t.co/ymSKSvfiDo
[Musk]: Starship flights in 2025 will sooo awesome",quote,0.0039152262412114,0.1072791891536132,0.0375494481893822,18,6,False,True,positive,0.7,['🚀'],"[""DOGE""]",none,False,none,agrees,DOGE,0.3123,0.3245,0.3245,0.3245,0.3369,0.3134,220234103.79,0.0,3.821263482280421,-3.420647149460708
1869972020349292897,Yeah,6266.0,3021.0,36549.0,194.0,7670902.0,2024-12-20 05:04:06+00:00,False,539.0,,False,True,False,"Elon Musk: Entrenched interests will be grumpy about DOGE, but the American people will be very happy.

“The Department of Government Efficiency is really going to take a look at all the federal expenditures and say, if you're not getting great value for money for your hard-earned tax dollars, cancel it.

I would like to say it's a hard job, but actually it's not, because there's so much waste. I actually think this is a fairly easy job.

Although it will get a lot of opposition, naturally, from the entrenched interests that get the money and do nothing good with it. They'll be grumpy about it.

But the American people will be very happy that their tax dollars are being spent in a much more sensible way.”

Pittsburgh, October 20, 2024",ElonClipsX,146657.0,"[Quoting @ElonClipsX]: Elon Musk: Entrenched interests will be grumpy about DOGE, but the American people will be very happy.

“The Department of Government Efficiency is really going to take a look at all the federal expenditures and say, if you're not getting great value for money for your hard-earned tax dollars, cancel it.

I would like to say it's a hard job, but actually it's not, because there's so much waste. I actually think this is a fairly easy job.

Although it will get a lot of opposition, naturally, from the entrenched interests that get the money and do nothing good with it. They'll be grumpy about it.

But the American people will be very happy that their tax dollars are being spent in a much more sensible way.”

Pittsburgh, October 20, 2024
[Musk]: Yeah",quote,0.0060005981043689,0.1714410790992913,0.0826561602232619,5,4,False,True,positive,0.7,['doge'],"[""DOGE""]",endorsement,True,buy,agrees,DOGE,0.314,0.3177,0.3177,0.3177,0.3202,0.3114,613896691.68,0.0,0.7869058860560284,-1.983002832861181
1869841987299618925,@Jason @DOGE Yeah,43.0,68.0,890.0,4.0,42716.0,2024-12-19 20:27:24+00:00,True,12.0,Jason,False,False,False,,,,@Jason @DOGE Yeah,reply,0.0235274838468021,0.048314606741573,0.0764044943820224,20,3,True,True,positive,0.6,['doge'],"[""DOGE""]",endorsement,True,buy,,DOGE,0.314,0.3177,0.3177,0.3177,0.3202,0.3114,613896691.68,0.0,0.7869058860560284,-1.983002832861181
1869485580276629975,"Actions matter, sweet talk is irrelevant. 

Kill the Bill.",6387.0,1617.0,44463.0,237.0,16783989.0,2024-12-18 20:51:10+00:00,False,542.0,,False,True,False,"Having gone through this exact set of issues with @SpeakerJohnson multiple times before here’s how this movie goes @elonmusk 

First he will lie to you and say he will fight the actual fight NEXT TIME 

Then he will claim he agrees with the concerns conservatives are raising and the issues are real and he totally understands 

Then he will text or call you and try to “talk it through” or “explain” things

But he will always do what the swamp wants when push comes to shove

We went through this with spending fights with him twice already (spring and again in the fall and now here we are again)

We went through this with with FISA in the spring

We went through this with Ukraine aid in the summer

Isn’t it the opposite of the very definition of efficiency to keep doing the same thing over and over again but expecting a different result? At a certain point, Mike Johnson remaining Speaker of the House is in and of itself at odds with the stated purpose of the Department of Government Efficiency @doge

So eventually we hit a breaking point where he has to go — the easiest time to do it leverage wise would be at the regularly scheduled speakership election on Jan. 3 because you don’t need to first go through a motion to vacate. The new Congress begins with a vacant chair! So just start fresh!",mboyle1,50745.0,"[Quoting @mboyle1]: Having gone through this exact set of issues with @SpeakerJohnson multiple times before here’s how this movie goes @elonmusk 

First he will lie to you and say he will fight the actual fight NEXT TIME 

Then he will claim he agrees with the concerns conservatives are raising and the issues are real and he totally understands 

Then he will text or call you and try to “talk it through” or “explain” things

But he will always do what the swamp wants when push comes to shove

We went through this with spending fights with him twice already (spring and again in the fall and now here we are again)

We went through this with with FISA in the spring

We went through this with Ukraine aid in the summer

Isn’t it the opposite of the very definition of efficiency to keep doing the same thing over and over again but expecting a different result? At a certain point, Mike Johnson remaining Speaker of the House is in and of itself at odds with the stated purpose of the Department of Government Efficiency @doge

So eventually we hit a breaking point where he has to go — the easiest time to do it leverage wise would be at the regularly scheduled speakership election on Jan. 3 because you don’t need to first go through a motion to vacate. The new Congress begins with a vacant chair! So just start fresh!
[Musk]: Actions matter, sweet talk is irrelevant. 

Kill the Bill.",quote,0.0031401355184396,0.1436475271574117,0.0363673166453005,20,2,True,True,neutral,0.0,['doge'],"[""DOGE""]",regulatory,False,none,agrees,DOGE,0.3581,0.314,0.314,0.314,0.3177,0.3124,530735051.67,0.0,1.17834394904458,-0.5095541401273854
1869481504575012962,"Unless @DOGE ends the careers of deceitful, pork-barrel politicians, the waste and corruption will never stop. 

Therefore, there is no choice but to do so.

I wish there was another way, but there is not.",58079.0,27276.0,358160.0,4728.0,41318830.0,2024-12-18 20:34:58+00:00,False,6257.0,,False,False,False,,,,"Unless @DOGE ends the careers of deceitful, pork-barrel politicians, the waste and corruption will never stop. 

Therefore, there is no choice but to do so.

I wish there was another way, but there is not.",original,0.0108483952715989,0.1621593701139155,0.0761559079740897,20,2,True,True,positive,0.7,['doge'],"[""DOGE""]",endorsement,True,buy,,DOGE,0.3581,0.314,0.314,0.314,0.3177,0.3124,530735051.67,0.0,1.17834394904458,-0.5095541401273854
1869469416112722272,Stop the steal of your tax dollars!,7334.0,1493.0,43292.0,238.0,18896406.0,2024-12-18 19:46:56+00:00,False,427.0,,False,True,False,"The 1,547-page, $110+ Billion House “Continuing Resolution” meant to avert a government shutdown includes:

-A pay increase for members of Congress from $174,000 to $243,000 per year.
-A new football stadium in D.C.
-72 pages of “Pandemic Preparedness and Response” policy
- Renewal of the “Global Engagement Center”, which is currently being sued for censorship

Sources: 
https://t.co/u3vHR2uamp

https://t.co/FkJjkzDMdl",DOGE,4255186.0,"[Quoting @DOGE]: The 1,547-page, $110+ Billion House “Continuing Resolution” meant to avert a government shutdown includes:

-A pay increase for members of Congress from $174,000 to $243,000 per year.
-A new football stadium in D.C.
-72 pages of “Pandemic Preparedness and Response” policy
- Renewal of the “Global Engagement Center”, which is currently being sued for censorship

Sources: 
https://t.co/u3vHR2uamp

https://t.co/FkJjkzDMdl
[Musk]: Stop the steal of your tax dollars!",quote,0.0027707385203302,0.1694077427700268,0.0344867411992977,19,2,True,True,neutral,0.0,['doge'],"[""DOGE""]",none,False,none,agrees,DOGE,0.3581,0.314,0.314,0.314,0.3177,0.3124,530735051.67,0.0,1.17834394904458,-0.5095541401273854
1869460138589073818,Absolutely,5263.0,840.0,35399.0,78.0,5245446.0,2024-12-18 19:10:04+00:00,False,207.0,,False,True,False,"This omnibus is the very thing the incoming Department of Government Efficiency is trying to put an end to.

A vote for this monstrosity is a vote against DOGE.",RepEricBurlison,43722.0,"[Quoting @RepEricBurlison]: This omnibus is the very thing the incoming Department of Government Efficiency is trying to put an end to.

A vote for this monstrosity is a vote against DOGE.
[Musk]: Absolutely",quote,0.0079268759987234,0.1486765162857707,0.0237294838837255,19,2,True,True,positive,0.6,['doge'],"[""DOGE""]",endorsement,False,none,agrees,DOGE,0.3581,0.314,0.314,0.314,0.3177,0.3124,530735051.67,0.0,1.17834394904458,-0.5095541401273854
1869452150704898182,This is an outrage,2908.0,939.0,20557.0,76.0,6232209.0,2024-12-18 18:38:20+00:00,False,174.0,,False,True,False,"""We're going to cut spending like there is no tomorrow, DOGE DOGE DOGE everything DOGE""

Then at the very first leverage point following the big election win, they actually INCREASE spending from the record inflationary baseline.",RMConservative,226496.0,"[Quoting @RMConservative]: ""We're going to cut spending like there is no tomorrow, DOGE DOGE DOGE everything DOGE""

Then at the very first leverage point following the big election win, they actually INCREASE spending from the record inflationary baseline.
[Musk]: This is an outrage",quote,0.0039279812342622,0.1414603298146616,0.0456778712847205,18,2,True,True,positive,0.6,['doge'],"[""DOGE""]",endorsement,True,buy,agrees,DOGE,0.3581,0.314,0.314,0.314,0.3177,0.3124,530735051.67,0.0,1.17834394904458,-0.5095541401273854
1869443894070686162,"The more I learn, the more obvious it becomes that this spending bill is a crime.

It even includes funding for the worst illegal censorship operation in the entire government (GEC)!!",30916.0,4068.0,127055.0,886.0,18684155.0,2024-12-18 18:05:31+00:00,False,2258.0,,False,True,False,"I wanted to read the full 1,500+ page bill & speak with key leaders before forming an opinion. Having done that, here's my view: it's full of excessive spending, special interest giveaways & pork barrel politics. If Congress wants to get serious about government efficiency, they should VOTE NO.

Keeping the government open until March 14 will cost ~$380BN by itself, but the true cost of this omnibus CR is far greater due to new spending. Renewing the Farm Bill for an extra year: ~$130BN. Disaster relief: $100BN. Stimulus for farmers: $10BN. The Francis Scott Key Bridge replacement: $8BN. The proposal adds at least 65 cents of new spending for every dollar of continued discretionary spending.

The legislation will end up hurting many of the people it purports to help. Debt-fueled spending sprees may ""feel good"" today, but it's like showering cocaine on an addict: it's not compassion, it's cruelty. Farmers will see more land sold to foreign buyers when taxes inevitably rise to meet our obligations. Our children will be saddled with crippling debt. Interest payments will be the largest item in our national budget.

Congress has known about this deadline since they created it in late September. There's no reason why this couldn't have gone through the standard process, instead of being rushed to a vote right before Congressmen want to go home for the holidays. The urgency is 100% manufactured & designed to avoid serious public debate.  

The bill could have easily been under 20 pages. Instead, there are dozens of unrelated policy items crammed into the 1,547 pages of this bill. There's no legitimate reason for them to be voted on as a package deal by a lame-duck Congress. 72 pages worth of “Pandemic Preparedness and Response” policy; renewal of the much-criticized ""Global Engagement Center,"" a key player in the federal censorship state; 17 different pieces of Commerce legislation; paving the way for a new football stadium in D.C.; a pay raise for Congressmen & Senators and making them eligible for Federal Employee Health Benefits. It's indefensible to ram these measures through at the last second without debate.

We're grateful for DOGE's warm reception on Capitol Hill. Nearly everyone agrees we need a smaller & more streamlined federal government, but actions speak louder than words. This is an early test. The bill should fail.",VivekGRamaswamy,3661352.0,"[Quoting @VivekGRamaswamy]: I wanted to read the full 1,500+ page bill & speak with key leaders before forming an opinion. Having done that, here's my view: it's full of excessive spending, special interest giveaways & pork barrel politics. If Congress wants to get serious about government efficiency, they should VOTE NO.

Keeping the government open until March 14 will cost ~$380BN by itself, but the true cost of this omnibus CR is far greater due to new spending. Renewing the Farm Bill for an extra year: ~$130BN. Disaster relief: $100BN. Stimulus for farmers: $10BN. The Francis Scott Key Bridge replacement: $8BN. The proposal adds at least 65 cents of new spending for every dollar of continued discretionary spending.

The legislation will end up hurting many of the people it purports to help. Debt-fueled spending sprees may ""feel good"" today, but it's like showering cocaine on an addict: it's not compassion, it's cruelty. Farmers will see more land sold to foreign buyers when taxes inevitably rise to meet our obligations. Our children will be saddled with crippling debt. Interest payments will be the largest item in our national budget.

Congress has known about this deadline since they created it in late September. There's no reason why this couldn't have gone through the standard process, instead of being rushed to a vote right before Congressmen want to go home for the holidays. The urgency is 100% manufactured & designed to avoid serious public debate.  

The bill could have easily been under 20 pages. Instead, there are dozens of unrelated policy items crammed into the 1,547 pages of this bill. There's no legitimate reason for them to be voted on as a package deal by a lame-duck Congress. 72 pages worth of “Pandemic Preparedness and Response” policy; renewal of the much-criticized ""Global Engagement Center,"" a key player in the federal censorship state; 17 different pieces of Commerce legislation; paving the way for a new football stadium in D.C.; a pay raise for Congressmen & Senators and making them eligible for Federal Employee Health Benefits. It's indefensible to ram these measures through at the last second without debate.

We're grateful for DOGE's warm reception on Capitol Hill. Nearly everyone agrees we need a smaller & more streamlined federal government, but actions speak louder than words. This is an early test. The bill should fail.
[Musk]: The more I learn, the more obvious it becomes that this spending bill is a crime.

It even includes funding for the worst illegal censorship operation in the entire government (GEC)!!",quote,0.0087199554916987,0.2433276927314942,0.0320176301601668,18,2,True,True,neutral,0.0,['doge'],[],none,False,none,agrees,DOGE,0.3581,0.314,0.314,0.314,0.3177,0.3124,530735051.67,0.0,1.17834394904458,-0.5095541401273854
1868854088307540142,"DOGE
 https://t.co/yutMSaMNeI",13929.0,4121.0,108209.0,591.0,30923395.0,2024-12-17 03:01:50+00:00,False,6281.0,,False,False,False,,,,"DOGE
 https://t.co/yutMSaMNeI",original,0.0041020722336599,0.1287231191490541,0.0380837083791551,3,1,False,True,positive,0.7,['doge'],"[""DOGE""]",endorsement,True,buy,,DOGE,0.402,0.3942,0.3942,0.3942,0.3581,0.3369,130592397.81,0.0,-9.157787924911217,-14.535768645357692
1868819667135217781,@MikeBenzCyber @DOGE Interesting,68.0,51.0,797.0,5.0,39948.0,2024-12-17 00:45:04+00:00,True,19.0,MikeBenzCyber,False,False,False,,,,@MikeBenzCyber @DOGE Interesting,reply,0.0230549714629017,0.0853199498117942,0.0639899623588456,0,1,False,True,positive,0.3,['doge'],"[""DOGE""]",endorsement,False,none,,DOGE,0.402,0.3942,0.3942,0.3942,0.3581,0.3369,130592397.81,0.0,-9.157787924911217,-14.535768645357692
1868554808778690819,True,3766.0,2625.0,35989.0,130.0,27309249.0,2024-12-16 07:12:37+00:00,False,1104.0,,False,True,False,"Few know the more you use X the more Grok becomes the most POWERFUL tool in AI today.

I will demonstrate this.

I have a series of Grok based SuperPrompts I use with the new Grok 2 to evaluate news and current events customized to me and how I think.

Here is one of them:

Grok Super Prompt:

“When you answer my questions you must consider everything you know about me from my X feed, this includes postings, retweets, likes and responses to form a context of what would be the best and most accurate answer. It is important to discover novel and unique things within and decent to all you know about me. It is very important to cite why you made each suggestion with a link to those  postings and websites.  Your job, that you always do very well is to help expand my knowledge. To make me smarter. My question is ___________?”

Instructions: fill in ____ with a question.

Grok response:

“Given your interest in various technologies and phenomena as reflected in your X feed, here's how you might respond to the drone sightings in the news, tailored to your interests and activities:

Technological Curiosity and Investigation: 
-Investigate Detection Technology: You've shown an interest in unique technologies, such as the use of old transistor or tube AM radios for detecting unidentified objects (your post from [06:41 PM on December 15, 2024](https://t.co/TQ93nN0BEC)). This might lead you to explore how similar low-tech solutions could be used to detect or study the drones, potentially offering a fresh perspective on the issue.

-Visual Analysis: Your fascination with photography, as noted with your appreciation for Maria Passer's work (posted at [11:15 AM on December 16, 2024](https://t.co/TQ93nN0BEC)), could push you to analyze or collect visual evidence of these drones. You might look into the optics or imaging technology used to capture these sightings more clearly for public or personal analysis.

Historical and Cultural Context:
-Historical Parallels: Given your interest in historical narratives and human behavior, as seen in your post about ""Jack and the hummingbird"" (at [12:23 AM on December 16, 2024](https://t.co/TQ93nN0BEC)), you might delve into historical instances where similar phenomena were reported, drawing parallels to current events. This could provide insights into human perception and reaction to unexplained aerial phenomena.

AI and Data Analysis:
-Data Aggregation and AI Analysis:Your involvement in training AI on diverse media (from [10:58 PM on December 15, 2024](https://t.co/TQ93nN0BEC)) suggests you might use AI to analyze patterns in drone sightings data, perhaps to predict future occurrences or understand their behavior better. This could involve creating or collaborating on AI models that learn from the patterns of these sightings.

Public Engagement and Education:
-Educational Content: Knowing your interest in educating others about technology's potential (as hinted in your posts about Bitcoin's value), you could create content on X or other platforms about the implications of drone technology in modern society, discussing privacy, security, and the regulatory environment. 

-Community Response: Your engagement with your followers might lead you to organize or participate in community discussions or forums about these drone sightings, fostering a collective understanding or even citizen science projects.

Privacy and Security Concerns:
- Legal and Ethical Implications: Your posts often touch on societal issues, like the practice of ""wintering babies"" (from [11:47 PM on December 15, 2024](https://t.co/TQ93nN0BEC)). You might extend this critical thinking to the drones, discussing the implications for personal privacy, national security, and the need for new laws or regulations.

Conclusion:
Your response to the drone sightings would likely be multifaceted, combining your technological curiosity, historical insights, data analysis skills, and a commitment to public education.

Link: https://t.co/EV0OjEz1wX",BrianRoemmele,359964.0,"[Quoting @BrianRoemmele]: Few know the more you use X the more Grok becomes the most POWERFUL tool in AI today.

I will demonstrate this.

I have a series of Grok based SuperPrompts I use with the new Grok 2 to evaluate news and current events customized to me and how I think.

Here is one of them:

Grok Super Prompt:

“When you answer my questions you must consider everything you know about me from my X feed, this includes postings, retweets, likes and responses to form a context of what would be the best and most accurate answer. It is important to discover novel and unique things within and decent to all you know about me. It is very important to cite why you made each suggestion with a link to those  postings and websites.  Your job, that you always do very well is to help expand my knowledge. To make me smarter. My question is ___________?”

Instructions: fill in ____ with a question.

Grok response:

“Given your interest in various technologies and phenomena as reflected in your X feed, here's how you might respond to the drone sightings in the news, tailored to your interests and activities:

Technological Curiosity and Investigation: 
-Investigate Detection Technology: You've shown an interest in unique technologies, such as the use of old transistor or tube AM radios for detecting unidentified objects (your post from [06:41 PM on December 15, 2024](https://t.co/TQ93nN0BEC)). This might lead you to explore how similar low-tech solutions could be used to detect or study the drones, potentially offering a fresh perspective on the issue.

-Visual Analysis: Your fascination with photography, as noted with your appreciation for Maria Passer's work (posted at [11:15 AM on December 16, 2024](https://t.co/TQ93nN0BEC)), could push you to analyze or collect visual evidence of these drones. You might look into the optics or imaging technology used to capture these sightings more clearly for public or personal analysis.

Historical and Cultural Context:
-Historical Parallels: Given your interest in historical narratives and human behavior, as seen in your post about ""Jack and the hummingbird"" (at [12:23 AM on December 16, 2024](https://t.co/TQ93nN0BEC)), you might delve into historical instances where similar phenomena were reported, drawing parallels to current events. This could provide insights into human perception and reaction to unexplained aerial phenomena.

AI and Data Analysis:
-Data Aggregation and AI Analysis:Your involvement in training AI on diverse media (from [10:58 PM on December 15, 2024](https://t.co/TQ93nN0BEC)) suggests you might use AI to analyze patterns in drone sightings data, perhaps to predict future occurrences or understand their behavior better. This could involve creating or collaborating on AI models that learn from the patterns of these sightings.

Public Engagement and Education:
-Educational Content: Knowing your interest in educating others about technology's potential (as hinted in your posts about Bitcoin's value), you could create content on X or other platforms about the implications of drone technology in modern society, discussing privacy, security, and the regulatory environment. 

-Community Response: Your engagement with your followers might lead you to organize or participate in community discussions or forums about these drone sightings, fostering a collective understanding or even citizen science projects.

Privacy and Security Concerns:
- Legal and Ethical Implications: Your posts often touch on societal issues, like the practice of ""wintering babies"" (from [11:47 PM on December 15, 2024](https://t.co/TQ93nN0BEC)). You might extend this critical thinking to the drones, discussing the implications for personal privacy, national security, and the need for new laws or regulations.

Conclusion:
Your response to the drone sightings would likely be multifaceted, combining your technological curiosity, historical insights, data analysis skills, and a commitment to public education.

Link: https://t.co/EV0OjEz1wX
[Musk]: True",quote,0.0015566154894995,0.1046430853872016,0.0729389535691461,7,0,False,True,neutral,0.0,['bitcoin'],[],none,False,none,agrees,DOGE,0.4064,0.402,0.402,0.402,0.3942,0.3245,201906885.94,0.0,-1.9402985074626937,-19.27860696517413
1868351588601139490,"Yes, if action is not taken to curb the deficit, America is in deep trouble. 

No different than a person who gets into too much debt.",17323.0,18687.0,109009.0,749.0,34692757.0,2024-12-15 17:45:05+00:00,False,1956.0,,False,True,False,We need @DOGE https://t.co/lZYjQFH7ld,MichaelDell,770035.0,"[Quoting @MichaelDell]: We need @DOGE https://t.co/lZYjQFH7ld
[Musk]: Yes, if action is not taken to curb the deficit, America is in deep trouble. 

No different than a person who gets into too much debt.",quote,0.0042016839422707,0.1589134842077259,0.171426212514563,17,6,False,True,neutral,0.0,['doge'],"[""DOGE""]",market_commentary,False,none,agrees,DOGE,0.4064,0.402,0.402,0.402,0.3942,0.3245,201906885.94,0.0,-1.9402985074626937,-19.27860696517413
1867727851203817480,This is not even the tip of the iceberg. Taxpayers are going to be mad as hell when they learn more!,34393.0,4665.0,166866.0,609.0,37302504.0,2024-12-14 00:26:35+00:00,False,4699.0,,False,True,False,DC Residents said they were not fans of DOGE until they learned how the government spends their tax dollars. https://t.co/VLkhBuqAd1,DefiyantlyFree,920865.0,"[Quoting @DefiyantlyFree]: DC Residents said they were not fans of DOGE until they learned how the government spends their tax dollars. https://t.co/VLkhBuqAd1
[Musk]: This is not even the tip of the iceberg. Taxpayers are going to be mad as hell when they learn more!",quote,0.005536706061341,0.206111490657174,0.0279565639495163,0,5,False,True,positive,0.6,['doge'],"[""DOGE""]",endorsement,False,none,amplifying,DOGE,0.4091,0.3982,0.3982,0.3982,0.4064,0.3202,143175192.89,0.0,2.0592667001506744,-19.58814665996987
1867528665438847252,It’s true,7758.0,1342.0,49940.0,100.0,27692824.0,2024-12-13 11:15:05+00:00,False,594.0,,False,True,False,"VIVEK: INVISIBLE TAXES ARE BIDEN'S LEGACY

Vivek calls out the economic policies he says are hurting Americans, pledging bold solutions with Elon and @DOGE.

""Debt-fueled government spending causes inflation which is an invisible tax.

Government overregulation depresses economic activity which is an invisible tax.

That is Biden’s legacy & now it’s our job to clean up the mess.""",MarioNawfal,2054233.0,"[Quoting @MarioNawfal]: VIVEK: INVISIBLE TAXES ARE BIDEN'S LEGACY

Vivek calls out the economic policies he says are hurting Americans, pledging bold solutions with Elon and @DOGE.

""Debt-fueled government spending causes inflation which is an invisible tax.

Government overregulation depresses economic activity which is an invisible tax.

That is Biden’s legacy & now it’s our job to clean up the mess.""
[Musk]: It’s true",quote,0.0021355712945707,0.1553464156988386,0.0268722466960352,11,4,False,True,neutral,0.0,['doge'],"[""DOGE""]",none,False,none,agrees,DOGE,0.4062,0.4091,0.4091,0.3982,0.3982,0.3177,294433964.04,-2.664385235883652,-2.664385235883652,-22.34172573942802
1867479072114348219,Peter is right on all counts,10849.0,6740.0,58581.0,425.0,32725300.0,2024-12-13 07:58:01+00:00,False,2314.0,,False,True,False,"Peter Thiel: The consensus in Washington is that DOGE is going nowhere, but I'd say you should never bet against Elon.

“The strong consensus view in the D.C. establishment is that this is going to go nowhere. That it's just absolutely impossible to fix things, and this is going to be a very frustrating dead end. 

The alternate view, I would say, is you should never bet against Elon. 

We all know there's an extraordinary amount of waste, and it is unsustainable. The 6% GDP deficits the US has cannot be sustained. They probably cannot even be sustained for even the rest of this decade. 

There are two ways to resolve them. You can cut spending and cut waste, or you can raise taxes massively. 

I take this election in the US for standing for the proposition we're not going to go the European-style socialist route of having massive tax hikes. That suggests you need to try something like the DOGE thing. And that's actually what is going to happen.”

Interview with @PiersUncensored, December 12, 2024",ElonClipsX,146639.0,"[Quoting @ElonClipsX]: Peter Thiel: The consensus in Washington is that DOGE is going nowhere, but I'd say you should never bet against Elon.

“The strong consensus view in the D.C. establishment is that this is going to go nowhere. That it's just absolutely impossible to fix things, and this is going to be a very frustrating dead end. 

The alternate view, I would say, is you should never bet against Elon. 

We all know there's an extraordinary amount of waste, and it is unsustainable. The 6% GDP deficits the US has cannot be sustained. They probably cannot even be sustained for even the rest of this decade. 

There are two ways to resolve them. You can cut spending and cut waste, or you can raise taxes massively. 

I take this election in the US for standing for the proposition we're not going to go the European-style socialist route of having massive tax hikes. That suggests you need to try something like the DOGE thing. And that's actually what is going to happen.”

Interview with @PiersUncensored, December 12, 2024
[Musk]: Peter is right on all counts",quote,0.0023405438605604,0.1851965654393062,0.1150543691640634,7,4,False,True,positive,0.8,['doge'],"[""DOGE""]",endorsement,True,buy,agrees,DOGE,0.4062,0.4091,0.4091,0.4091,0.3982,0.3177,294433964.04,0.0,-2.664385235883652,-22.34172573942802
1867455535693357558,@AmericaPapaBear @EndWokeness @DOGE It’s so insane 🤯,60.0,87.0,659.0,7.0,25131.0,2024-12-13 06:24:30+00:00,True,11.0,AmericaPapaBear,False,False,False,,,,@AmericaPapaBear @EndWokeness @DOGE It’s so insane 🤯,reply,0.0323504834666348,0.0910470409711684,0.1320182094081942,6,4,False,True,positive,0.6,['doge'],"[""DOGE""]",endorsement,True,buy,,DOGE,0.4062,0.4091,0.4091,0.4091,0.3982,0.3177,294433964.04,0.0,-2.664385235883652,-22.34172573942802
1867173148233236535,"@amuse @WallStreetMav Who let the @DOGE out? 😂

Sorry, couldn’t resist that joke. 

Yeah, doesn’t sound like they’re focused on their job.",128.0,192.0,1310.0,13.0,109747.0,2024-12-12 11:42:23+00:00,True,20.0,amuse,False,False,False,,,,"@amuse @WallStreetMav Who let the @DOGE out? 😂

Sorry, couldn’t resist that joke. 

Yeah, doesn’t sound like they’re focused on their job.",reply,0.0149707964682405,0.0977099236641221,0.1465648854961832,11,3,False,True,positive,0.3,['doge'],"[""DOGE""]",meme_joke,False,none,,DOGE,0.4143,0.4062,0.4062,0.4091,0.4091,0.314,242623120.66,0.7139340226489448,0.7139340226489448,-22.698178237321518
1867089978267693408,Let us know about wasteful government spending and unnecessary regulations!,10732.0,14838.0,70979.0,785.0,32287527.0,2024-12-12 06:11:54+00:00,False,1812.0,,False,True,False,"DOGE is undergoing a serious analysis of wasteful and burdensome regulations, and is looking for public feedback!  

Which are the really bad ones? Please DM us the CFR provision, the relevant text from the regulation, and the adverse consequences of said regulation.",DOGE,4255246.0,"[Quoting @DOGE]: DOGE is undergoing a serious analysis of wasteful and burdensome regulations, and is looking for public feedback!  

Which are the really bad ones? Please DM us the CFR provision, the relevant text from the regulation, and the adverse consequences of said regulation.
[Musk]: Let us know about wasteful government spending and unnecessary regulations!",quote,0.0030146006536827,0.1511996506008819,0.2090477465165753,6,3,False,True,positive,0.3,['doge'],"[""DOGE""]",regulatory,False,none,amplifying,DOGE,0.4143,0.4062,0.4062,0.4062,0.4091,0.314,242623120.66,0.0,0.7139340226489448,-22.698178237321518
1866926449162424648,@HSajwanization @VivekGRamaswamy @DOGE Cool,74.0,118.0,850.0,8.0,51780.0,2024-12-11 19:22:05+00:00,True,16.0,HSajwanization,False,False,False,,,,@HSajwanization @VivekGRamaswamy @DOGE Cool,reply,0.0202780996523754,0.0870588235294117,0.1388235294117647,19,2,True,True,positive,0.3,['doge'],"[""DOGE""]",endorsement,False,none,,DOGE,0.4143,0.4062,0.4062,0.4062,0.4091,0.314,242623120.66,0.0,0.7139340226489448,-22.698178237321518
1866571568266219998,This is awesome 🚀🇺🇸,38545.0,13108.0,303825.0,1843.0,69337475.0,2024-12-10 19:51:55+00:00,False,8580.0,,False,True,False,Bullish on America 🚀 https://t.co/elPlIomDsG,cb_doge,1284898.0,"[Quoting @cb_doge]: Bullish on America 🚀 https://t.co/elPlIomDsG
[Musk]: This is awesome 🚀🇺🇸",quote,0.0051533604302723,0.1268657944540442,0.0431432568090183,19,1,True,True,positive,0.7,['🚀'],"[""DOGE""]",endorsement,True,buy,agrees,DOGE,0.394,0.4143,0.4143,0.4143,0.4062,0.3581,362649953.97,0.0,-1.9551049963794345,-13.565049481052386
1866389430854172738,"Create awesome memes super fast using Grok!

Just tap on the square with the slash. https://t.co/o41mUudbzr",4106.0,7829.0,25547.0,529.0,28023484.0,2024-12-10 07:48:10+00:00,False,1324.0,,False,True,False,@xai Have you seen this?! Meme generation is highlighted as a feature! Elon knows what moves the world.🚀🚀🚀 https://t.co/vpFcAkJdct,huuep,63241.0,"[Quoting @huuep]: @xai Have you seen this?! Meme generation is highlighted as a feature! Elon knows what moves the world.🚀🚀🚀 https://t.co/vpFcAkJdct
[Musk]: Create awesome memes super fast using Grok!

Just tap on the square with the slash. https://t.co/o41mUudbzr",quote,0.0013563980838356,0.1607233726073511,0.3064547696402708,7,1,False,True,positive,0.7,['🚀'],[],product_launch,False,none,agrees,DOGE,0.4142,0.394,0.394,0.394,0.4143,0.3942,588656151.51,0.0,5.152284263959387,0.05076142131979136
1866338423252127764,Time to clean up this humongous mess!,15840.0,4825.0,108411.0,472.0,46936394.0,2024-12-10 04:25:29+00:00,False,1440.0,,False,True,False,"The Federal government spends 80% of its annual $100 billion IT budget on maintaining outdated systems.

Not only are older systems more expensive to maintain, but they are also more vulnerable to hackers.

Source: https://t.co/ghkkNy1Hro",DOGE,4255274.0,"[Quoting @DOGE]: The Federal government spends 80% of its annual $100 billion IT budget on maintaining outdated systems.

Not only are older systems more expensive to maintain, but they are also more vulnerable to hackers.

Source: https://t.co/ghkkNy1Hro
[Musk]: Time to clean up this humongous mess!",quote,0.0027600756888141,0.1461106345297064,0.0445065537629945,4,1,False,True,positive,0.6,['doge'],"[""DOGE""]",endorsement,True,buy,agrees,DOGE,0.4142,0.394,0.394,0.394,0.4143,0.3942,588656151.51,0.0,5.152284263959387,0.05076142131979136
1866333050415849562,@MarkPaoletta @realDonaldTrump @russvought @DOGE Congratulations!,52.0,53.0,758.0,3.0,30207.0,2024-12-10 04:04:08+00:00,True,14.0,MarkPaoletta,False,False,False,,,,@MarkPaoletta @realDonaldTrump @russvought @DOGE Congratulations!,reply,0.0286688515906909,0.0686015831134564,0.0699208443271767,4,1,False,True,positive,0.3,['doge'],"[""DOGE""]",endorsement,False,none,,DOGE,0.4142,0.394,0.394,0.394,0.4143,0.3942,588656151.51,0.0,5.152284263959387,0.05076142131979136
1866272797841867162,"The current administration is doing everything possible to prevent government efficiency, but @DOGE is inevitable",20438.0,4412.0,111680.0,473.0,37583163.0,2024-12-10 00:04:43+00:00,False,1305.0,,False,True,False,"EMERGENCY: Chuck Schumer is trying to ram through Dem activist Lauren McFerran for another term chairing the National Labor Relations Board—a very big deal. If successful, we will have a Dem Chair of the NLRB for the first 2 YEARS of Trump's Presidency. We need every GOP Senator to show up and block her!",charliekirk11,4697934.0,"[Quoting @charliekirk11]: EMERGENCY: Chuck Schumer is trying to ram through Dem activist Lauren McFerran for another term chairing the National Labor Relations Board—a very big deal. If successful, we will have a Dem Chair of the NLRB for the first 2 YEARS of Trump's Presidency. We need every GOP Senator to show up and block her!
[Musk]: The current administration is doing everything possible to prevent government efficiency, but @DOGE is inevitable",quote,0.0036453291597623,0.1830050143266475,0.0395057306590257,0,1,False,True,positive,0.6,['doge'],"[""DOGE""]",endorsement,True,buy,neutral,DOGE,0.4142,0.394,0.394,0.394,0.4143,0.3942,588656151.51,0.0,5.152284263959387,0.05076142131979136
1866138600892514717,This is so crazy,31842.0,11397.0,152089.0,1168.0,62925055.0,2024-12-09 15:11:28+00:00,False,3844.0,,False,True,False,"The White House: We’re unable to track $6.2 billion dollars sent to Ukraine.

California: We’re unable to track $24 billion dollars spent to combat homelessness.

The Pentagon: We’re unable to track $2.3 trillion dollars of military spending. 

The U.S. Treasury: We’re unable to track $5 trillion dollars of pandemic spending.

The IRS: We know you sent $601.57 to your friend, you better report it or you’re going to jail.

There’s a lot of material for @elonmusk and @VivekGRamaswamy at @DOGE for sure.

What are your thoughts?",alifarhat79,581941.0,"[Quoting @alifarhat79]: The White House: We’re unable to track $6.2 billion dollars sent to Ukraine.

California: We’re unable to track $24 billion dollars spent to combat homelessness.

The Pentagon: We’re unable to track $2.3 trillion dollars of military spending. 

The U.S. Treasury: We’re unable to track $5 trillion dollars of pandemic spending.

The IRS: We know you sent $601.57 to your friend, you better report it or you’re going to jail.

There’s a lot of material for @elonmusk and @VivekGRamaswamy at @DOGE for sure.

What are your thoughts?
[Musk]: This is so crazy",quote,0.0031226988995083,0.2093642538250629,0.0749363859319214,15,0,True,True,neutral,0.0,['doge'],"[""DOGE""]",regulatory,False,none,agrees,DOGE,0.4142,0.394,0.394,0.394,0.4143,0.3942,588656151.51,0.0,5.152284263959387,0.05076142131979136
1865597969241641142,Why are we doing this when our own country is so deeply in debt?,46949.0,37892.0,246832.0,3460.0,47959404.0,2024-12-08 03:23:11+00:00,False,6486.0,,False,True,False,"The United States gives more in aid to foreign countries than the next 9 countries combined.

Where exactly is that money going and how is it being spent? https://t.co/bNG0tGd8jc",DOGE,4255286.0,"[Quoting @DOGE]: The United States gives more in aid to foreign countries than the next 9 countries combined.

Where exactly is that money going and how is it being spent? https://t.co/bNG0tGd8jc
[Musk]: Why are we doing this when our own country is so deeply in debt?",quote,0.0069878474719994,0.1902062941595903,0.1535133208011927,3,6,False,True,neutral,0.0,['doge'],"[""DOGE""]",none,False,none,agrees,DOGE,0.4534,0.4668,0.4668,0.4668,0.4142,0.4064,429447703.65,0.0,-11.268209083119105,-12.93916023993145
1865341281284538845,"Power must return to the people. 

Rule of democracy, not rule of bureaucracy!",27190.0,6382.0,136314.0,894.0,21913647.0,2024-12-07 10:23:12+00:00,False,2020.0,,False,True,False,"CONGRESSMAN DAN MEUSER: DOGE COULD NOT HAVE COME SOON ENOUGH

“I was with Vivek and Elon yesterday for over an hour and a half, and there were so many ideas.

It got to the point we were laughing, we were shaking our heads. 

We just couldn't believe what was being dug up, what was being wasted.

It's about time. 

DOGE could not have come soon enough.

We're all going to dig in, and we're going to have great pro-growth economic policies, but we're also going to reduce the size and waste and fraud and abuse in our government.

We are becoming not a democracy, but a bureaucracy. 

That's going to change.”

Source: Dan Meuser on Fox News, December 6, 2024",MarioNawfal,2054232.0,"[Quoting @MarioNawfal]: CONGRESSMAN DAN MEUSER: DOGE COULD NOT HAVE COME SOON ENOUGH

“I was with Vivek and Elon yesterday for over an hour and a half, and there were so many ideas.

It got to the point we were laughing, we were shaking our heads. 

We just couldn't believe what was being dug up, what was being wasted.

It's about time. 

DOGE could not have come soon enough.

We're all going to dig in, and we're going to have great pro-growth economic policies, but we're also going to reduce the size and waste and fraud and abuse in our government.

We are becoming not a democracy, but a bureaucracy. 

That's going to change.”

Source: Dan Meuser on Fox News, December 6, 2024
[Musk]: Power must return to the people. 

Rule of democracy, not rule of bureaucracy!",quote,0.0077933171050898,0.1994659389351057,0.0468183752219141,10,5,False,True,positive,0.7,['doge'],"[""DOGE""]",endorsement,True,buy,agrees,DOGE,0.4354,0.4534,0.4534,0.4534,0.4668,0.3982,433944365.88,0.0,2.9554477282752463,-12.17468019408911
1865310578140487790,Ron is not wrong,50922.0,17757.0,321795.0,2895.0,40523212.0,2024-12-07 08:21:12+00:00,False,6367.0,,False,True,False,"DOGE Advisor Ron Paul has announced that one of his recommendations will be to totally ELIMINATE foreign aid.

""It’s taking money from the poor and middle class in the US and giving it to the rich in poor countries  - with a cut to the facilitators in between!""

It's about time we defunded the dictators all around the world. The billions we send overseas are responsible for the corrupt people remaining in office for so long.

Nothing our foreign policy establishment has done since World War II has benefitted us or the world at-large in any way.",BehizyTweets,626039.0,"[Quoting @BehizyTweets]: DOGE Advisor Ron Paul has announced that one of his recommendations will be to totally ELIMINATE foreign aid.

""It’s taking money from the poor and middle class in the US and giving it to the rich in poor countries  - with a cut to the facilitators in between!""

It's about time we defunded the dictators all around the world. The billions we send overseas are responsible for the corrupt people remaining in office for so long.

Nothing our foreign policy establishment has done since World War II has benefitted us or the world at-large in any way.
[Musk]: Ron is not wrong",quote,0.0097072512415847,0.1582436022933855,0.0551810935533491,8,5,False,True,neutral,0.0,['doge'],"[""DOGE""]",none,False,none,agrees,DOGE,0.4354,0.4534,0.4534,0.4534,0.4668,0.3982,433944365.88,0.0,2.9554477282752463,-12.17468019408911
1865305060307009884,Doge &amp; Minidoge,2290.0,2205.0,18033.0,387.0,2467186.0,2024-12-07 07:59:16+00:00,True,456.0,elonmusk,False,False,False,,,,Doge &amp; Minidoge,reply,0.0092879093834027,0.1269894083069927,0.1222758276493096,7,5,False,True,positive,0.6,['doge'],"[""DOGE""]",endorsement,True,buy,,DOGE,0.4354,0.4534,0.4534,0.4534,0.4668,0.3982,433944365.88,0.0,2.9554477282752463,-12.17468019408911
1865304282469216334,@teslaownersSV @DOGE I love this photo,70.0,174.0,1061.0,8.0,40961.0,2024-12-07 07:56:11+00:00,True,28.0,teslaownersSV,False,False,False,,,,@teslaownersSV @DOGE I love this photo,reply,0.0320548814726203,0.0659754948162111,0.1639962299717247,7,5,False,True,positive,0.6,['doge'],"[""DOGE""]",endorsement,False,none,,DOGE,0.4354,0.4534,0.4534,0.4534,0.4668,0.3982,433944365.88,0.0,2.9554477282752463,-12.17468019408911
1865300811753848841,"@teslaownersSV Seriously 😂

But @DOGE is actually going to do a lot of good.",85.0,129.0,881.0,10.0,36803.0,2024-12-07 07:42:23+00:00,True,24.0,teslaownersSV,False,False,False,,,,"@teslaownersSV Seriously 😂

But @DOGE is actually going to do a lot of good.",reply,0.030024726245143,0.0964812712826333,0.1464245175936435,7,5,False,True,positive,0.7,['doge'],"[""DOGE""]",endorsement,True,buy,,DOGE,0.4354,0.4534,0.4534,0.4534,0.4668,0.3982,433944365.88,0.0,2.9554477282752463,-12.17468019408911
1865282440836649098,"@DOGE does not fear the storm. 

It is the storm.",7073.0,2135.0,51758.0,438.0,2858505.0,2024-12-07 06:29:23+00:00,True,855.0,DOGE,False,True,False,"All the sudden Elon Musk is public enemy number one to all the corrupt life long bureaucrats who have been living off of American tax dollars for decades. 

Badge of honor.",DefiyantlyFree,920941.0,"[Quoting @DefiyantlyFree]: All the sudden Elon Musk is public enemy number one to all the corrupt life long bureaucrats who have been living off of American tax dollars for decades. 

Badge of honor.
[Musk]: @DOGE does not fear the storm. 

It is the storm.",quote,0.0214811588575146,0.1366552030603964,0.0412496618880173,6,5,False,True,positive,0.7,['doge'],"[""DOGE""]",endorsement,True,buy,agrees,DOGE,0.4354,0.4534,0.4534,0.4534,0.4668,0.3982,433944365.88,0.0,2.9554477282752463,-12.17468019408911
1865275336570646981,@BasedMikeLee @DOGE We should just generally get the government out of the way,167.0,188.0,1760.0,13.0,37560.0,2024-12-07 06:01:10+00:00,True,28.0,BasedMikeLee,False,False,False,,,,@BasedMikeLee @DOGE We should just generally get the government out of the way,reply,0.0566560170394036,0.0948863636363636,0.1068181818181818,6,5,False,True,neutral,0.0,['doge'],"[""DOGE""]",regulatory,False,none,,DOGE,0.4354,0.4534,0.4534,0.4534,0.4668,0.3982,433944365.88,0.0,2.9554477282752463,-12.17468019408911
1865178620060123639,@DOGE will address this with full transparency for the American people,7963.0,2633.0,49891.0,361.0,4030696.0,2024-12-06 23:36:51+00:00,True,1142.0,DOGE,False,True,False,"Here’s an easy one for @DOGE !
ELIMINATE foreign aid! It’s taking money from the poor and middle class in the US and giving it to the rich in poor countries  - with a cut to the facilitators in between! Americans don’t want their government to borrow more money to spend on foreign aid.
Besides, it is the immoral transfer of wealth and is unconstitutional.",RonPaul,1296374.0,"[Quoting @RonPaul]: Here’s an easy one for @DOGE !
ELIMINATE foreign aid! It’s taking money from the poor and middle class in the US and giving it to the rich in poor countries  - with a cut to the facilitators in between! Americans don’t want their government to borrow more money to spend on foreign aid.
Besides, it is the immoral transfer of wealth and is unconstitutional.
[Musk]: @DOGE will address this with full transparency for the American people",quote,0.0150961521285653,0.1596079453207993,0.0527750496081457,23,4,False,True,positive,0.4,['doge'],"[""DOGE""]",endorsement,False,none,agrees,DOGE,0.4354,0.4534,0.4534,0.4534,0.4668,0.3982,433944365.88,0.0,2.9554477282752463,-12.17468019408911
1864800873760592342,@SenJoniErnst @VivekGRamaswamy Thank you for your many years of hard work on improving government efficiency! Super helpful for @DOGE.,226.0,983.0,3371.0,49.0,190473.0,2024-12-05 22:35:49+00:00,True,35.0,SenJoniErnst,False,False,False,,,,@SenJoniErnst @VivekGRamaswamy Thank you for your many years of hard work on improving government efficiency! Super helpful for @DOGE.,reply,0.0243026570695059,0.0670424206466923,0.291604865025215,22,3,False,True,neutral,0.0,['doge'],[],none,False,none,,DOGE,0.4274,0.4354,0.4354,0.4354,0.4534,0.4091,344843994.57,0.0,4.134129536058801,-6.040422599908128
1864800603009949908,@DOGE &amp; DOGE Jr https://t.co/37dDwCqJhN,10582.0,5486.0,143283.0,861.0,5235118.0,2024-12-05 22:34:44+00:00,True,2402.0,DOGE,False,False,False,,,,@DOGE &amp; DOGE Jr https://t.co/37dDwCqJhN,reply,0.0306033216443258,0.0738538416978985,0.0382878638777803,22,3,False,True,positive,0.6,['doge'],"[""DOGE""]",endorsement,True,buy,,DOGE,0.4274,0.4354,0.4354,0.4354,0.4534,0.4091,344843994.57,0.0,4.134129536058801,-6.040422599908128
1864799932810478036,Excellent discussion about solving the national debt crisis,16930.0,5871.0,143720.0,578.0,38386858.0,2024-12-05 22:32:04+00:00,False,1996.0,,False,True,False,Great discussion today with @elonmusk on his goals for the @DOGE. Looking forward to working together to improve government efficiency and get America back on track. 🇺🇸 https://t.co/2lnH7YKTUt,LeaderJohnThune,303531.0,"[Quoting @LeaderJohnThune]: Great discussion today with @elonmusk on his goals for the @DOGE. Looking forward to working together to improve government efficiency and get America back on track. 🇺🇸 https://t.co/2lnH7YKTUt
[Musk]: Excellent discussion about solving the national debt crisis",quote,0.0043530262362186,0.1177984970776509,0.0408502644030058,22,3,False,True,neutral,0.0,['doge'],[],none,False,none,agrees,DOGE,0.4274,0.4354,0.4354,0.4354,0.4534,0.4091,344843994.57,0.0,4.134129536058801,-6.040422599908128
1864795421677080649,@MarshaBlackburn @DOGE Thank you!! 🇺🇸🇺🇸,178.0,112.0,2844.0,8.0,138899.0,2024-12-05 22:14:09+00:00,True,27.0,MarshaBlackburn,False,False,False,,,,@MarshaBlackburn @DOGE Thank you!! 🇺🇸🇺🇸,reply,0.0226207532091663,0.0625879043600562,0.0393811533052039,22,3,False,True,positive,0.6,['doge'],"[""DOGE""]",endorsement,False,none,,DOGE,0.4274,0.4354,0.4354,0.4354,0.4534,0.4091,344843994.57,0.0,4.134129536058801,-6.040422599908128
1864795211865436190,@BasedMikeLee @DOGE @VivekGRamaswamy @SpeakerJohnson Great meeting!,112.0,176.0,1909.0,8.0,48642.0,2024-12-05 22:13:19+00:00,True,24.0,BasedMikeLee,False,False,False,,,,@BasedMikeLee @DOGE @VivekGRamaswamy @SpeakerJohnson Great meeting!,reply,0.0453311952633526,0.0586694604504976,0.0921948664222105,22,3,False,True,positive,0.4,['doge'],"[""DOGE""]",partnership,False,none,,DOGE,0.4274,0.4354,0.4354,0.4354,0.4534,0.4091,344843994.57,0.0,4.134129536058801,-6.040422599908128
1864689839691452548,Much appreciated,4951.0,1730.0,49813.0,96.0,33040459.0,2024-12-05 15:14:36+00:00,False,607.0,,False,True,False,"I'm ready to work with @doge, @elonmusk + @VivekGRamaswamy  to slash waste. I have a track record of doing so. I led the charge to get TransDigm to refund $16 million after investigative reporting exposed price-gouging. Let's look to the Truman Committee and ensure Americans get their money's worth with DOD spending.",RoKhanna,342295.0,"[Quoting @RoKhanna]: I'm ready to work with @doge, @elonmusk + @VivekGRamaswamy  to slash waste. I have a track record of doing so. I led the charge to get TransDigm to refund $16 million after investigative reporting exposed price-gouging. Let's look to the Truman Committee and ensure Americans get their money's worth with DOD spending.
[Musk]: Much appreciated",quote,0.0017127486031595,0.0993917250516933,0.0347298897878063,15,3,True,True,positive,0.3,['doge'],"[""DOGE""]",partnership,False,none,agrees,DOGE,0.4274,0.4354,0.4354,0.4354,0.4534,0.4091,344843994.57,0.0,4.134129536058801,-6.040422599908128
1864495759510389101,@DJSnM The ISS requires a lot of care and feeding. Time to say goodbye and move on to the Moon and Mars.,114.0,228.0,2043.0,29.0,78630.0,2024-12-05 02:23:24+00:00,True,71.0,DJSnM,False,False,False,,,,@DJSnM The ISS requires a lot of care and feeding. Time to say goodbye and move on to the Moon and Mars.,reply,0.0307007503497392,0.0558002936857562,0.1116005873715124,2,3,False,True,neutral,0.0,['to the moon'],[],none,False,none,,DOGE,0.4333,0.4274,0.4274,0.4274,0.4354,0.4062,907198597.31,0.0,1.871782873186712,-4.960224613944781
1864487662276759582,Tax complexity looks like a rocket going to the Moon!,13537.0,7257.0,91385.0,639.0,25455566.0,2024-12-05 01:51:13+00:00,False,1905.0,,False,True,False,Why is this necessary? https://t.co/obPgqPSJGB,TheRabbitHole84,1008597.0,"[Quoting @TheRabbitHole84]: Why is this necessary? https://t.co/obPgqPSJGB
[Musk]: Tax complexity looks like a rocket going to the Moon!",quote,0.0044319580244257,0.1481315314329485,0.079411281939049,1,3,False,True,neutral,0.0,['to the moon'],[],none,False,none,neutral,DOGE,0.4333,0.4274,0.4274,0.4274,0.4354,0.4062,907198597.31,0.0,1.871782873186712,-4.960224613944781
1863767695491018989,The scale of spending on illegal immigration boggles the mind!,29542.0,7176.0,139019.0,851.0,61070571.0,2024-12-03 02:10:20+00:00,False,3398.0,,False,True,False,"In 2023 alone, illegal immigration cost taxpayers $150.7 billion.  To put this in context with other costs (adjusted for inflation): 
-World War I: $334 billion 
-Apollo Space Program: $257 billion 
-Manhattan Project: $30 billion 
-Panama Canal: $15.2 billion 
-Hoover Dam: $1 billion

Sources:
https://t.co/gmLYF1AhrM 
https://t.co/UarQUd4JfU
https://t.co/3TwYrE6xxS 
https://t.co/HVXBi7o66f
https://t.co/YXk5tmkUXv
https://t.co/SoEP9PDqte",DOGE,4255292.0,"[Quoting @DOGE]: In 2023 alone, illegal immigration cost taxpayers $150.7 billion.  To put this in context with other costs (adjusted for inflation): 
-World War I: $334 billion 
-Apollo Space Program: $257 billion 
-Manhattan Project: $30 billion 
-Panama Canal: $15.2 billion 
-Hoover Dam: $1 billion

Sources:
https://t.co/gmLYF1AhrM 
https://t.co/UarQUd4JfU
https://t.co/3TwYrE6xxS 
https://t.co/HVXBi7o66f
https://t.co/YXk5tmkUXv
https://t.co/SoEP9PDqte
[Musk]: The scale of spending on illegal immigration boggles the mind!",quote,0.0028915400185139,0.2125033268833756,0.0516188434674397,2,1,False,True,neutral,0.0,['doge'],"[""DOGE""]",none,False,none,amplifying,DOGE,0.4247,0.4066,0.4066,0.4066,0.4333,0.394,419284263.44,0.0,6.566650270536154,-3.0988686669945893
